"ESTACION_ID","NOMBRE_FGDA","NOMBRE_EST","MSFL_CODE","MED_CONCENTRACION_ESTANDAR","MED_FECHA_INICIO","MED_FECHA_FINAL","LATITUD","LONGITUD","ALTITUD","NOMBRE_UNIDAD","SIGLA_UNIDAD","DURACIÓN","CODIGO_DEPARTAMENTO","DEPARTAMENTO","CODIGO_MUNICIPIO","MUNICIPIO","TIPO_ESTACION"
"8258","CORTOLIMA","CORTOLIMA","PM10","35.55","2020 Feb 26 12:00:00 AM","2020 Feb 27 12:00:00 AM","4.433181","-75.211139","1,191","Microgramos por metro cúbico","ug/m3","1,440","73","Tolima","73001","Ibagué","Fija"
"8258","CORTOLIMA","CORTOLIMA","PM10","26.95","2020 Jun 25 12:00:00 AM","2020 Jun 26 12:00:00 AM","4.433181","-75.211139","1,191","Microgramos por metro cúbico","ug/m3","1,440","73","Tolima","73001","Ibagué","Fija"
"8258","CORTOLIMA","CORTOLIMA","PM10","17.72","2020 Apr 27 12:00:00 AM","2020 Apr 28 12:00:00 AM","4.433181","-75.211139","1,191","Microgramos por metro cúbico","ug/m3","1,440","73","Tolima","73001","Ibagué","Fija"
"8258","CORTOLIMA","CORTOLIMA","PM10","41.74","2020 Sep 23 12:00:00 AM","2020 Sep 24 12:00:00 AM","4.433181","-75.211139","1,191","Microgramos por metro cúbico","ug/m3","1,440","73","Tolima","73001","Ibagué","Fija"
"8258","CORTOLIMA","CORTOLIMA","PM10","33.49","2020 Aug 25 12:00:00 AM","2020 Aug 26 12:00:00 AM","4.433181","-75.211139","1,191","Microgramos por metro cúbico","ug/m3","1,440","73","Tolima","73001","Ibagué","Fija"
"8258","CORTOLIMA","CORTOLIMA","PM10","27.24","2020 Jun 05 12:00:00 AM","2020 Jun 06 12:00:00 AM","4.433181","-75.211139","1,191","Microgramos por metro cúbico","ug/m3","1,440","73","Tolima","73001","Ibagué","Fija"
"8258","CORTOLIMA","CORTOLIMA","PM10","31","2020 Sep 04 12:00:00 AM","2020 Sep 05 12:00:00 AM","4.433181","-75.211139","1,191","Microgramos por metro cúbico","ug/m3","1,440","73","Tolima","73001","Ibagué","Fija"
"8258","CORTOLIMA","CORTOLIMA","PM10","30.06","2020 May 20 12:00:00 AM","2020 May 21 12:00:00 AM","4.433181","-75.211139","1,191","Microgramos por metro cúbico","ug/m3","1,440","73","Tolima","73001","Ibagué","Fija"
"8258","CORTOLIMA","CORTOLIMA","PM10","40.1","2020 Aug 18 12:00:00 AM","2020 Aug 19 12:00:00 AM","4.433181","-75.211139","1,191","Microgramos por metro cúbico","ug/m3","1,440","73","Tolima","73001","Ibagué","Fija"
"8258","CORTOLIMA","CORTOLIMA","PM10","36.59","2020 Jan 17 12:00:00 AM","2020 Jan 18 12:00:00 AM","4.433181","-75.211139","1,191","Microgramos por metro cúbico","ug/m3","1,440","73","Tolima","73001","Ibagué","Fija"
"8258","CORTOLIMA","CORTOLIMA","PM10","26.89","2020 Nov 03 12:00:00 AM","2020 Nov 04 12:00:00 AM","4.433181","-75.211139","1,191","Microgramos por metro cúbico","ug/m3","1,440","73","Tolima","73001","Ibagué","Fija"
"8258","CORTOLIMA","CORTOLIMA","PM10","30.3","2020 Feb 16 12:00:00 AM","2020 Feb 17 12:00:00 AM","4.433181","-75.211139","1,191","Microgramos por metro cúbico","ug/m3","1,440","73","Tolima","73001","Ibagué","Fija"
"8258","CORTOLIMA","CORTOLIMA","PM10","33.29","2020 Oct 09 12:00:00 AM","2020 Oct 10 12:00:00 AM","4.433181","-75.211139","1,191","Microgramos por metro cúbico","ug/m3","1,440","73","Tolima","73001","Ibagué","Fija"
"8258","CORTOLIMA","CORTOLIMA","PM10","21.14","2020 Apr 06 12:00:00 AM","2020 Apr 07 12:00:00 AM","4.433181","-75.211139","1,191","Microgramos por metro cúbico","ug/m3","1,440","73","Tolima","73001","Ibagué","Fija"
"8258","CORTOLIMA","CORTOLIMA","PM10","28.8","2020 Aug 07 12:00:00 AM","2020 Aug 08 12:00:00 AM","4.433181","-75.211139","1,191","Microgramos por metro cúbico","ug/m3","1,440","73","Tolima","73001","Ibagué","Fija"
"8258","CORTOLIMA","CORTOLIMA","PM10","37.7","2020 Feb 04 12:00:00 AM","2020 Feb 05 12:00:00 AM","4.433181","-75.211139","1,191","Microgramos por metro cúbico","ug/m3","1,440","73","Tolima","73001","Ibagué","Fija"
"8258","CORTOLIMA","CORTOLIMA","PM10","27.87","2020 Nov 29 12:00:00 AM","2020 Nov 30 12:00:00 AM","4.433181","-75.211139","1,191","Microgramos por metro cúbico","ug/m3","1,440","73","Tolima","73001","Ibagué","Fija"
"8258","CORTOLIMA","CORTOLIMA","PM10","36.66","2020 Aug 13 12:00:00 AM","2020 Aug 14 12:00:00 AM","4.433181","-75.211139","1,191","Microgramos por metro cúbico","ug/m3","1,440","73","Tolima","73001","Ibagué","Fija"
"8258","CORTOLIMA","CORTOLIMA","PM10","28.87","2020 Jan 11 12:00:00 AM","2020 Jan 12 12:00:00 AM","4.433181","-75.211139","1,191","Microgramos por metro cúbico","ug/m3","1,440","73","Tolima","73001","Ibagué","Fija"
"8258","CORTOLIMA","CORTOLIMA","PM10","30.56","2020 Jun 01 12:00:00 AM","2020 Jun 02 12:00:00 AM","4.433181","-75.211139","1,191","Microgramos por metro cúbico","ug/m3","1,440","73","Tolima","73001","Ibagué","Fija"
"8258","CORTOLIMA","CORTOLIMA","PM10","34.38","2020 Aug 15 12:00:00 AM","2020 Aug 16 12:00:00 AM","4.433181","-75.211139","1,191","Microgramos por metro cúbico","ug/m3","1,440","73","Tolima","73001","Ibagué","Fija"
"8258","CORTOLIMA","CORTOLIMA","PM10","30.49","2020 Mar 14 12:00:00 AM","2020 Mar 15 12:00:00 AM","4.433181","-75.211139","1,191","Microgramos por metro cúbico","ug/m3","1,440","73","Tolima","73001","Ibagué","Fija"
"8258","CORTOLIMA","CORTOLIMA","PM10","37.06","2020 Feb 03 12:00:00 AM","2020 Feb 04 12:00:00 AM","4.433181","-75.211139","1,191","Microgramos por metro cúbico","ug/m3","1,440","73","Tolima","73001","Ibagué","Fija"
"8258","CORTOLIMA","CORTOLIMA","PM10","22.22","2020 Dec 07 12:00:00 AM","2020 Dec 08 12:00:00 AM","4.433181","-75.211139","1,191","Microgramos por metro cúbico","ug/m3","1,440","73","Tolima","73001","Ibagué","Fija"
"8258","CORTOLIMA","CORTOLIMA","PM10","20.87","2020 Apr 09 12:00:00 AM","2020 Apr 10 12:00:00 AM","4.433181","-75.211139","1,191","Microgramos por metro cúbico","ug/m3","1,440","73","Tolima","73001","Ibagué","Fija"
"8258","CORTOLIMA","CORTOLIMA","PM10","34.45","2020 Jan 04 12:00:00 AM","2020 Jan 05 12:00:00 AM","4.433181","-75.211139","1,191","Microgramos por metro cúbico","ug/m3","1,440","73","Tolima","73001","Ibagué","Fija"
"8258","CORTOLIMA","CORTOLIMA","PM10","30.85","2020 Mar 06 12:00:00 AM","2020 Mar 07 12:00:00 AM","4.433181","-75.211139","1,191","Microgramos por metro cúbico","ug/m3","1,440","73","Tolima","73001","Ibagué","Fija"
"8258","CORTOLIMA","CORTOLIMA","PM10","27.31","2020 Mar 27 12:00:00 AM","2020 Mar 28 12:00:00 AM","4.433181","-75.211139","1,191","Microgramos por metro cúbico","ug/m3","1,440","73","Tolima","73001","Ibagué","Fija"
"8258","CORTOLIMA","CORTOLIMA","PM10","26.28","2020 Nov 06 12:00:00 AM","2020 Nov 07 12:00:00 AM","4.433181","-75.211139","1,191","Microgramos por metro cúbico","ug/m3","1,440","73","Tolima","73001","Ibagué","Fija"
"8258","CORTOLIMA","CORTOLIMA","PM10","24.94","2020 Oct 23 12:00:00 AM","2020 Oct 24 12:00:00 AM","4.433181","-75.211139","1,191","Microgramos por metro cúbico","ug/m3","1,440","73","Tolima","73001","Ibagué","Fija"
"8258","CORTOLIMA","CORTOLIMA","PM10","37","2020 Jan 21 12:00:00 AM","2020 Jan 22 12:00:00 AM","4.433181","-75.211139","1,191","Microgramos por metro cúbico","ug/m3","1,440","73","Tolima","73001","Ibagué","Fija"
"8258","CORTOLIMA","CORTOLIMA","PM10","15.52","2020 Apr 26 12:00:00 AM","2020 Apr 27 12:00:00 AM","4.433181","-75.211139","1,191","Microgramos por metro cúbico","ug/m3","1,440","73","Tolima","73001","Ibagué","Fija"
"8258","CORTOLIMA","CORTOLIMA","PM10","27.42","2020 May 24 12:00:00 AM","2020 May 25 12:00:00 AM","4.433181","-75.211139","1,191","Microgramos por metro cúbico","ug/m3","1,440","73","Tolima","73001","Ibagué","Fija"
"8258","CORTOLIMA","CORTOLIMA","PM10","33.21","2020 Jun 19 12:00:00 AM","2020 Jun 20 12:00:00 AM","4.433181","-75.211139","1,191","Microgramos por metro cúbico","ug/m3","1,440","73","Tolima","73001","Ibagué","Fija"
"8258","CORTOLIMA","CORTOLIMA","PM10","28.66","2020 Feb 23 12:00:00 AM","2020 Feb 24 12:00:00 AM","4.433181","-75.211139","1,191","Microgramos por metro cúbico","ug/m3","1,440","73","Tolima","73001","Ibagué","Fija"
"8258","CORTOLIMA","CORTOLIMA","PM10","20.88","2020 Apr 01 12:00:00 AM","2020 Apr 02 12:00:00 AM","4.433181","-75.211139","1,191","Microgramos por metro cúbico","ug/m3","1,440","73","Tolima","73001","Ibagué","Fija"
"8258","CORTOLIMA","CORTOLIMA","PM10","30.91","2020 May 29 12:00:00 AM","2020 May 30 12:00:00 AM","4.433181","-75.211139","1,191","Microgramos por metro cúbico","ug/m3","1,440","73","Tolima","73001","Ibagué","Fija"
"8258","CORTOLIMA","CORTOLIMA","PM10","31.05","2020 Jun 29 12:00:00 AM","2020 Jun 30 12:00:00 AM","4.433181","-75.211139","1,191","Microgramos por metro cúbico","ug/m3","1,440","73","Tolima","73001","Ibagué","Fija"
"8258","CORTOLIMA","CORTOLIMA","PM10","26.7","2020 Dec 09 12:00:00 AM","2020 Dec 10 12:00:00 AM","4.433181","-75.211139","1,191","Microgramos por metro cúbico","ug/m3","1,440","73","Tolima","73001","Ibagué","Fija"
"8258","CORTOLIMA","CORTOLIMA","PM10","37.71","2020 Aug 17 12:00:00 AM","2020 Aug 18 12:00:00 AM","4.433181","-75.211139","1,191","Microgramos por metro cúbico","ug/m3","1,440","73","Tolima","73001","Ibagué","Fija"
"8258","CORTOLIMA","CORTOLIMA","PM10","30.89","2020 Dec 30 12:00:00 AM","2020 Dec 31 12:00:00 AM","4.433181","-75.211139","1,191","Microgramos por metro cúbico","ug/m3","1,440","73","Tolima","73001","Ibagué","Fija"
"8258","CORTOLIMA","CORTOLIMA","PM10","32.57","2020 Mar 13 12:00:00 AM","2020 Mar 14 12:00:00 AM","4.433181","-75.211139","1,191","Microgramos por metro cúbico","ug/m3","1,440","73","Tolima","73001","Ibagué","Fija"
"8258","CORTOLIMA","CORTOLIMA","PM10","39.57","2020 Aug 19 12:00:00 AM","2020 Aug 20 12:00:00 AM","4.433181","-75.211139","1,191","Microgramos por metro cúbico","ug/m3","1,440","73","Tolima","73001","Ibagué","Fija"
"8258","CORTOLIMA","CORTOLIMA","PM10","32.55","2020 Mar 05 12:00:00 AM","2020 Mar 06 12:00:00 AM","4.433181","-75.211139","1,191","Microgramos por metro cúbico","ug/m3","1,440","73","Tolima","73001","Ibagué","Fija"
"8258","CORTOLIMA","CORTOLIMA","PM10","26.95","2020 Dec 26 12:00:00 AM","2020 Dec 27 12:00:00 AM","4.433181","-75.211139","1,191","Microgramos por metro cúbico","ug/m3","1,440","73","Tolima","73001","Ibagué","Fija"
"8258","CORTOLIMA","CORTOLIMA","PM10","24.59","2020 May 12 12:00:00 AM","2020 May 13 12:00:00 AM","4.433181","-75.211139","1,191","Microgramos por metro cúbico","ug/m3","1,440","73","Tolima","73001","Ibagué","Fija"
"8258","CORTOLIMA","CORTOLIMA","PM10","22.61","2020 Dec 08 12:00:00 AM","2020 Dec 09 12:00:00 AM","4.433181","-75.211139","1,191","Microgramos por metro cúbico","ug/m3","1,440","73","Tolima","73001","Ibagué","Fija"
"8258","CORTOLIMA","CORTOLIMA","PM10","24.89","2020 Dec 20 12:00:00 AM","2020 Dec 21 12:00:00 AM","4.433181","-75.211139","1,191","Microgramos por metro cúbico","ug/m3","1,440","73","Tolima","73001","Ibagué","Fija"
"8258","CORTOLIMA","CORTOLIMA","PM10","35.78","2020 Feb 14 12:00:00 AM","2020 Feb 15 12:00:00 AM","4.433181","-75.211139","1,191","Microgramos por metro cúbico","ug/m3","1,440","73","Tolima","73001","Ibagué","Fija"
"8258","CORTOLIMA","CORTOLIMA","PM10","30.19","2020 Jun 24 12:00:00 AM","2020 Jun 25 12:00:00 AM","4.433181","-75.211139","1,191","Microgramos por metro cúbico","ug/m3","1,440","73","Tolima","73001","Ibagué","Fija"
"8258","CORTOLIMA","CORTOLIMA","PM10","24.72","2020 Jul 11 12:00:00 AM","2020 Jul 12 12:00:00 AM","4.433181","-75.211139","1,191","Microgramos por metro cúbico","ug/m3","1,440","73","Tolima","73001","Ibagué","Fija"
"8258","CORTOLIMA","CORTOLIMA","PM10","34.63","2020 Sep 16 12:00:00 AM","2020 Sep 17 12:00:00 AM","4.433181","-75.211139","1,191","Microgramos por metro cúbico","ug/m3","1,440","73","Tolima","73001","Ibagué","Fija"
"8258","CORTOLIMA","CORTOLIMA","PM10","38.1","2020 Sep 28 12:00:00 AM","2020 Sep 29 12:00:00 AM","4.433181","-75.211139","1,191","Microgramos por metro cúbico","ug/m3","1,440","73","Tolima","73001","Ibagué","Fija"
"8258","CORTOLIMA","CORTOLIMA","PM10","29.99","2020 Aug 04 12:00:00 AM","2020 Aug 05 12:00:00 AM","4.433181","-75.211139","1,191","Microgramos por metro cúbico","ug/m3","1,440","73","Tolima","73001","Ibagué","Fija"
"8258","CORTOLIMA","CORTOLIMA","PM10","36.32","2020 Sep 19 12:00:00 AM","2020 Sep 20 12:00:00 AM","4.433181","-75.211139","1,191","Microgramos por metro cúbico","ug/m3","1,440","73","Tolima","73001","Ibagué","Fija"
"8258","CORTOLIMA","CORTOLIMA","PM10","19.89","2020 May 01 12:00:00 AM","2020 May 02 12:00:00 AM","4.433181","-75.211139","1,191","Microgramos por metro cúbico","ug/m3","1,440","73","Tolima","73001","Ibagué","Fija"
"8258","CORTOLIMA","CORTOLIMA","PM10","24.08","2020 Jul 12 12:00:00 AM","2020 Jul 13 12:00:00 AM","4.433181","-75.211139","1,191","Microgramos por metro cúbico","ug/m3","1,440","73","Tolima","73001","Ibagué","Fija"
"8258","CORTOLIMA","CORTOLIMA","PM10","37.17","2020 Feb 10 12:00:00 AM","2020 Feb 11 12:00:00 AM","4.433181","-75.211139","1,191","Microgramos por metro cúbico","ug/m3","1,440","73","Tolima","73001","Ibagué","Fija"
"8258","CORTOLIMA","CORTOLIMA","PM10","27.37","2020 Jun 18 12:00:00 AM","2020 Jun 19 12:00:00 AM","4.433181","-75.211139","1,191","Microgramos por metro cúbico","ug/m3","1,440","73","Tolima","73001","Ibagué","Fija"
"8258","CORTOLIMA","CORTOLIMA","PM10","31.93","2020 Dec 23 12:00:00 AM","2020 Dec 24 12:00:00 AM","4.433181","-75.211139","1,191","Microgramos por metro cúbico","ug/m3","1,440","73","Tolima","73001","Ibagué","Fija"
"8258","CORTOLIMA","CORTOLIMA","PM10","31.66","2020 Oct 12 12:00:00 AM","2020 Oct 13 12:00:00 AM","4.433181","-75.211139","1,191","Microgramos por metro cúbico","ug/m3","1,440","73","Tolima","73001","Ibagué","Fija"
"8258","CORTOLIMA","CORTOLIMA","PM10","27.35","2020 Jun 02 12:00:00 AM","2020 Jun 03 12:00:00 AM","4.433181","-75.211139","1,191","Microgramos por metro cúbico","ug/m3","1,440","73","Tolima","73001","Ibagué","Fija"
"8258","CORTOLIMA","CORTOLIMA","PM10","39","2020 Feb 19 12:00:00 AM","2020 Feb 20 12:00:00 AM","4.433181","-75.211139","1,191","Microgramos por metro cúbico","ug/m3","1,440","73","Tolima","73001","Ibagué","Fija"
"31477","CORTOLIMA","POLICÍA DE CARRETERAS","PM10","26.87","2020 Jan 20 12:00:00 AM","2020 Jan 21 12:00:00 AM","4.435278","-75.202222","1,126","Microgramos por metro cúbico","ug/m3","1,440","73","Tolima","73001","Ibagué","Fija"
"8258","CORTOLIMA","CORTOLIMA","PM10","26.09","2020 May 14 12:00:00 AM","2020 May 15 12:00:00 AM","4.433181","-75.211139","1,191","Microgramos por metro cúbico","ug/m3","1,440","73","Tolima","73001","Ibagué","Fija"
"8258","CORTOLIMA","CORTOLIMA","PM10","24.56","2020 Oct 18 12:00:00 AM","2020 Oct 19 12:00:00 AM","4.433181","-75.211139","1,191","Microgramos por metro cúbico","ug/m3","1,440","73","Tolima","73001","Ibagué","Fija"
"8258","CORTOLIMA","CORTOLIMA","PM10","27.75","2020 Oct 27 12:00:00 AM","2020 Oct 28 12:00:00 AM","4.433181","-75.211139","1,191","Microgramos por metro cúbico","ug/m3","1,440","73","Tolima","73001","Ibagué","Fija"
"8258","CORTOLIMA","CORTOLIMA","PM10","30.53","2020 Feb 22 12:00:00 AM","2020 Feb 23 12:00:00 AM","4.433181","-75.211139","1,191","Microgramos por metro cúbico","ug/m3","1,440","73","Tolima","73001","Ibagué","Fija"
"8258","CORTOLIMA","CORTOLIMA","PM10","21.45","2020 May 07 12:00:00 AM","2020 May 08 12:00:00 AM","4.433181","-75.211139","1,191","Microgramos por metro cúbico","ug/m3","1,440","73","Tolima","73001","Ibagué","Fija"
"8258","CORTOLIMA","CORTOLIMA","PM10","28.1","2020 May 25 12:00:00 AM","2020 May 26 12:00:00 AM","4.433181","-75.211139","1,191","Microgramos por metro cúbico","ug/m3","1,440","73","Tolima","73001","Ibagué","Fija"
"8258","CORTOLIMA","CORTOLIMA","PM10","36.87","2020 Sep 25 12:00:00 AM","2020 Sep 26 12:00:00 AM","4.433181","-75.211139","1,191","Microgramos por metro cúbico","ug/m3","1,440","73","Tolima","73001","Ibagué","Fija"
"8258","CORTOLIMA","CORTOLIMA","PM10","41.46","2020 Jan 22 12:00:00 AM","2020 Jan 23 12:00:00 AM","4.433181","-75.211139","1,191","Microgramos por metro cúbico","ug/m3","1,440","73","Tolima","73001","Ibagué","Fija"
"8258","CORTOLIMA","CORTOLIMA","PM10","36.79","2020 Jan 30 12:00:00 AM","2020 Jan 31 12:00:00 AM","4.433181","-75.211139","1,191","Microgramos por metro cúbico","ug/m3","1,440","73","Tolima","73001","Ibagué","Fija"
"8258","CORTOLIMA","CORTOLIMA","PM10","21.2","2020 Apr 02 12:00:00 AM","2020 Apr 03 12:00:00 AM","4.433181","-75.211139","1,191","Microgramos por metro cúbico","ug/m3","1,440","73","Tolima","73001","Ibagué","Fija"
"8258","CORTOLIMA","CORTOLIMA","PM10","18.08","2020 Apr 28 12:00:00 AM","2020 Apr 29 12:00:00 AM","4.433181","-75.211139","1,191","Microgramos por metro cúbico","ug/m3","1,440","73","Tolima","73001","Ibagué","Fija"
"8258","CORTOLIMA","CORTOLIMA","PM10","33.51","2020 Jan 18 12:00:00 AM","2020 Jan 19 12:00:00 AM","4.433181","-75.211139","1,191","Microgramos por metro cúbico","ug/m3","1,440","73","Tolima","73001","Ibagué","Fija"
"8258","CORTOLIMA","CORTOLIMA","PM10","20.86","2020 May 09 12:00:00 AM","2020 May 10 12:00:00 AM","4.433181","-75.211139","1,191","Microgramos por metro cúbico","ug/m3","1,440","73","Tolima","73001","Ibagué","Fija"
"8258","CORTOLIMA","CORTOLIMA","PM10","38.53","2020 Sep 21 12:00:00 AM","2020 Sep 22 12:00:00 AM","4.433181","-75.211139","1,191","Microgramos por metro cúbico","ug/m3","1,440","73","Tolima","73001","Ibagué","Fija"
"8258","CORTOLIMA","CORTOLIMA","PM10","27.39","2020 Jul 17 12:00:00 AM","2020 Jul 18 12:00:00 AM","4.433181","-75.211139","1,191","Microgramos por metro cúbico","ug/m3","1,440","73","Tolima","73001","Ibagué","Fija"
"8258","CORTOLIMA","CORTOLIMA","PM10","31.36","2020 Sep 18 12:00:00 AM","2020 Sep 19 12:00:00 AM","4.433181","-75.211139","1,191","Microgramos por metro cúbico","ug/m3","1,440","73","Tolima","73001","Ibagué","Fija"
"8258","CORTOLIMA","CORTOLIMA","PM10","30.46","2020 Mar 01 12:00:00 AM","2020 Mar 02 12:00:00 AM","4.433181","-75.211139","1,191","Microgramos por metro cúbico","ug/m3","1,440","73","Tolima","73001","Ibagué","Fija"
"8258","CORTOLIMA","CORTOLIMA","PM10","20.8","2020 Apr 21 12:00:00 AM","2020 Apr 22 12:00:00 AM","4.433181","-75.211139","1,191","Microgramos por metro cúbico","ug/m3","1,440","73","Tolima","73001","Ibagué","Fija"
"8258","CORTOLIMA","CORTOLIMA","PM10","29.39","2020 Jul 27 12:00:00 AM","2020 Jul 28 12:00:00 AM","4.433181","-75.211139","1,191","Microgramos por metro cúbico","ug/m3","1,440","73","Tolima","73001","Ibagué","Fija"
"8258","CORTOLIMA","CORTOLIMA","PM10","30.49","2020 Mar 21 12:00:00 AM","2020 Mar 22 12:00:00 AM","4.433181","-75.211139","1,191","Microgramos por metro cúbico","ug/m3","1,440","73","Tolima","73001","Ibagué","Fija"
"8258","CORTOLIMA","CORTOLIMA","PM10","27.84","2020 Jan 01 12:00:00 AM","2020 Jan 02 12:00:00 AM","4.433181","-75.211139","1,191","Microgramos por metro cúbico","ug/m3","1,440","73","Tolima","73001","Ibagué","Fija"
"8258","CORTOLIMA","CORTOLIMA","PM10","23.84","2020 Aug 01 12:00:00 AM","2020 Aug 02 12:00:00 AM","4.433181","-75.211139","1,191","Microgramos por metro cúbico","ug/m3","1,440","73","Tolima","73001","Ibagué","Fija"
"8258","CORTOLIMA","CORTOLIMA","PM10","31.69","2020 Mar 25 12:00:00 AM","2020 Mar 26 12:00:00 AM","4.433181","-75.211139","1,191","Microgramos por metro cúbico","ug/m3","1,440","73","Tolima","73001","Ibagué","Fija"
"8258","CORTOLIMA","CORTOLIMA","PM10","18.65","2020 Apr 16 12:00:00 AM","2020 Apr 17 12:00:00 AM","4.433181","-75.211139","1,191","Microgramos por metro cúbico","ug/m3","1,440","73","Tolima","73001","Ibagué","Fija"
"31477","CORTOLIMA","POLICÍA DE CARRETERAS","PM10","44.11","2020 Jan 08 12:00:00 AM","2020 Jan 09 12:00:00 AM","4.435278","-75.202222","1,126","Microgramos por metro cúbico","ug/m3","1,440","73","Tolima","73001","Ibagué","Fija"
"8258","CORTOLIMA","CORTOLIMA","PM10","33.53","2020 Oct 14 12:00:00 AM","2020 Oct 15 12:00:00 AM","4.433181","-75.211139","1,191","Microgramos por metro cúbico","ug/m3","1,440","73","Tolima","73001","Ibagué","Fija"
"8258","CORTOLIMA","CORTOLIMA","PM10","31.58","2020 Sep 05 12:00:00 AM","2020 Sep 06 12:00:00 AM","4.433181","-75.211139","1,191","Microgramos por metro cúbico","ug/m3","1,440","73","Tolima","73001","Ibagué","Fija"
"31477","CORTOLIMA","POLICÍA DE CARRETERAS","PM10","40.34","2020 Feb 11 12:00:00 AM","2020 Feb 12 12:00:00 AM","4.435278","-75.202222","1,126","Microgramos por metro cúbico","ug/m3","1,440","73","Tolima","73001","Ibagué","Fija"
"8258","CORTOLIMA","CORTOLIMA","PM10","33.02","2020 Jan 26 12:00:00 AM","2020 Jan 27 12:00:00 AM","4.433181","-75.211139","1,191","Microgramos por metro cúbico","ug/m3","1,440","73","Tolima","73001","Ibagué","Fija"
"8258","CORTOLIMA","CORTOLIMA","PM10","32.5","2020 Oct 02 12:00:00 AM","2020 Oct 03 12:00:00 AM","4.433181","-75.211139","1,191","Microgramos por metro cúbico","ug/m3","1,440","73","Tolima","73001","Ibagué","Fija"
"8258","CORTOLIMA","CORTOLIMA","PM10","26.4","2020 Jul 31 12:00:00 AM","2020 Aug 01 12:00:00 AM","4.433181","-75.211139","1,191","Microgramos por metro cúbico","ug/m3","1,440","73","Tolima","73001","Ibagué","Fija"
"8258","CORTOLIMA","CORTOLIMA","PM10","28.57","2020 Jun 26 12:00:00 AM","2020 Jun 27 12:00:00 AM","4.433181","-75.211139","1,191","Microgramos por metro cúbico","ug/m3","1,440","73","Tolima","73001","Ibagué","Fija"
"8258","CORTOLIMA","CORTOLIMA","PM10","36.34","2020 Aug 12 12:00:00 AM","2020 Aug 13 12:00:00 AM","4.433181","-75.211139","1,191","Microgramos por metro cúbico","ug/m3","1,440","73","Tolima","73001","Ibagué","Fija"
"8258","CORTOLIMA","CORTOLIMA","PM10","28.87","2020 Jul 16 12:00:00 AM","2020 Jul 17 12:00:00 AM","4.433181","-75.211139","1,191","Microgramos por metro cúbico","ug/m3","1,440","73","Tolima","73001","Ibagué","Fija"
"8258","CORTOLIMA","CORTOLIMA","PM10","26.82","2020 Dec 05 12:00:00 AM","2020 Dec 06 12:00:00 AM","4.433181","-75.211139","1,191","Microgramos por metro cúbico","ug/m3","1,440","73","Tolima","73001","Ibagué","Fija"
"8258","CORTOLIMA","CORTOLIMA","PM10","23.03","2020 Dec 13 12:00:00 AM","2020 Dec 14 12:00:00 AM","4.433181","-75.211139","1,191","Microgramos por metro cúbico","ug/m3","1,440","73","Tolima","73001","Ibagué","Fija"
"8258","CORTOLIMA","CORTOLIMA","PM10","30.7","2020 Jun 27 12:00:00 AM","2020 Jun 28 12:00:00 AM","4.433181","-75.211139","1,191","Microgramos por metro cúbico","ug/m3","1,440","73","Tolima","73001","Ibagué","Fija"
"8258","CORTOLIMA","CORTOLIMA","PM10","32.86","2020 Sep 12 12:00:00 AM","2020 Sep 13 12:00:00 AM","4.433181","-75.211139","1,191","Microgramos por metro cúbico","ug/m3","1,440","73","Tolima","73001","Ibagué","Fija"
"8258","CORTOLIMA","CORTOLIMA","PM10","34.54","2020 Sep 02 12:00:00 AM","2020 Sep 03 12:00:00 AM","4.433181","-75.211139","1,191","Microgramos por metro cúbico","ug/m3","1,440","73","Tolima","73001","Ibagué","Fija"
"8258","CORTOLIMA","CORTOLIMA","PM10","26.5","2020 Mar 30 12:00:00 AM","2020 Mar 31 12:00:00 AM","4.433181","-75.211139","1,191","Microgramos por metro cúbico","ug/m3","1,440","73","Tolima","73001","Ibagué","Fija"
"8258","CORTOLIMA","CORTOLIMA","PM10","29.02","2020 Jul 06 12:00:00 AM","2020 Jul 07 12:00:00 AM","4.433181","-75.211139","1,191","Microgramos por metro cúbico","ug/m3","1,440","73","Tolima","73001","Ibagué","Fija"
"8258","CORTOLIMA","CORTOLIMA","PM10","23.98","2020 Dec 14 12:00:00 AM","2020 Dec 15 12:00:00 AM","4.433181","-75.211139","1,191","Microgramos por metro cúbico","ug/m3","1,440","73","Tolima","73001","Ibagué","Fija"
"8258","CORTOLIMA","CORTOLIMA","PM10","29.19","2020 Jul 28 12:00:00 AM","2020 Jul 29 12:00:00 AM","4.433181","-75.211139","1,191","Microgramos por metro cúbico","ug/m3","1,440","73","Tolima","73001","Ibagué","Fija"
"8258","CORTOLIMA","CORTOLIMA","PM10","26.24","2020 Jul 10 12:00:00 AM","2020 Jul 11 12:00:00 AM","4.433181","-75.211139","1,191","Microgramos por metro cúbico","ug/m3","1,440","73","Tolima","73001","Ibagué","Fija"
"8258","CORTOLIMA","CORTOLIMA","PM10","30.11","2020 Sep 07 12:00:00 AM","2020 Sep 08 12:00:00 AM","4.433181","-75.211139","1,191","Microgramos por metro cúbico","ug/m3","1,440","73","Tolima","73001","Ibagué","Fija"
"8258","CORTOLIMA","CORTOLIMA","PM10","25.13","2020 Dec 12 12:00:00 AM","2020 Dec 13 12:00:00 AM","4.433181","-75.211139","1,191","Microgramos por metro cúbico","ug/m3","1,440","73","Tolima","73001","Ibagué","Fija"
"8258","CORTOLIMA","CORTOLIMA","PM10","35.11","2020 Aug 24 12:00:00 AM","2020 Aug 25 12:00:00 AM","4.433181","-75.211139","1,191","Microgramos por metro cúbico","ug/m3","1,440","73","Tolima","73001","Ibagué","Fija"
"8258","CORTOLIMA","CORTOLIMA","PM10","29.04","2020 Nov 17 12:00:00 AM","2020 Nov 18 12:00:00 AM","4.433181","-75.211139","1,191","Microgramos por metro cúbico","ug/m3","1,440","73","Tolima","73001","Ibagué","Fija"
"8258","CORTOLIMA","CORTOLIMA","PM10","35","2020 Feb 01 12:00:00 AM","2020 Feb 02 12:00:00 AM","4.433181","-75.211139","1,191","Microgramos por metro cúbico","ug/m3","1,440","73","Tolima","73001","Ibagué","Fija"
"8258","CORTOLIMA","CORTOLIMA","PM10","25.85","2020 Jul 04 12:00:00 AM","2020 Jul 05 12:00:00 AM","4.433181","-75.211139","1,191","Microgramos por metro cúbico","ug/m3","1,440","73","Tolima","73001","Ibagué","Fija"
"8258","CORTOLIMA","CORTOLIMA","PM10","24.86","2020 Oct 30 12:00:00 AM","2020 Oct 31 12:00:00 AM","4.433181","-75.211139","1,191","Microgramos por metro cúbico","ug/m3","1,440","73","Tolima","73001","Ibagué","Fija"
"8258","CORTOLIMA","CORTOLIMA","PM10","33.31","2020 Jan 25 12:00:00 AM","2020 Jan 26 12:00:00 AM","4.433181","-75.211139","1,191","Microgramos por metro cúbico","ug/m3","1,440","73","Tolima","73001","Ibagué","Fija"
"8258","CORTOLIMA","CORTOLIMA","PM10","26.16","2020 May 13 12:00:00 AM","2020 May 14 12:00:00 AM","4.433181","-75.211139","1,191","Microgramos por metro cúbico","ug/m3","1,440","73","Tolima","73001","Ibagué","Fija"
"8258","CORTOLIMA","CORTOLIMA","PM10","33.4","2020 Sep 27 12:00:00 AM","2020 Sep 28 12:00:00 AM","4.433181","-75.211139","1,191","Microgramos por metro cúbico","ug/m3","1,440","73","Tolima","73001","Ibagué","Fija"
"8258","CORTOLIMA","CORTOLIMA","PM10","33.83","2020 Jul 22 12:00:00 AM","2020 Jul 23 12:00:00 AM","4.433181","-75.211139","1,191","Microgramos por metro cúbico","ug/m3","1,440","73","Tolima","73001","Ibagué","Fija"
"8258","CORTOLIMA","CORTOLIMA","PM10","30.78","2020 Feb 28 12:00:00 AM","2020 Feb 29 12:00:00 AM","4.433181","-75.211139","1,191","Microgramos por metro cúbico","ug/m3","1,440","73","Tolima","73001","Ibagué","Fija"
"8258","CORTOLIMA","CORTOLIMA","PM10","19.44","2020 May 03 12:00:00 AM","2020 May 04 12:00:00 AM","4.433181","-75.211139","1,191","Microgramos por metro cúbico","ug/m3","1,440","73","Tolima","73001","Ibagué","Fija"
"8258","CORTOLIMA","CORTOLIMA","PM10","29.77","2020 Mar 15 12:00:00 AM","2020 Mar 16 12:00:00 AM","4.433181","-75.211139","1,191","Microgramos por metro cúbico","ug/m3","1,440","73","Tolima","73001","Ibagué","Fija"
"8258","CORTOLIMA","CORTOLIMA","PM10","31.27","2020 Aug 29 12:00:00 AM","2020 Aug 30 12:00:00 AM","4.433181","-75.211139","1,191","Microgramos por metro cúbico","ug/m3","1,440","73","Tolima","73001","Ibagué","Fija"
"8258","CORTOLIMA","CORTOLIMA","PM10","26.52","2020 Dec 03 12:00:00 AM","2020 Dec 04 12:00:00 AM","4.433181","-75.211139","1,191","Microgramos por metro cúbico","ug/m3","1,440","73","Tolima","73001","Ibagué","Fija"
"8258","CORTOLIMA","CORTOLIMA","PM10","29.55","2020 Jul 13 12:00:00 AM","2020 Jul 14 12:00:00 AM","4.433181","-75.211139","1,191","Microgramos por metro cúbico","ug/m3","1,440","73","Tolima","73001","Ibagué","Fija"
"8258","CORTOLIMA","CORTOLIMA","PM10","29.71","2020 Jul 02 12:00:00 AM","2020 Jul 03 12:00:00 AM","4.433181","-75.211139","1,191","Microgramos por metro cúbico","ug/m3","1,440","73","Tolima","73001","Ibagué","Fija"
"8258","CORTOLIMA","CORTOLIMA","PM10","18.87","2020 Apr 12 12:00:00 AM","2020 Apr 13 12:00:00 AM","4.433181","-75.211139","1,191","Microgramos por metro cúbico","ug/m3","1,440","73","Tolima","73001","Ibagué","Fija"
"8258","CORTOLIMA","CORTOLIMA","PM10","25.92","2020 Mar 28 12:00:00 AM","2020 Mar 29 12:00:00 AM","4.433181","-75.211139","1,191","Microgramos por metro cúbico","ug/m3","1,440","73","Tolima","73001","Ibagué","Fija"
"31477","CORTOLIMA","POLICÍA DE CARRETERAS","PM10","25.15","2020 Feb 16 12:00:00 AM","2020 Feb 17 12:00:00 AM","4.435278","-75.202222","1,126","Microgramos por metro cúbico","ug/m3","1,440","73","Tolima","73001","Ibagué","Fija"
"8258","CORTOLIMA","CORTOLIMA","PM10","37.33","2020 Jan 03 12:00:00 AM","2020 Jan 04 12:00:00 AM","4.433181","-75.211139","1,191","Microgramos por metro cúbico","ug/m3","1,440","73","Tolima","73001","Ibagué","Fija"
"8258","CORTOLIMA","CORTOLIMA","PM10","27.09","2020 Jul 19 12:00:00 AM","2020 Jul 20 12:00:00 AM","4.433181","-75.211139","1,191","Microgramos por metro cúbico","ug/m3","1,440","73","Tolima","73001","Ibagué","Fija"
"8258","CORTOLIMA","CORTOLIMA","PM10","38.81","2020 Jan 14 12:00:00 AM","2020 Jan 15 12:00:00 AM","4.433181","-75.211139","1,191","Microgramos por metro cúbico","ug/m3","1,440","73","Tolima","73001","Ibagué","Fija"
"8258","CORTOLIMA","CORTOLIMA","PM10","36.36","2020 Jan 19 12:00:00 AM","2020 Jan 20 12:00:00 AM","4.433181","-75.211139","1,191","Microgramos por metro cúbico","ug/m3","1,440","73","Tolima","73001","Ibagué","Fija"
"8258","CORTOLIMA","CORTOLIMA","PM10","34.07","2020 Feb 24 12:00:00 AM","2020 Feb 25 12:00:00 AM","4.433181","-75.211139","1,191","Microgramos por metro cúbico","ug/m3","1,440","73","Tolima","73001","Ibagué","Fija"
"8258","CORTOLIMA","CORTOLIMA","PM10","27.92","2020 Mar 31 12:00:00 AM","2020 Apr 01 12:00:00 AM","4.433181","-75.211139","1,191","Microgramos por metro cúbico","ug/m3","1,440","73","Tolima","73001","Ibagué","Fija"
"8258","CORTOLIMA","CORTOLIMA","PM10","33.48","2020 Mar 12 12:00:00 AM","2020 Mar 13 12:00:00 AM","4.433181","-75.211139","1,191","Microgramos por metro cúbico","ug/m3","1,440","73","Tolima","73001","Ibagué","Fija"
"8258","CORTOLIMA","CORTOLIMA","PM10","21.95","2020 Nov 01 12:00:00 AM","2020 Nov 02 12:00:00 AM","4.433181","-75.211139","1,191","Microgramos por metro cúbico","ug/m3","1,440","73","Tolima","73001","Ibagué","Fija"
"8258","CORTOLIMA","CORTOLIMA","PM10","31.87","2020 May 18 12:00:00 AM","2020 May 19 12:00:00 AM","4.433181","-75.211139","1,191","Microgramos por metro cúbico","ug/m3","1,440","73","Tolima","73001","Ibagué","Fija"
"8258","CORTOLIMA","CORTOLIMA","PM10","32.17","2020 Feb 12 12:00:00 AM","2020 Feb 13 12:00:00 AM","4.433181","-75.211139","1,191","Microgramos por metro cúbico","ug/m3","1,440","73","Tolima","73001","Ibagué","Fija"
"31477","CORTOLIMA","POLICÍA DE CARRETERAS","PM10","53.36","2020 Feb 19 12:00:00 AM","2020 Feb 20 12:00:00 AM","4.435278","-75.202222","1,126","Microgramos por metro cúbico","ug/m3","1,440","73","Tolima","73001","Ibagué","Fija"
"8258","CORTOLIMA","CORTOLIMA","PM10","33","2020 Sep 01 12:00:00 AM","2020 Sep 02 12:00:00 AM","4.433181","-75.211139","1,191","Microgramos por metro cúbico","ug/m3","1,440","73","Tolima","73001","Ibagué","Fija"
"8258","CORTOLIMA","CORTOLIMA","PM10","32.25","2020 Nov 12 12:00:00 AM","2020 Nov 13 12:00:00 AM","4.433181","-75.211139","1,191","Microgramos por metro cúbico","ug/m3","1,440","73","Tolima","73001","Ibagué","Fija"
"8258","CORTOLIMA","CORTOLIMA","PM10","35.1","2020 Sep 15 12:00:00 AM","2020 Sep 16 12:00:00 AM","4.433181","-75.211139","1,191","Microgramos por metro cúbico","ug/m3","1,440","73","Tolima","73001","Ibagué","Fija"
"8258","CORTOLIMA","CORTOLIMA","PM10","29.23","2020 Jul 21 12:00:00 AM","2020 Jul 22 12:00:00 AM","4.433181","-75.211139","1,191","Microgramos por metro cúbico","ug/m3","1,440","73","Tolima","73001","Ibagué","Fija"
"8258","CORTOLIMA","CORTOLIMA","PM10","26.29","2020 Jun 16 12:00:00 AM","2020 Jun 17 12:00:00 AM","4.433181","-75.211139","1,191","Microgramos por metro cúbico","ug/m3","1,440","73","Tolima","73001","Ibagué","Fija"
"8258","CORTOLIMA","CORTOLIMA","PM10","17.71","2020 Apr 30 12:00:00 AM","2020 May 01 12:00:00 AM","4.433181","-75.211139","1,191","Microgramos por metro cúbico","ug/m3","1,440","73","Tolima","73001","Ibagué","Fija"
"8258","CORTOLIMA","CORTOLIMA","PM10","25.72","2020 Jul 25 12:00:00 AM","2020 Jul 26 12:00:00 AM","4.433181","-75.211139","1,191","Microgramos por metro cúbico","ug/m3","1,440","73","Tolima","73001","Ibagué","Fija"
"8258","CORTOLIMA","CORTOLIMA","PM10","29.53","2020 Nov 16 12:00:00 AM","2020 Nov 17 12:00:00 AM","4.433181","-75.211139","1,191","Microgramos por metro cúbico","ug/m3","1,440","73","Tolima","73001","Ibagué","Fija"
"8258","CORTOLIMA","CORTOLIMA","PM10","30.72","2020 Oct 15 12:00:00 AM","2020 Oct 16 12:00:00 AM","4.433181","-75.211139","1,191","Microgramos por metro cúbico","ug/m3","1,440","73","Tolima","73001","Ibagué","Fija"
"8258","CORTOLIMA","CORTOLIMA","PM10","27.36","2020 Oct 19 12:00:00 AM","2020 Oct 20 12:00:00 AM","4.433181","-75.211139","1,191","Microgramos por metro cúbico","ug/m3","1,440","73","Tolima","73001","Ibagué","Fija"
"8258","CORTOLIMA","CORTOLIMA","PM10","31.48","2020 Jun 03 12:00:00 AM","2020 Jun 04 12:00:00 AM","4.433181","-75.211139","1,191","Microgramos por metro cúbico","ug/m3","1,440","73","Tolima","73001","Ibagué","Fija"
"8258","CORTOLIMA","CORTOLIMA","PM10","26.59","2020 Jul 18 12:00:00 AM","2020 Jul 19 12:00:00 AM","4.433181","-75.211139","1,191","Microgramos por metro cúbico","ug/m3","1,440","73","Tolima","73001","Ibagué","Fija"
"8258","CORTOLIMA","CORTOLIMA","PM10","27.6","2020 Oct 22 12:00:00 AM","2020 Oct 23 12:00:00 AM","4.433181","-75.211139","1,191","Microgramos por metro cúbico","ug/m3","1,440","73","Tolima","73001","Ibagué","Fija"
"8258","CORTOLIMA","CORTOLIMA","PM10","28.6","2020 Oct 10 12:00:00 AM","2020 Oct 11 12:00:00 AM","4.433181","-75.211139","1,191","Microgramos por metro cúbico","ug/m3","1,440","73","Tolima","73001","Ibagué","Fija"
"8258","CORTOLIMA","CORTOLIMA","PM10","29.03","2020 Mar 26 12:00:00 AM","2020 Mar 27 12:00:00 AM","4.433181","-75.211139","1,191","Microgramos por metro cúbico","ug/m3","1,440","73","Tolima","73001","Ibagué","Fija"
"8258","CORTOLIMA","CORTOLIMA","PM10","29.51","2020 Oct 16 12:00:00 AM","2020 Oct 17 12:00:00 AM","4.433181","-75.211139","1,191","Microgramos por metro cúbico","ug/m3","1,440","73","Tolima","73001","Ibagué","Fija"
"8258","CORTOLIMA","CORTOLIMA","PM10","38.61","2020 Jan 15 12:00:00 AM","2020 Jan 16 12:00:00 AM","4.433181","-75.211139","1,191","Microgramos por metro cúbico","ug/m3","1,440","73","Tolima","73001","Ibagué","Fija"
"8258","CORTOLIMA","CORTOLIMA","PM10","33.57","2020 Aug 22 12:00:00 AM","2020 Aug 23 12:00:00 AM","4.433181","-75.211139","1,191","Microgramos por metro cúbico","ug/m3","1,440","73","Tolima","73001","Ibagué","Fija"
"31477","CORTOLIMA","POLICÍA DE CARRETERAS","PM10","41.78","2020 Jan 23 12:00:00 AM","2020 Jan 24 12:00:00 AM","4.435278","-75.202222","1,126","Microgramos por metro cúbico","ug/m3","1,440","73","Tolima","73001","Ibagué","Fija"
"31477","CORTOLIMA","POLICÍA DE CARRETERAS","PM10","32.85","2020 Feb 10 12:00:00 AM","2020 Feb 11 12:00:00 AM","4.435278","-75.202222","1,126","Microgramos por metro cúbico","ug/m3","1,440","73","Tolima","73001","Ibagué","Fija"
"8258","CORTOLIMA","CORTOLIMA","PM10","31.43","2020 Nov 30 12:00:00 AM","2020 Dec 01 12:00:00 AM","4.433181","-75.211139","1,191","Microgramos por metro cúbico","ug/m3","1,440","73","Tolima","73001","Ibagué","Fija"
"8258","CORTOLIMA","CORTOLIMA","PM10","32.39","2020 Sep 20 12:00:00 AM","2020 Sep 21 12:00:00 AM","4.433181","-75.211139","1,191","Microgramos por metro cúbico","ug/m3","1,440","73","Tolima","73001","Ibagué","Fija"
"8258","CORTOLIMA","CORTOLIMA","PM10","29.8","2020 Sep 08 12:00:00 AM","2020 Sep 09 12:00:00 AM","4.433181","-75.211139","1,191","Microgramos por metro cúbico","ug/m3","1,440","73","Tolima","73001","Ibagué","Fija"
"8258","CORTOLIMA","CORTOLIMA","PM10","27.62","2020 Nov 02 12:00:00 AM","2020 Nov 03 12:00:00 AM","4.433181","-75.211139","1,191","Microgramos por metro cúbico","ug/m3","1,440","73","Tolima","73001","Ibagué","Fija"
"8258","CORTOLIMA","CORTOLIMA","PM10","28.31","2020 Nov 11 12:00:00 AM","2020 Nov 12 12:00:00 AM","4.433181","-75.211139","1,191","Microgramos por metro cúbico","ug/m3","1,440","73","Tolima","73001","Ibagué","Fija"
"8258","CORTOLIMA","CORTOLIMA","PM10","38.1","2020 Jan 06 12:00:00 AM","2020 Jan 07 12:00:00 AM","4.433181","-75.211139","1,191","Microgramos por metro cúbico","ug/m3","1,440","73","Tolima","73001","Ibagué","Fija"
"31477","CORTOLIMA","POLICÍA DE CARRETERAS","PM10","45.99","2020 Feb 25 12:00:00 AM","2020 Feb 26 12:00:00 AM","4.435278","-75.202222","1,126","Microgramos por metro cúbico","ug/m3","1,440","73","Tolima","73001","Ibagué","Fija"
"8258","CORTOLIMA","CORTOLIMA","PM10","17.45","2020 Apr 24 12:00:00 AM","2020 Apr 25 12:00:00 AM","4.433181","-75.211139","1,191","Microgramos por metro cúbico","ug/m3","1,440","73","Tolima","73001","Ibagué","Fija"
"8258","CORTOLIMA","CORTOLIMA","PM10","32","2020 Jul 15 12:00:00 AM","2020 Jul 16 12:00:00 AM","4.433181","-75.211139","1,191","Microgramos por metro cúbico","ug/m3","1,440","73","Tolima","73001","Ibagué","Fija"
"8258","CORTOLIMA","CORTOLIMA","PM10","32.93","2020 Sep 10 12:00:00 AM","2020 Sep 11 12:00:00 AM","4.433181","-75.211139","1,191","Microgramos por metro cúbico","ug/m3","1,440","73","Tolima","73001","Ibagué","Fija"
"31477","CORTOLIMA","POLICÍA DE CARRETERAS","PM10","38.18","2020 Jan 02 12:00:00 AM","2020 Jan 03 12:00:00 AM","4.435278","-75.202222","1,126","Microgramos por metro cúbico","ug/m3","1,440","73","Tolima","73001","Ibagué","Fija"
"8258","CORTOLIMA","CORTOLIMA","PM10","20.76","2020 Apr 17 12:00:00 AM","2020 Apr 18 12:00:00 AM","4.433181","-75.211139","1,191","Microgramos por metro cúbico","ug/m3","1,440","73","Tolima","73001","Ibagué","Fija"
"8258","CORTOLIMA","CORTOLIMA","PM10","33.24","2020 Oct 08 12:00:00 AM","2020 Oct 09 12:00:00 AM","4.433181","-75.211139","1,191","Microgramos por metro cúbico","ug/m3","1,440","73","Tolima","73001","Ibagué","Fija"
"8258","CORTOLIMA","CORTOLIMA","PM10","31.67","2020 May 21 12:00:00 AM","2020 May 22 12:00:00 AM","4.433181","-75.211139","1,191","Microgramos por metro cúbico","ug/m3","1,440","73","Tolima","73001","Ibagué","Fija"
"31477","CORTOLIMA","POLICÍA DE CARRETERAS","PM10","50.73","2020 Jan 14 12:00:00 AM","2020 Jan 15 12:00:00 AM","4.435278","-75.202222","1,126","Microgramos por metro cúbico","ug/m3","1,440","73","Tolima","73001","Ibagué","Fija"
"8258","CORTOLIMA","CORTOLIMA","PM10","14.82","2020 Apr 25 12:00:00 AM","2020 Apr 26 12:00:00 AM","4.433181","-75.211139","1,191","Microgramos por metro cúbico","ug/m3","1,440","73","Tolima","73001","Ibagué","Fija"
"8258","CORTOLIMA","CORTOLIMA","PM10","28.96","2020 Oct 26 12:00:00 AM","2020 Oct 27 12:00:00 AM","4.433181","-75.211139","1,191","Microgramos por metro cúbico","ug/m3","1,440","73","Tolima","73001","Ibagué","Fija"
"8258","CORTOLIMA","CORTOLIMA","PM10","29.77","2020 Feb 15 12:00:00 AM","2020 Feb 16 12:00:00 AM","4.433181","-75.211139","1,191","Microgramos por metro cúbico","ug/m3","1,440","73","Tolima","73001","Ibagué","Fija"
"8258","CORTOLIMA","CORTOLIMA","PM10","29.16","2020 Jul 09 12:00:00 AM","2020 Jul 10 12:00:00 AM","4.433181","-75.211139","1,191","Microgramos por metro cúbico","ug/m3","1,440","73","Tolima","73001","Ibagué","Fija"
"8258","CORTOLIMA","CORTOLIMA","PM10","33.97","2020 Oct 06 12:00:00 AM","2020 Oct 07 12:00:00 AM","4.433181","-75.211139","1,191","Microgramos por metro cúbico","ug/m3","1,440","73","Tolima","73001","Ibagué","Fija"
"8258","CORTOLIMA","CORTOLIMA","PM10","33.7","2020 Sep 14 12:00:00 AM","2020 Sep 15 12:00:00 AM","4.433181","-75.211139","1,191","Microgramos por metro cúbico","ug/m3","1,440","73","Tolima","73001","Ibagué","Fija"
"8258","CORTOLIMA","CORTOLIMA","PM10","19.31","2020 Apr 22 12:00:00 AM","2020 Apr 23 12:00:00 AM","4.433181","-75.211139","1,191","Microgramos por metro cúbico","ug/m3","1,440","73","Tolima","73001","Ibagué","Fija"
"8258","CORTOLIMA","CORTOLIMA","PM10","24.94","2020 Sep 06 12:00:00 AM","2020 Sep 07 12:00:00 AM","4.433181","-75.211139","1,191","Microgramos por metro cúbico","ug/m3","1,440","73","Tolima","73001","Ibagué","Fija"
"8258","CORTOLIMA","CORTOLIMA","PM10","29","2020 Dec 01 12:00:00 AM","2020 Dec 02 12:00:00 AM","4.433181","-75.211139","1,191","Microgramos por metro cúbico","ug/m3","1,440","73","Tolima","73001","Ibagué","Fija"
"8258","CORTOLIMA","CORTOLIMA","PM10","28.54","2020 Dec 21 12:00:00 AM","2020 Dec 22 12:00:00 AM","4.433181","-75.211139","1,191","Microgramos por metro cúbico","ug/m3","1,440","73","Tolima","73001","Ibagué","Fija"
"8258","CORTOLIMA","CORTOLIMA","PM10","41.98","2020 Jan 29 12:00:00 AM","2020 Jan 30 12:00:00 AM","4.433181","-75.211139","1,191","Microgramos por metro cúbico","ug/m3","1,440","73","Tolima","73001","Ibagué","Fija"
"31477","CORTOLIMA","POLICÍA DE CARRETERAS","PM10","29.59","2020 Feb 28 12:00:00 AM","2020 Feb 29 12:00:00 AM","4.435278","-75.202222","1,126","Microgramos por metro cúbico","ug/m3","1,440","73","Tolima","73001","Ibagué","Fija"
"8258","CORTOLIMA","CORTOLIMA","PM10","37.71","2020 Jan 28 12:00:00 AM","2020 Jan 29 12:00:00 AM","4.433181","-75.211139","1,191","Microgramos por metro cúbico","ug/m3","1,440","73","Tolima","73001","Ibagué","Fija"
"8258","CORTOLIMA","CORTOLIMA","PM10","21.1","2020 Apr 10 12:00:00 AM","2020 Apr 11 12:00:00 AM","4.433181","-75.211139","1,191","Microgramos por metro cúbico","ug/m3","1,440","73","Tolima","73001","Ibagué","Fija"
"8258","CORTOLIMA","CORTOLIMA","PM10","17.9","2020 Apr 04 12:00:00 AM","2020 Apr 05 12:00:00 AM","4.433181","-75.211139","1,191","Microgramos por metro cúbico","ug/m3","1,440","73","Tolima","73001","Ibagué","Fija"
"8258","CORTOLIMA","CORTOLIMA","PM10","34.48","2020 Mar 08 12:00:00 AM","2020 Mar 09 12:00:00 AM","4.433181","-75.211139","1,191","Microgramos por metro cúbico","ug/m3","1,440","73","Tolima","73001","Ibagué","Fija"
"8258","CORTOLIMA","CORTOLIMA","PM10","25.19","2020 Nov 07 12:00:00 AM","2020 Nov 08 12:00:00 AM","4.433181","-75.211139","1,191","Microgramos por metro cúbico","ug/m3","1,440","73","Tolima","73001","Ibagué","Fija"
"8258","CORTOLIMA","CORTOLIMA","PM10","36.92","2020 Feb 06 12:00:00 AM","2020 Feb 07 12:00:00 AM","4.433181","-75.211139","1,191","Microgramos por metro cúbico","ug/m3","1,440","73","Tolima","73001","Ibagué","Fija"
"8258","CORTOLIMA","CORTOLIMA","PM10","36.6","2020 Feb 07 12:00:00 AM","2020 Feb 08 12:00:00 AM","4.433181","-75.211139","1,191","Microgramos por metro cúbico","ug/m3","1,440","73","Tolima","73001","Ibagué","Fija"
"8258","CORTOLIMA","CORTOLIMA","PM10","29.99","2020 Nov 10 12:00:00 AM","2020 Nov 11 12:00:00 AM","4.433181","-75.211139","1,191","Microgramos por metro cúbico","ug/m3","1,440","73","Tolima","73001","Ibagué","Fija"
"8258","CORTOLIMA","CORTOLIMA","PM10","28.14","2020 Nov 08 12:00:00 AM","2020 Nov 09 12:00:00 AM","4.433181","-75.211139","1,191","Microgramos por metro cúbico","ug/m3","1,440","73","Tolima","73001","Ibagué","Fija"
"8258","CORTOLIMA","CORTOLIMA","PM10","25.91","2020 Jul 26 12:00:00 AM","2020 Jul 27 12:00:00 AM","4.433181","-75.211139","1,191","Microgramos por metro cúbico","ug/m3","1,440","73","Tolima","73001","Ibagué","Fija"
"8258","CORTOLIMA","CORTOLIMA","PM10","27.94","2020 Dec 04 12:00:00 AM","2020 Dec 05 12:00:00 AM","4.433181","-75.211139","1,191","Microgramos por metro cúbico","ug/m3","1,440","73","Tolima","73001","Ibagué","Fija"
"8258","CORTOLIMA","CORTOLIMA","PM10","28.38","2020 Jul 23 12:00:00 AM","2020 Jul 24 12:00:00 AM","4.433181","-75.211139","1,191","Microgramos por metro cúbico","ug/m3","1,440","73","Tolima","73001","Ibagué","Fija"
"8258","CORTOLIMA","CORTOLIMA","PM10","37.68","2020 Jan 27 12:00:00 AM","2020 Jan 28 12:00:00 AM","4.433181","-75.211139","1,191","Microgramos por metro cúbico","ug/m3","1,440","73","Tolima","73001","Ibagué","Fija"
"31477","CORTOLIMA","POLICÍA DE CARRETERAS","PM10","32.44","2020 Feb 04 12:00:00 AM","2020 Feb 05 12:00:00 AM","4.435278","-75.202222","1,126","Microgramos por metro cúbico","ug/m3","1,440","73","Tolima","73001","Ibagué","Fija"
"8258","CORTOLIMA","CORTOLIMA","PM10","22.95","2020 May 06 12:00:00 AM","2020 May 07 12:00:00 AM","4.433181","-75.211139","1,191","Microgramos por metro cúbico","ug/m3","1,440","73","Tolima","73001","Ibagué","Fija"
"8258","CORTOLIMA","CORTOLIMA","PM10","25.7","2020 Oct 24 12:00:00 AM","2020 Oct 25 12:00:00 AM","4.433181","-75.211139","1,191","Microgramos por metro cúbico","ug/m3","1,440","73","Tolima","73001","Ibagué","Fija"
"8258","CORTOLIMA","CORTOLIMA","PM10","32","2020 Feb 20 12:00:00 AM","2020 Feb 21 12:00:00 AM","4.433181","-75.211139","1,191","Microgramos por metro cúbico","ug/m3","1,440","73","Tolima","73001","Ibagué","Fija"
"8258","CORTOLIMA","CORTOLIMA","PM10","25.82","2020 Dec 16 12:00:00 AM","2020 Dec 17 12:00:00 AM","4.433181","-75.211139","1,191","Microgramos por metro cúbico","ug/m3","1,440","73","Tolima","73001","Ibagué","Fija"
"8258","CORTOLIMA","CORTOLIMA","PM10","28.06","2020 Jul 05 12:00:00 AM","2020 Jul 06 12:00:00 AM","4.433181","-75.211139","1,191","Microgramos por metro cúbico","ug/m3","1,440","73","Tolima","73001","Ibagué","Fija"
"8258","CORTOLIMA","CORTOLIMA","PM10","34.74","2020 Aug 21 12:00:00 AM","2020 Aug 22 12:00:00 AM","4.433181","-75.211139","1,191","Microgramos por metro cúbico","ug/m3","1,440","73","Tolima","73001","Ibagué","Fija"
"8258","CORTOLIMA","CORTOLIMA","PM10","28.28","2020 Jul 07 12:00:00 AM","2020 Jul 08 12:00:00 AM","4.433181","-75.211139","1,191","Microgramos por metro cúbico","ug/m3","1,440","73","Tolima","73001","Ibagué","Fija"
"8258","CORTOLIMA","CORTOLIMA","PM10","31.19","2020 Jul 24 12:00:00 AM","2020 Jul 25 12:00:00 AM","4.433181","-75.211139","1,191","Microgramos por metro cúbico","ug/m3","1,440","73","Tolima","73001","Ibagué","Fija"
"8258","CORTOLIMA","CORTOLIMA","PM10","21.11","2020 Apr 19 12:00:00 AM","2020 Apr 20 12:00:00 AM","4.433181","-75.211139","1,191","Microgramos por metro cúbico","ug/m3","1,440","73","Tolima","73001","Ibagué","Fija"
"8258","CORTOLIMA","CORTOLIMA","PM10","29.28","2020 Dec 25 12:00:00 AM","2020 Dec 26 12:00:00 AM","4.433181","-75.211139","1,191","Microgramos por metro cúbico","ug/m3","1,440","73","Tolima","73001","Ibagué","Fija"
"8258","CORTOLIMA","CORTOLIMA","PM10","27.05","2020 Jul 03 12:00:00 AM","2020 Jul 04 12:00:00 AM","4.433181","-75.211139","1,191","Microgramos por metro cúbico","ug/m3","1,440","73","Tolima","73001","Ibagué","Fija"
"8258","CORTOLIMA","CORTOLIMA","PM10","36.94","2020 Feb 18 12:00:00 AM","2020 Feb 19 12:00:00 AM","4.433181","-75.211139","1,191","Microgramos por metro cúbico","ug/m3","1,440","73","Tolima","73001","Ibagué","Fija"
"8258","CORTOLIMA","CORTOLIMA","PM10","34","2020 Oct 01 12:00:00 AM","2020 Oct 02 12:00:00 AM","4.433181","-75.211139","1,191","Microgramos por metro cúbico","ug/m3","1,440","73","Tolima","73001","Ibagué","Fija"
"8258","CORTOLIMA","CORTOLIMA","PM10","33.89","2020 Mar 16 12:00:00 AM","2020 Mar 17 12:00:00 AM","4.433181","-75.211139","1,191","Microgramos por metro cúbico","ug/m3","1,440","73","Tolima","73001","Ibagué","Fija"
"8258","CORTOLIMA","CORTOLIMA","PM10","24.58","2020 Aug 02 12:00:00 AM","2020 Aug 03 12:00:00 AM","4.433181","-75.211139","1,191","Microgramos por metro cúbico","ug/m3","1,440","73","Tolima","73001","Ibagué","Fija"
"8258","CORTOLIMA","CORTOLIMA","PM10","29.42","2020 Jun 30 12:00:00 AM","2020 Jul 01 12:00:00 AM","4.433181","-75.211139","1,191","Microgramos por metro cúbico","ug/m3","1,440","73","Tolima","73001","Ibagué","Fija"
"8258","CORTOLIMA","CORTOLIMA","PM10","29.83","2020 May 28 12:00:00 AM","2020 May 29 12:00:00 AM","4.433181","-75.211139","1,191","Microgramos por metro cúbico","ug/m3","1,440","73","Tolima","73001","Ibagué","Fija"
"8258","CORTOLIMA","CORTOLIMA","PM10","36.1","2020 Jan 09 12:00:00 AM","2020 Jan 10 12:00:00 AM","4.433181","-75.211139","1,191","Microgramos por metro cúbico","ug/m3","1,440","73","Tolima","73001","Ibagué","Fija"
"8258","CORTOLIMA","CORTOLIMA","PM10","23.09","2020 Jun 07 12:00:00 AM","2020 Jun 08 12:00:00 AM","4.433181","-75.211139","1,191","Microgramos por metro cúbico","ug/m3","1,440","73","Tolima","73001","Ibagué","Fija"
"31477","CORTOLIMA","POLICÍA DE CARRETERAS","PM10","33.74","2020 Jan 29 12:00:00 AM","2020 Jan 30 12:00:00 AM","4.435278","-75.202222","1,126","Microgramos por metro cúbico","ug/m3","1,440","73","Tolima","73001","Ibagué","Fija"
"8258","CORTOLIMA","CORTOLIMA","PM10","28.09","2020 Jun 04 12:00:00 AM","2020 Jun 05 12:00:00 AM","4.433181","-75.211139","1,191","Microgramos por metro cúbico","ug/m3","1,440","73","Tolima","73001","Ibagué","Fija"
"8258","CORTOLIMA","CORTOLIMA","PM10","28.96","2020 Jul 20 12:00:00 AM","2020 Jul 21 12:00:00 AM","4.433181","-75.211139","1,191","Microgramos por metro cúbico","ug/m3","1,440","73","Tolima","73001","Ibagué","Fija"
"31477","CORTOLIMA","POLICÍA DE CARRETERAS","PM10","28.74","2020 Feb 12 12:00:00 AM","2020 Feb 13 12:00:00 AM","4.435278","-75.202222","1,126","Microgramos por metro cúbico","ug/m3","1,440","73","Tolima","73001","Ibagué","Fija"
"8258","CORTOLIMA","CORTOLIMA","PM10","22.74","2020 Jun 14 12:00:00 AM","2020 Jun 15 12:00:00 AM","4.433181","-75.211139","1,191","Microgramos por metro cúbico","ug/m3","1,440","73","Tolima","73001","Ibagué","Fija"
"8258","CORTOLIMA","CORTOLIMA","PM10","36.71","2020 Mar 18 12:00:00 AM","2020 Mar 19 12:00:00 AM","4.433181","-75.211139","1,191","Microgramos por metro cúbico","ug/m3","1,440","73","Tolima","73001","Ibagué","Fija"
"8258","CORTOLIMA","CORTOLIMA","PM10","23.55","2020 May 08 12:00:00 AM","2020 May 09 12:00:00 AM","4.433181","-75.211139","1,191","Microgramos por metro cúbico","ug/m3","1,440","73","Tolima","73001","Ibagué","Fija"
"8258","CORTOLIMA","CORTOLIMA","PM10","37.95","2020 Jan 07 12:00:00 AM","2020 Jan 08 12:00:00 AM","4.433181","-75.211139","1,191","Microgramos por metro cúbico","ug/m3","1,440","73","Tolima","73001","Ibagué","Fija"
"8258","CORTOLIMA","CORTOLIMA","PM10","36.4","2020 Feb 08 12:00:00 AM","2020 Feb 09 12:00:00 AM","4.433181","-75.211139","1,191","Microgramos por metro cúbico","ug/m3","1,440","73","Tolima","73001","Ibagué","Fija"
"8258","CORTOLIMA","CORTOLIMA","PM10","34","2020 Mar 10 12:00:00 AM","2020 Mar 11 12:00:00 AM","4.433181","-75.211139","1,191","Microgramos por metro cúbico","ug/m3","1,440","73","Tolima","73001","Ibagué","Fija"
"8258","CORTOLIMA","CORTOLIMA","PM10","28.94","2020 Dec 28 12:00:00 AM","2020 Dec 29 12:00:00 AM","4.433181","-75.211139","1,191","Microgramos por metro cúbico","ug/m3","1,440","73","Tolima","73001","Ibagué","Fija"
"31477","CORTOLIMA","POLICÍA DE CARRETERAS","PM10","30.74","2020 Jan 17 12:00:00 AM","2020 Jan 18 12:00:00 AM","4.435278","-75.202222","1,126","Microgramos por metro cúbico","ug/m3","1,440","73","Tolima","73001","Ibagué","Fija"
"8258","CORTOLIMA","CORTOLIMA","PM10","30.16","2020 Feb 29 12:00:00 AM","2020 Mar 01 12:00:00 AM","4.433181","-75.211139","1,191","Microgramos por metro cúbico","ug/m3","1,440","73","Tolima","73001","Ibagué","Fija"
"8258","CORTOLIMA","CORTOLIMA","PM10","29.69","2020 Nov 13 12:00:00 AM","2020 Nov 14 12:00:00 AM","4.433181","-75.211139","1,191","Microgramos por metro cúbico","ug/m3","1,440","73","Tolima","73001","Ibagué","Fija"
"31477","CORTOLIMA","POLICÍA DE CARRETERAS","PM10","36.23","2020 Feb 22 12:00:00 AM","2020 Feb 23 12:00:00 AM","4.435278","-75.202222","1,126","Microgramos por metro cúbico","ug/m3","1,440","73","Tolima","73001","Ibagué","Fija"
"8258","CORTOLIMA","CORTOLIMA","PM10","20.91","2020 Apr 20 12:00:00 AM","2020 Apr 21 12:00:00 AM","4.433181","-75.211139","1,191","Microgramos por metro cúbico","ug/m3","1,440","73","Tolima","73001","Ibagué","Fija"
"8258","CORTOLIMA","CORTOLIMA","PM10","26.2","2020 Oct 04 12:00:00 AM","2020 Oct 05 12:00:00 AM","4.433181","-75.211139","1,191","Microgramos por metro cúbico","ug/m3","1,440","73","Tolima","73001","Ibagué","Fija"
"8258","CORTOLIMA","CORTOLIMA","PM10","26.73","2020 Nov 15 12:00:00 AM","2020 Nov 16 12:00:00 AM","4.433181","-75.211139","1,191","Microgramos por metro cúbico","ug/m3","1,440","73","Tolima","73001","Ibagué","Fija"
"8258","CORTOLIMA","CORTOLIMA","PM10","22.74","2020 Dec 11 12:00:00 AM","2020 Dec 12 12:00:00 AM","4.433181","-75.211139","1,191","Microgramos por metro cúbico","ug/m3","1,440","73","Tolima","73001","Ibagué","Fija"
"8258","CORTOLIMA","CORTOLIMA","PM10","32.53","2020 Jul 08 12:00:00 AM","2020 Jul 09 12:00:00 AM","4.433181","-75.211139","1,191","Microgramos por metro cúbico","ug/m3","1,440","73","Tolima","73001","Ibagué","Fija"
"8258","CORTOLIMA","CORTOLIMA","PM10","30.06","2020 Dec 29 12:00:00 AM","2020 Dec 30 12:00:00 AM","4.433181","-75.211139","1,191","Microgramos por metro cúbico","ug/m3","1,440","73","Tolima","73001","Ibagué","Fija"
"8258","CORTOLIMA","CORTOLIMA","PM10","37.85","2020 Feb 09 12:00:00 AM","2020 Feb 10 12:00:00 AM","4.433181","-75.211139","1,191","Microgramos por metro cúbico","ug/m3","1,440","73","Tolima","73001","Ibagué","Fija"
"8258","CORTOLIMA","CORTOLIMA","PM10","38.8","2020 Jan 24 12:00:00 AM","2020 Jan 25 12:00:00 AM","4.433181","-75.211139","1,191","Microgramos por metro cúbico","ug/m3","1,440","73","Tolima","73001","Ibagué","Fija"
"8258","CORTOLIMA","CORTOLIMA","PM10","36.8","2020 Jan 23 12:00:00 AM","2020 Jan 24 12:00:00 AM","4.433181","-75.211139","1,191","Microgramos por metro cúbico","ug/m3","1,440","73","Tolima","73001","Ibagué","Fija"
"31477","CORTOLIMA","POLICÍA DE CARRETERAS","PM10","37.31","2020 Feb 01 12:00:00 AM","2020 Feb 02 12:00:00 AM","4.435278","-75.202222","1,126","Microgramos por metro cúbico","ug/m3","1,440","73","Tolima","73001","Ibagué","Fija"
"8258","CORTOLIMA","CORTOLIMA","PM10","33.14","2020 Mar 20 12:00:00 AM","2020 Mar 21 12:00:00 AM","4.433181","-75.211139","1,191","Microgramos por metro cúbico","ug/m3","1,440","73","Tolima","73001","Ibagué","Fija"
"8258","CORTOLIMA","CORTOLIMA","PM10","25.19","2020 Oct 31 12:00:00 AM","2020 Nov 01 12:00:00 AM","4.433181","-75.211139","1,191","Microgramos por metro cúbico","ug/m3","1,440","73","Tolima","73001","Ibagué","Fija"
"8258","CORTOLIMA","CORTOLIMA","PM10","31.67","2020 Mar 02 12:00:00 AM","2020 Mar 03 12:00:00 AM","4.433181","-75.211139","1,191","Microgramos por metro cúbico","ug/m3","1,440","73","Tolima","73001","Ibagué","Fija"
"8258","CORTOLIMA","CORTOLIMA","PM10","22.77","2020 May 15 12:00:00 AM","2020 May 16 12:00:00 AM","4.433181","-75.211139","1,191","Microgramos por metro cúbico","ug/m3","1,440","73","Tolima","73001","Ibagué","Fija"
"8258","CORTOLIMA","CORTOLIMA","PM10","26.41","2020 Oct 20 12:00:00 AM","2020 Oct 21 12:00:00 AM","4.433181","-75.211139","1,191","Microgramos por metro cúbico","ug/m3","1,440","73","Tolima","73001","Ibagué","Fija"
"8258","CORTOLIMA","CORTOLIMA","PM10","28.68","2020 Aug 09 12:00:00 AM","2020 Aug 10 12:00:00 AM","4.433181","-75.211139","1,191","Microgramos por metro cúbico","ug/m3","1,440","73","Tolima","73001","Ibagué","Fija"
"8258","CORTOLIMA","CORTOLIMA","PM10","32.73","2020 Sep 17 12:00:00 AM","2020 Sep 18 12:00:00 AM","4.433181","-75.211139","1,191","Microgramos por metro cúbico","ug/m3","1,440","73","Tolima","73001","Ibagué","Fija"
"8258","CORTOLIMA","CORTOLIMA","PM10","32.82","2020 Feb 21 12:00:00 AM","2020 Feb 22 12:00:00 AM","4.433181","-75.211139","1,191","Microgramos por metro cúbico","ug/m3","1,440","73","Tolima","73001","Ibagué","Fija"
"8258","CORTOLIMA","CORTOLIMA","PM10","35.22","2020 Jan 13 12:00:00 AM","2020 Jan 14 12:00:00 AM","4.433181","-75.211139","1,191","Microgramos por metro cúbico","ug/m3","1,440","73","Tolima","73001","Ibagué","Fija"
"8258","CORTOLIMA","CORTOLIMA","PM10","27.27","2020 Jun 11 12:00:00 AM","2020 Jun 12 12:00:00 AM","4.433181","-75.211139","1,191","Microgramos por metro cúbico","ug/m3","1,440","73","Tolima","73001","Ibagué","Fija"
"8258","CORTOLIMA","CORTOLIMA","PM10","29.28","2020 Dec 19 12:00:00 AM","2020 Dec 20 12:00:00 AM","4.433181","-75.211139","1,191","Microgramos por metro cúbico","ug/m3","1,440","73","Tolima","73001","Ibagué","Fija"
"8258","CORTOLIMA","CORTOLIMA","PM10","27.04","2020 Jun 08 12:00:00 AM","2020 Jun 09 12:00:00 AM","4.433181","-75.211139","1,191","Microgramos por metro cúbico","ug/m3","1,440","73","Tolima","73001","Ibagué","Fija"
"8258","CORTOLIMA","CORTOLIMA","PM10","37.26","2020 Oct 07 12:00:00 AM","2020 Oct 08 12:00:00 AM","4.433181","-75.211139","1,191","Microgramos por metro cúbico","ug/m3","1,440","73","Tolima","73001","Ibagué","Fija"
"8258","CORTOLIMA","CORTOLIMA","PM10","28.03","2020 Jun 23 12:00:00 AM","2020 Jun 24 12:00:00 AM","4.433181","-75.211139","1,191","Microgramos por metro cúbico","ug/m3","1,440","73","Tolima","73001","Ibagué","Fija"
"8258","CORTOLIMA","CORTOLIMA","PM10","34.42","2020 Aug 26 12:00:00 AM","2020 Aug 27 12:00:00 AM","4.433181","-75.211139","1,191","Microgramos por metro cúbico","ug/m3","1,440","73","Tolima","73001","Ibagué","Fija"
"8258","CORTOLIMA","CORTOLIMA","PM10","30.43","2020 Jan 12 12:00:00 AM","2020 Jan 13 12:00:00 AM","4.433181","-75.211139","1,191","Microgramos por metro cúbico","ug/m3","1,440","73","Tolima","73001","Ibagué","Fija"
"8258","CORTOLIMA","CORTOLIMA","PM10","24.64","2020 May 31 12:00:00 AM","2020 Jun 01 12:00:00 AM","4.433181","-75.211139","1,191","Microgramos por metro cúbico","ug/m3","1,440","73","Tolima","73001","Ibagué","Fija"
"8258","CORTOLIMA","CORTOLIMA","PM10","27.37","2020 Aug 30 12:00:00 AM","2020 Aug 31 12:00:00 AM","4.433181","-75.211139","1,191","Microgramos por metro cúbico","ug/m3","1,440","73","Tolima","73001","Ibagué","Fija"
"8258","CORTOLIMA","CORTOLIMA","PM10","29.47","2020 Aug 06 12:00:00 AM","2020 Aug 07 12:00:00 AM","4.433181","-75.211139","1,191","Microgramos por metro cúbico","ug/m3","1,440","73","Tolima","73001","Ibagué","Fija"
"8258","CORTOLIMA","CORTOLIMA","PM10","27.52","2020 Jun 09 12:00:00 AM","2020 Jun 10 12:00:00 AM","4.433181","-75.211139","1,191","Microgramos por metro cúbico","ug/m3","1,440","73","Tolima","73001","Ibagué","Fija"
"31477","CORTOLIMA","POLICÍA DE CARRETERAS","PM10","23.7","2020 Jan 11 12:00:00 AM","2020 Jan 12 12:00:00 AM","4.435278","-75.202222","1,126","Microgramos por metro cúbico","ug/m3","1,440","73","Tolima","73001","Ibagué","Fija"
"8258","CORTOLIMA","CORTOLIMA","PM10","29.52","2020 Jul 14 12:00:00 AM","2020 Jul 15 12:00:00 AM","4.433181","-75.211139","1,191","Microgramos por metro cúbico","ug/m3","1,440","73","Tolima","73001","Ibagué","Fija"
"8258","CORTOLIMA","CORTOLIMA","PM10","26.97","2020 Nov 19 12:00:00 AM","2020 Nov 20 12:00:00 AM","4.433181","-75.211139","1,191","Microgramos por metro cúbico","ug/m3","1,440","73","Tolima","73001","Ibagué","Fija"
"8258","CORTOLIMA","CORTOLIMA","PM10","30.11","2020 Nov 09 12:00:00 AM","2020 Nov 10 12:00:00 AM","4.433181","-75.211139","1,191","Microgramos por metro cúbico","ug/m3","1,440","73","Tolima","73001","Ibagué","Fija"
"8258","CORTOLIMA","CORTOLIMA","PM10","32.22","2020 May 26 12:00:00 AM","2020 May 27 12:00:00 AM","4.433181","-75.211139","1,191","Microgramos por metro cúbico","ug/m3","1,440","73","Tolima","73001","Ibagué","Fija"
"8258","CORTOLIMA","CORTOLIMA","PM10","29.75","2020 Oct 21 12:00:00 AM","2020 Oct 22 12:00:00 AM","4.433181","-75.211139","1,191","Microgramos por metro cúbico","ug/m3","1,440","73","Tolima","73001","Ibagué","Fija"
"8258","CORTOLIMA","CORTOLIMA","PM10","33.79","2020 Aug 14 12:00:00 AM","2020 Aug 15 12:00:00 AM","4.433181","-75.211139","1,191","Microgramos por metro cúbico","ug/m3","1,440","73","Tolima","73001","Ibagué","Fija"
"8258","CORTOLIMA","CORTOLIMA","PM10","30.04","2020 Mar 22 12:00:00 AM","2020 Mar 23 12:00:00 AM","4.433181","-75.211139","1,191","Microgramos por metro cúbico","ug/m3","1,440","73","Tolima","73001","Ibagué","Fija"
"8258","CORTOLIMA","CORTOLIMA","PM10","28.17","2020 Jun 22 12:00:00 AM","2020 Jun 23 12:00:00 AM","4.433181","-75.211139","1,191","Microgramos por metro cúbico","ug/m3","1,440","73","Tolima","73001","Ibagué","Fija"
"8258","CORTOLIMA","CORTOLIMA","PM10","29.91","2020 Nov 18 12:00:00 AM","2020 Nov 19 12:00:00 AM","4.433181","-75.211139","1,191","Microgramos por metro cúbico","ug/m3","1,440","73","Tolima","73001","Ibagué","Fija"
"8258","CORTOLIMA","CORTOLIMA","PM10","31.61","2020 Aug 27 12:00:00 AM","2020 Aug 28 12:00:00 AM","4.433181","-75.211139","1,191","Microgramos por metro cúbico","ug/m3","1,440","73","Tolima","73001","Ibagué","Fija"
"8258","CORTOLIMA","CORTOLIMA","PM10","20.19","2020 May 05 12:00:00 AM","2020 May 06 12:00:00 AM","4.433181","-75.211139","1,191","Microgramos por metro cúbico","ug/m3","1,440","73","Tolima","73001","Ibagué","Fija"
"8258","CORTOLIMA","CORTOLIMA","PM10","26","2020 Nov 20 12:00:00 AM","2020 Nov 21 12:00:00 AM","4.433181","-75.211139","1,191","Microgramos por metro cúbico","ug/m3","1,440","73","Tolima","73001","Ibagué","Fija"
"8258","CORTOLIMA","CORTOLIMA","PM10","25.76","2020 Jun 28 12:00:00 AM","2020 Jun 29 12:00:00 AM","4.433181","-75.211139","1,191","Microgramos por metro cúbico","ug/m3","1,440","73","Tolima","73001","Ibagué","Fija"
"8258","CORTOLIMA","CORTOLIMA","PM10","29.78","2020 Oct 13 12:00:00 AM","2020 Oct 14 12:00:00 AM","4.433181","-75.211139","1,191","Microgramos por metro cúbico","ug/m3","1,440","73","Tolima","73001","Ibagué","Fija"
"8258","CORTOLIMA","CORTOLIMA","PM10","24.56","2020 Dec 10 12:00:00 AM","2020 Dec 11 12:00:00 AM","4.433181","-75.211139","1,191","Microgramos por metro cúbico","ug/m3","1,440","73","Tolima","73001","Ibagué","Fija"
"8258","CORTOLIMA","CORTOLIMA","PM10","21.37","2020 Apr 18 12:00:00 AM","2020 Apr 19 12:00:00 AM","4.433181","-75.211139","1,191","Microgramos por metro cúbico","ug/m3","1,440","73","Tolima","73001","Ibagué","Fija"
"8258","CORTOLIMA","CORTOLIMA","PM10","34.93","2020 May 19 12:00:00 AM","2020 May 20 12:00:00 AM","4.433181","-75.211139","1,191","Microgramos por metro cúbico","ug/m3","1,440","73","Tolima","73001","Ibagué","Fija"
"8258","CORTOLIMA","CORTOLIMA","PM10","30.43","2020 Dec 24 12:00:00 AM","2020 Dec 25 12:00:00 AM","4.433181","-75.211139","1,191","Microgramos por metro cúbico","ug/m3","1,440","73","Tolima","73001","Ibagué","Fija"
"8258","CORTOLIMA","CORTOLIMA","PM10","18.19","2020 May 04 12:00:00 AM","2020 May 05 12:00:00 AM","4.433181","-75.211139","1,191","Microgramos por metro cúbico","ug/m3","1,440","73","Tolima","73001","Ibagué","Fija"
"8258","CORTOLIMA","CORTOLIMA","PM10","41.05","2020 Jan 08 12:00:00 AM","2020 Jan 09 12:00:00 AM","4.433181","-75.211139","1,191","Microgramos por metro cúbico","ug/m3","1,440","73","Tolima","73001","Ibagué","Fija"
"31477","CORTOLIMA","POLICÍA DE CARRETERAS","PM10","25.37","2020 Jan 05 12:00:00 AM","2020 Jan 06 12:00:00 AM","4.435278","-75.202222","1,126","Microgramos por metro cúbico","ug/m3","1,440","73","Tolima","73001","Ibagué","Fija"
"8258","CORTOLIMA","CORTOLIMA","PM10","26.45","2020 Jun 21 12:00:00 AM","2020 Jun 22 12:00:00 AM","4.433181","-75.211139","1,191","Microgramos por metro cúbico","ug/m3","1,440","73","Tolima","73001","Ibagué","Fija"
"8258","CORTOLIMA","CORTOLIMA","PM10","34.06","2020 Sep 03 12:00:00 AM","2020 Sep 04 12:00:00 AM","4.433181","-75.211139","1,191","Microgramos por metro cúbico","ug/m3","1,440","73","Tolima","73001","Ibagué","Fija"
"8258","CORTOLIMA","CORTOLIMA","PM10","17.61","2020 Apr 15 12:00:00 AM","2020 Apr 16 12:00:00 AM","4.433181","-75.211139","1,191","Microgramos por metro cúbico","ug/m3","1,440","73","Tolima","73001","Ibagué","Fija"
"8258","CORTOLIMA","CORTOLIMA","PM10","28.61","2020 Sep 13 12:00:00 AM","2020 Sep 14 12:00:00 AM","4.433181","-75.211139","1,191","Microgramos por metro cúbico","ug/m3","1,440","73","Tolima","73001","Ibagué","Fija"
"8258","CORTOLIMA","CORTOLIMA","PM10","32.71","2020 Mar 04 12:00:00 AM","2020 Mar 05 12:00:00 AM","4.433181","-75.211139","1,191","Microgramos por metro cúbico","ug/m3","1,440","73","Tolima","73001","Ibagué","Fija"
"8258","CORTOLIMA","CORTOLIMA","PM10","25.68","2020 Nov 05 12:00:00 AM","2020 Nov 06 12:00:00 AM","4.433181","-75.211139","1,191","Microgramos por metro cúbico","ug/m3","1,440","73","Tolima","73001","Ibagué","Fija"
"8258","CORTOLIMA","CORTOLIMA","PM10","30.22","2020 Jun 20 12:00:00 AM","2020 Jun 21 12:00:00 AM","4.433181","-75.211139","1,191","Microgramos por metro cúbico","ug/m3","1,440","73","Tolima","73001","Ibagué","Fija"
"8258","CORTOLIMA","CORTOLIMA","PM10","33.39","2020 May 22 12:00:00 AM","2020 May 23 12:00:00 AM","4.433181","-75.211139","1,191","Microgramos por metro cúbico","ug/m3","1,440","73","Tolima","73001","Ibagué","Fija"
"8258","CORTOLIMA","CORTOLIMA","PM10","36.23","2020 Aug 11 12:00:00 AM","2020 Aug 12 12:00:00 AM","4.433181","-75.211139","1,191","Microgramos por metro cúbico","ug/m3","1,440","73","Tolima","73001","Ibagué","Fija"
"31477","CORTOLIMA","POLICÍA DE CARRETERAS","PM10","28.17","2020 Jan 26 12:00:00 AM","2020 Jan 27 12:00:00 AM","4.435278","-75.202222","1,126","Microgramos por metro cúbico","ug/m3","1,440","73","Tolima","73001","Ibagué","Fija"
"8258","CORTOLIMA","CORTOLIMA","PM10","27.02","2020 May 10 12:00:00 AM","2020 May 11 12:00:00 AM","4.433181","-75.211139","1,191","Microgramos por metro cúbico","ug/m3","1,440","73","Tolima","73001","Ibagué","Fija"
"8258","CORTOLIMA","CORTOLIMA","PM10","30.26","2020 Aug 23 12:00:00 AM","2020 Aug 24 12:00:00 AM","4.433181","-75.211139","1,191","Microgramos por metro cúbico","ug/m3","1,440","73","Tolima","73001","Ibagué","Fija"
"8258","CORTOLIMA","CORTOLIMA","PM10","27.42","2020 May 23 12:00:00 AM","2020 May 24 12:00:00 AM","4.433181","-75.211139","1,191","Microgramos por metro cúbico","ug/m3","1,440","73","Tolima","73001","Ibagué","Fija"
"8258","CORTOLIMA","CORTOLIMA","PM10","29.39","2020 Jul 30 12:00:00 AM","2020 Jul 31 12:00:00 AM","4.433181","-75.211139","1,191","Microgramos por metro cúbico","ug/m3","1,440","73","Tolima","73001","Ibagué","Fija"
"8258","CORTOLIMA","CORTOLIMA","PM10","33","2020 Feb 27 12:00:00 AM","2020 Feb 28 12:00:00 AM","4.433181","-75.211139","1,191","Microgramos por metro cúbico","ug/m3","1,440","73","Tolima","73001","Ibagué","Fija"
"8258","CORTOLIMA","CORTOLIMA","PM10","19.77","2020 Apr 11 12:00:00 AM","2020 Apr 12 12:00:00 AM","4.433181","-75.211139","1,191","Microgramos por metro cúbico","ug/m3","1,440","73","Tolima","73001","Ibagué","Fija"
"8258","CORTOLIMA","CORTOLIMA","PM10","21.15","2020 Apr 08 12:00:00 AM","2020 Apr 09 12:00:00 AM","4.433181","-75.211139","1,191","Microgramos por metro cúbico","ug/m3","1,440","73","Tolima","73001","Ibagué","Fija"
"8258","CORTOLIMA","CORTOLIMA","PM10","24.67","2020 Dec 17 12:00:00 AM","2020 Dec 18 12:00:00 AM","4.433181","-75.211139","1,191","Microgramos por metro cúbico","ug/m3","1,440","73","Tolima","73001","Ibagué","Fija"
"8258","CORTOLIMA","CORTOLIMA","PM10","31.67","2020 Aug 28 12:00:00 AM","2020 Aug 29 12:00:00 AM","4.433181","-75.211139","1,191","Microgramos por metro cúbico","ug/m3","1,440","73","Tolima","73001","Ibagué","Fija"
"8258","CORTOLIMA","CORTOLIMA","PM10","20.66","2020 Apr 03 12:00:00 AM","2020 Apr 04 12:00:00 AM","4.433181","-75.211139","1,191","Microgramos por metro cúbico","ug/m3","1,440","73","Tolima","73001","Ibagué","Fija"
"8258","CORTOLIMA","CORTOLIMA","PM10","37.25","2020 Jan 16 12:00:00 AM","2020 Jan 17 12:00:00 AM","4.433181","-75.211139","1,191","Microgramos por metro cúbico","ug/m3","1,440","73","Tolima","73001","Ibagué","Fija"
"8258","CORTOLIMA","CORTOLIMA","PM10","28.19","2020 Dec 02 12:00:00 AM","2020 Dec 03 12:00:00 AM","4.433181","-75.211139","1,191","Microgramos por metro cúbico","ug/m3","1,440","73","Tolima","73001","Ibagué","Fija"
"8258","CORTOLIMA","CORTOLIMA","PM10","37.87","2020 Feb 02 12:00:00 AM","2020 Feb 03 12:00:00 AM","4.433181","-75.211139","1,191","Microgramos por metro cúbico","ug/m3","1,440","73","Tolima","73001","Ibagué","Fija"
"8258","CORTOLIMA","CORTOLIMA","PM10","30.28","2020 Aug 31 12:00:00 AM","2020 Sep 01 12:00:00 AM","4.433181","-75.211139","1,191","Microgramos por metro cúbico","ug/m3","1,440","73","Tolima","73001","Ibagué","Fija"
"8258","CORTOLIMA","CORTOLIMA","PM10","34.22","2020 May 27 12:00:00 AM","2020 May 28 12:00:00 AM","4.433181","-75.211139","1,191","Microgramos por metro cúbico","ug/m3","1,440","73","Tolima","73001","Ibagué","Fija"
"31477","CORTOLIMA","POLICÍA DE CARRETERAS","PM10","26.75","2020 Feb 07 12:00:00 AM","2020 Feb 08 12:00:00 AM","4.435278","-75.202222","1,126","Microgramos por metro cúbico","ug/m3","1,440","73","Tolima","73001","Ibagué","Fija"
"8258","CORTOLIMA","CORTOLIMA","PM10","33.86","2020 Feb 25 12:00:00 AM","2020 Feb 26 12:00:00 AM","4.433181","-75.211139","1,191","Microgramos por metro cúbico","ug/m3","1,440","73","Tolima","73001","Ibagué","Fija"
"8258","CORTOLIMA","CORTOLIMA","PM10","24.89","2020 Jun 06 12:00:00 AM","2020 Jun 07 12:00:00 AM","4.433181","-75.211139","1,191","Microgramos por metro cúbico","ug/m3","1,440","73","Tolima","73001","Ibagué","Fija"
"8258","CORTOLIMA","CORTOLIMA","PM10","42.44","2020 Feb 05 12:00:00 AM","2020 Feb 06 12:00:00 AM","4.433181","-75.211139","1,191","Microgramos por metro cúbico","ug/m3","1,440","73","Tolima","73001","Ibagué","Fija"
"8258","CORTOLIMA","CORTOLIMA","PM10","18.78","2020 Apr 23 12:00:00 AM","2020 Apr 24 12:00:00 AM","4.433181","-75.211139","1,191","Microgramos por metro cúbico","ug/m3","1,440","73","Tolima","73001","Ibagué","Fija"
"8258","CORTOLIMA","CORTOLIMA","PM10","29.26","2020 May 30 12:00:00 AM","2020 May 31 12:00:00 AM","4.433181","-75.211139","1,191","Microgramos por metro cúbico","ug/m3","1,440","73","Tolima","73001","Ibagué","Fija"
"8258","CORTOLIMA","CORTOLIMA","PM10","28.29","2020 Jun 17 12:00:00 AM","2020 Jun 18 12:00:00 AM","4.433181","-75.211139","1,191","Microgramos por metro cúbico","ug/m3","1,440","73","Tolima","73001","Ibagué","Fija"
"8258","CORTOLIMA","CORTOLIMA","PM10","32.86","2020 Sep 11 12:00:00 AM","2020 Sep 12 12:00:00 AM","4.433181","-75.211139","1,191","Microgramos por metro cúbico","ug/m3","1,440","73","Tolima","73001","Ibagué","Fija"
"8258","CORTOLIMA","CORTOLIMA","PM10","24.82","2020 Jun 15 12:00:00 AM","2020 Jun 16 12:00:00 AM","4.433181","-75.211139","1,191","Microgramos por metro cúbico","ug/m3","1,440","73","Tolima","73001","Ibagué","Fija"
"8258","CORTOLIMA","CORTOLIMA","PM10","18.61","2020 Apr 05 12:00:00 AM","2020 Apr 06 12:00:00 AM","4.433181","-75.211139","1,191","Microgramos por metro cúbico","ug/m3","1,440","73","Tolima","73001","Ibagué","Fija"
"8258","CORTOLIMA","CORTOLIMA","PM10","29.55","2020 Nov 04 12:00:00 AM","2020 Nov 05 12:00:00 AM","4.433181","-75.211139","1,191","Microgramos por metro cúbico","ug/m3","1,440","73","Tolima","73001","Ibagué","Fija"
"8258","CORTOLIMA","CORTOLIMA","PM10","39.66","2020 Sep 22 12:00:00 AM","2020 Sep 23 12:00:00 AM","4.433181","-75.211139","1,191","Microgramos por metro cúbico","ug/m3","1,440","73","Tolima","73001","Ibagué","Fija"
"8258","CORTOLIMA","CORTOLIMA","PM10","32.54","2020 Mar 19 12:00:00 AM","2020 Mar 20 12:00:00 AM","4.433181","-75.211139","1,191","Microgramos por metro cúbico","ug/m3","1,440","73","Tolima","73001","Ibagué","Fija"
"8258","CORTOLIMA","CORTOLIMA","PM10","26.18","2020 Oct 17 12:00:00 AM","2020 Oct 18 12:00:00 AM","4.433181","-75.211139","1,191","Microgramos por metro cúbico","ug/m3","1,440","73","Tolima","73001","Ibagué","Fija"
"8258","CORTOLIMA","CORTOLIMA","PM10","29.73","2020 Mar 07 12:00:00 AM","2020 Mar 08 12:00:00 AM","4.433181","-75.211139","1,191","Microgramos por metro cúbico","ug/m3","1,440","73","Tolima","73001","Ibagué","Fija"
"8258","CORTOLIMA","CORTOLIMA","PM10","25.92","2020 Oct 29 12:00:00 AM","2020 Oct 30 12:00:00 AM","4.433181","-75.211139","1,191","Microgramos por metro cúbico","ug/m3","1,440","73","Tolima","73001","Ibagué","Fija"
"8258","CORTOLIMA","CORTOLIMA","PM10","22.47","2020 Dec 18 12:00:00 AM","2020 Dec 19 12:00:00 AM","4.433181","-75.211139","1,191","Microgramos por metro cúbico","ug/m3","1,440","73","Tolima","73001","Ibagué","Fija"
"8258","CORTOLIMA","CORTOLIMA","PM10","33.66","2020 Mar 17 12:00:00 AM","2020 Mar 18 12:00:00 AM","4.433181","-75.211139","1,191","Microgramos por metro cúbico","ug/m3","1,440","73","Tolima","73001","Ibagué","Fija"
"8258","CORTOLIMA","CORTOLIMA","PM10","34.76","2020 Aug 16 12:00:00 AM","2020 Aug 17 12:00:00 AM","4.433181","-75.211139","1,191","Microgramos por metro cúbico","ug/m3","1,440","73","Tolima","73001","Ibagué","Fija"
"8258","CORTOLIMA","CORTOLIMA","PM10","40.68","2020 Sep 24 12:00:00 AM","2020 Sep 25 12:00:00 AM","4.433181","-75.211139","1,191","Microgramos por metro cúbico","ug/m3","1,440","73","Tolima","73001","Ibagué","Fija"
"8258","CORTOLIMA","CORTOLIMA","PM10","35.73","2020 Aug 20 12:00:00 AM","2020 Aug 21 12:00:00 AM","4.433181","-75.211139","1,191","Microgramos por metro cúbico","ug/m3","1,440","73","Tolima","73001","Ibagué","Fija"
"8258","CORTOLIMA","CORTOLIMA","PM10","21.29","2020 Apr 07 12:00:00 AM","2020 Apr 08 12:00:00 AM","4.433181","-75.211139","1,191","Microgramos por metro cúbico","ug/m3","1,440","73","Tolima","73001","Ibagué","Fija"
"8258","CORTOLIMA","CORTOLIMA","PM10","25.01","2020 Oct 11 12:00:00 AM","2020 Oct 12 12:00:00 AM","4.433181","-75.211139","1,191","Microgramos por metro cúbico","ug/m3","1,440","73","Tolima","73001","Ibagué","Fija"
"8258","CORTOLIMA","CORTOLIMA","PM10","36.77","2020 Feb 11 12:00:00 AM","2020 Feb 12 12:00:00 AM","4.433181","-75.211139","1,191","Microgramos por metro cúbico","ug/m3","1,440","73","Tolima","73001","Ibagué","Fija"
"8258","CORTOLIMA","CORTOLIMA","PM10","27.93","2020 Aug 03 12:00:00 AM","2020 Aug 04 12:00:00 AM","4.433181","-75.211139","1,191","Microgramos por metro cúbico","ug/m3","1,440","73","Tolima","73001","Ibagué","Fija"
"8258","CORTOLIMA","CORTOLIMA","PM10","17.95","2020 May 02 12:00:00 AM","2020 May 03 12:00:00 AM","4.433181","-75.211139","1,191","Microgramos por metro cúbico","ug/m3","1,440","73","Tolima","73001","Ibagué","Fija"
"8258","CORTOLIMA","CORTOLIMA","PM10","33.01","2020 Mar 24 12:00:00 AM","2020 Mar 25 12:00:00 AM","4.433181","-75.211139","1,191","Microgramos por metro cúbico","ug/m3","1,440","73","Tolima","73001","Ibagué","Fija"
"8258","CORTOLIMA","CORTOLIMA","PM10","35.38","2020 Jan 10 12:00:00 AM","2020 Jan 11 12:00:00 AM","4.433181","-75.211139","1,191","Microgramos por metro cúbico","ug/m3","1,440","73","Tolima","73001","Ibagué","Fija"
"8258","CORTOLIMA","CORTOLIMA","PM10","24.71","2020 Jun 13 12:00:00 AM","2020 Jun 14 12:00:00 AM","4.433181","-75.211139","1,191","Microgramos por metro cúbico","ug/m3","1,440","73","Tolima","73001","Ibagué","Fija"
"8258","CORTOLIMA","CORTOLIMA","PM10","21.33","2020 Apr 13 12:00:00 AM","2020 Apr 14 12:00:00 AM","4.433181","-75.211139","1,191","Microgramos por metro cúbico","ug/m3","1,440","73","Tolima","73001","Ibagué","Fija"
"8258","CORTOLIMA","CORTOLIMA","PM10","33.86","2020 Mar 11 12:00:00 AM","2020 Mar 12 12:00:00 AM","4.433181","-75.211139","1,191","Microgramos por metro cúbico","ug/m3","1,440","73","Tolima","73001","Ibagué","Fija"
"8258","CORTOLIMA","CORTOLIMA","PM10","35.74","2020 Jan 05 12:00:00 AM","2020 Jan 06 12:00:00 AM","4.433181","-75.211139","1,191","Microgramos por metro cúbico","ug/m3","1,440","73","Tolima","73001","Ibagué","Fija"
"8258","CORTOLIMA","CORTOLIMA","PM10","33.46","2020 Aug 08 12:00:00 AM","2020 Aug 09 12:00:00 AM","4.433181","-75.211139","1,191","Microgramos por metro cúbico","ug/m3","1,440","73","Tolima","73001","Ibagué","Fija"
"8258","CORTOLIMA","CORTOLIMA","PM10","17.65","2020 Apr 29 12:00:00 AM","2020 Apr 30 12:00:00 AM","4.433181","-75.211139","1,191","Microgramos por metro cúbico","ug/m3","1,440","73","Tolima","73001","Ibagué","Fija"
"8258","CORTOLIMA","CORTOLIMA","PM10","26.24","2020 May 11 12:00:00 AM","2020 May 12 12:00:00 AM","4.433181","-75.211139","1,191","Microgramos por metro cúbico","ug/m3","1,440","73","Tolima","73001","Ibagué","Fija"
"8258","CORTOLIMA","CORTOLIMA","PM10","25.63","2020 Dec 27 12:00:00 AM","2020 Dec 28 12:00:00 AM","4.433181","-75.211139","1,191","Microgramos por metro cúbico","ug/m3","1,440","73","Tolima","73001","Ibagué","Fija"
"8258","CORTOLIMA","CORTOLIMA","PM10","20.78","2020 Apr 14 12:00:00 AM","2020 Apr 15 12:00:00 AM","4.433181","-75.211139","1,191","Microgramos por metro cúbico","ug/m3","1,440","73","Tolima","73001","Ibagué","Fija"
"8258","CORTOLIMA","CORTOLIMA","PM10","32.99","2020 Mar 03 12:00:00 AM","2020 Mar 04 12:00:00 AM","4.433181","-75.211139","1,191","Microgramos por metro cúbico","ug/m3","1,440","73","Tolima","73001","Ibagué","Fija"
"8258","CORTOLIMA","CORTOLIMA","PM10","24.69","2020 May 16 12:00:00 AM","2020 May 17 12:00:00 AM","4.433181","-75.211139","1,191","Microgramos por metro cúbico","ug/m3","1,440","73","Tolima","73001","Ibagué","Fija"
"8258","CORTOLIMA","CORTOLIMA","PM10","23.27","2020 Mar 29 12:00:00 AM","2020 Mar 30 12:00:00 AM","4.433181","-75.211139","1,191","Microgramos por metro cúbico","ug/m3","1,440","73","Tolima","73001","Ibagué","Fija"
"8258","CORTOLIMA","CORTOLIMA","PM10","25.02","2020 Oct 25 12:00:00 AM","2020 Oct 26 12:00:00 AM","4.433181","-75.211139","1,191","Microgramos por metro cúbico","ug/m3","1,440","73","Tolima","73001","Ibagué","Fija"
"8258","CORTOLIMA","CORTOLIMA","PM10","29.64","2020 Oct 28 12:00:00 AM","2020 Oct 29 12:00:00 AM","4.433181","-75.211139","1,191","Microgramos por metro cúbico","ug/m3","1,440","73","Tolima","73001","Ibagué","Fija"
"8258","CORTOLIMA","CORTOLIMA","PM10","28.95","2020 Jun 10 12:00:00 AM","2020 Jun 11 12:00:00 AM","4.433181","-75.211139","1,191","Microgramos por metro cúbico","ug/m3","1,440","73","Tolima","73001","Ibagué","Fija"
"8258","CORTOLIMA","CORTOLIMA","PM10","33.84","2020 Mar 09 12:00:00 AM","2020 Mar 10 12:00:00 AM","4.433181","-75.211139","1,191","Microgramos por metro cúbico","ug/m3","1,440","73","Tolima","73001","Ibagué","Fija"
"8258","CORTOLIMA","CORTOLIMA","PM10","36.15","2020 Jan 20 12:00:00 AM","2020 Jan 21 12:00:00 AM","4.433181","-75.211139","1,191","Microgramos por metro cúbico","ug/m3","1,440","73","Tolima","73001","Ibagué","Fija"
"8258","CORTOLIMA","CORTOLIMA","PM10","31.65","2020 Oct 03 12:00:00 AM","2020 Oct 04 12:00:00 AM","4.433181","-75.211139","1,191","Microgramos por metro cúbico","ug/m3","1,440","73","Tolima","73001","Ibagué","Fija"
"8258","CORTOLIMA","CORTOLIMA","PM10","35.24","2020 Jan 31 12:00:00 AM","2020 Feb 01 12:00:00 AM","4.433181","-75.211139","1,191","Microgramos por metro cúbico","ug/m3","1,440","73","Tolima","73001","Ibagué","Fija"
"8258","CORTOLIMA","CORTOLIMA","PM10","30.66","2020 Dec 22 12:00:00 AM","2020 Dec 23 12:00:00 AM","4.433181","-75.211139","1,191","Microgramos por metro cúbico","ug/m3","1,440","73","Tolima","73001","Ibagué","Fija"
"8258","CORTOLIMA","CORTOLIMA","PM10","32.32","2020 Aug 05 12:00:00 AM","2020 Aug 06 12:00:00 AM","4.433181","-75.211139","1,191","Microgramos por metro cúbico","ug/m3","1,440","73","Tolima","73001","Ibagué","Fija"
"8258","CORTOLIMA","CORTOLIMA","PM10","34.54","2020 Aug 10 12:00:00 AM","2020 Aug 11 12:00:00 AM","4.433181","-75.211139","1,191","Microgramos por metro cúbico","ug/m3","1,440","73","Tolima","73001","Ibagué","Fija"
"8258","CORTOLIMA","CORTOLIMA","PM10","38.5","2020 Feb 13 12:00:00 AM","2020 Feb 14 12:00:00 AM","4.433181","-75.211139","1,191","Microgramos por metro cúbico","ug/m3","1,440","73","Tolima","73001","Ibagué","Fija"
"8258","CORTOLIMA","CORTOLIMA","PM10","25.26","2020 Dec 15 12:00:00 AM","2020 Dec 16 12:00:00 AM","4.433181","-75.211139","1,191","Microgramos por metro cúbico","ug/m3","1,440","73","Tolima","73001","Ibagué","Fija"
"8258","CORTOLIMA","CORTOLIMA","PM10","36.34","2020 Sep 09 12:00:00 AM","2020 Sep 10 12:00:00 AM","4.433181","-75.211139","1,191","Microgramos por metro cúbico","ug/m3","1,440","73","Tolima","73001","Ibagué","Fija"
"8258","CORTOLIMA","CORTOLIMA","PM10","32.36","2020 Mar 23 12:00:00 AM","2020 Mar 24 12:00:00 AM","4.433181","-75.211139","1,191","Microgramos por metro cúbico","ug/m3","1,440","73","Tolima","73001","Ibagué","Fija"
"8258","CORTOLIMA","CORTOLIMA","PM10","28.32","2020 Nov 14 12:00:00 AM","2020 Nov 15 12:00:00 AM","4.433181","-75.211139","1,191","Microgramos por metro cúbico","ug/m3","1,440","73","Tolima","73001","Ibagué","Fija"
"8258","CORTOLIMA","CORTOLIMA","PM10","36.3","2020 Sep 26 12:00:00 AM","2020 Sep 27 12:00:00 AM","4.433181","-75.211139","1,191","Microgramos por metro cúbico","ug/m3","1,440","73","Tolima","73001","Ibagué","Fija"
"31477","CORTOLIMA","POLICÍA DE CARRETERAS","PM10","33.4","2020 Feb 13 12:00:00 AM","2020 Feb 14 12:00:00 AM","4.435278","-75.202222","1,126","Microgramos por metro cúbico","ug/m3","1,440","73","Tolima","73001","Ibagué","Fija"
"8258","CORTOLIMA","CORTOLIMA","PM10","30.88","2020 Jul 29 12:00:00 AM","2020 Jul 30 12:00:00 AM","4.433181","-75.211139","1,191","Microgramos por metro cúbico","ug/m3","1,440","73","Tolima","73001","Ibagué","Fija"
"8258","CORTOLIMA","CORTOLIMA","PM10","23.92","2020 Jun 12 12:00:00 AM","2020 Jun 13 12:00:00 AM","4.433181","-75.211139","1,191","Microgramos por metro cúbico","ug/m3","1,440","73","Tolima","73001","Ibagué","Fija"
"31477","CORTOLIMA","POLICÍA DE CARRETERAS","PM10","27","2021 Oct 28 12:00:00 AM","2021 Oct 29 12:00:00 AM","4.435278","-75.202222","1,126","Microgramos por metro cúbico","ug/m3","1,440","73","Tolima","73001","Ibagué","Fija"
"8258","CORTOLIMA","CORTOLIMA","PM10","23.39","2021 Sep 24 12:00:00 AM","2021 Sep 25 12:00:00 AM","4.433181","-75.211139","1,191","Microgramos por metro cúbico","ug/m3","1,440","73","Tolima","73001","Ibagué","Fija"
"8258","CORTOLIMA","CORTOLIMA","PM10","20.88","2021 Oct 10 12:00:00 AM","2021 Oct 11 12:00:00 AM","4.433181","-75.211139","1,191","Microgramos por metro cúbico","ug/m3","1,440","73","Tolima","73001","Ibagué","Fija"
"31477","CORTOLIMA","POLICÍA DE CARRETERAS","PM10","23","2021 May 22 12:00:00 AM","2021 May 23 12:00:00 AM","4.435278","-75.202222","1,126","Microgramos por metro cúbico","ug/m3","1,440","73","Tolima","73001","Ibagué","Fija"
"31477","CORTOLIMA","POLICÍA DE CARRETERAS","PM10","27","2021 Nov 21 12:00:00 AM","2021 Nov 22 12:00:00 AM","4.435278","-75.202222","1,126","Microgramos por metro cúbico","ug/m3","1,440","73","Tolima","73001","Ibagué","Fija"
"8258","CORTOLIMA","CORTOLIMA","PM10","31.87","2021 May 18 12:00:00 AM","2021 May 19 12:00:00 AM","4.433181","-75.211139","1,191","Microgramos por metro cúbico","ug/m3","1,440","73","Tolima","73001","Ibagué","Fija"
"8258","CORTOLIMA","CORTOLIMA","PM10","30.91","2021 May 29 12:00:00 AM","2021 May 30 12:00:00 AM","4.433181","-75.211139","1,191","Microgramos por metro cúbico","ug/m3","1,440","73","Tolima","73001","Ibagué","Fija"
"8258","CORTOLIMA","CORTOLIMA","PM10","24.51","2021 Apr 21 12:00:00 AM","2021 Apr 22 12:00:00 AM","4.433181","-75.211139","1,191","Microgramos por metro cúbico","ug/m3","1,440","73","Tolima","73001","Ibagué","Fija"
"8258","CORTOLIMA","CORTOLIMA","PM10","26.35","2021 Jul 23 12:00:00 AM","2021 Jul 24 12:00:00 AM","4.433181","-75.211139","1,191","Microgramos por metro cúbico","ug/m3","1,440","73","Tolima","73001","Ibagué","Fija"
"8258","CORTOLIMA","CORTOLIMA","PM10","28.44","2021 Jun 02 12:00:00 AM","2021 Jun 03 12:00:00 AM","4.433181","-75.211139","1,191","Microgramos por metro cúbico","ug/m3","1,440","73","Tolima","73001","Ibagué","Fija"
"8258","CORTOLIMA","CORTOLIMA","PM10","30.22","2021 Jan 10 12:00:00 AM","2021 Jan 11 12:00:00 AM","4.433181","-75.211139","1,191","Microgramos por metro cúbico","ug/m3","1,440","73","Tolima","73001","Ibagué","Fija"
"8258","CORTOLIMA","CORTOLIMA","PM10","23.11","2021 Mar 26 12:00:00 AM","2021 Mar 27 12:00:00 AM","4.433181","-75.211139","1,191","Microgramos por metro cúbico","ug/m3","1,440","73","Tolima","73001","Ibagué","Fija"
"8258","CORTOLIMA","CORTOLIMA","PM10","25.64","2021 Sep 07 12:00:00 AM","2021 Sep 08 12:00:00 AM","4.433181","-75.211139","1,191","Microgramos por metro cúbico","ug/m3","1,440","73","Tolima","73001","Ibagué","Fija"
"31477","CORTOLIMA","POLICÍA DE CARRETERAS","PM10","22.13","2021 Jan 04 12:00:00 AM","2021 Jan 05 12:00:00 AM","4.435278","-75.202222","1,126","Microgramos por metro cúbico","ug/m3","1,440","73","Tolima","73001","Ibagué","Fija"
"8258","CORTOLIMA","CORTOLIMA","PM10","26.54","2021 Mar 15 12:00:00 AM","2021 Mar 16 12:00:00 AM","4.433181","-75.211139","1,191","Microgramos por metro cúbico","ug/m3","1,440","73","Tolima","73001","Ibagué","Fija"
"31477","CORTOLIMA","POLICÍA DE CARRETERAS","PM10","28","2021 Jun 15 12:00:00 AM","2021 Jun 16 12:00:00 AM","4.435278","-75.202222","1,126","Microgramos por metro cúbico","ug/m3","1,440","73","Tolima","73001","Ibagué","Fija"
"8258","CORTOLIMA","CORTOLIMA","PM10","26.57","2021 Jan 02 12:00:00 AM","2021 Jan 03 12:00:00 AM","4.433181","-75.211139","1,191","Microgramos por metro cúbico","ug/m3","1,440","73","Tolima","73001","Ibagué","Fija"
"8258","CORTOLIMA","CORTOLIMA","PM10","25.46","2021 Jul 18 12:00:00 AM","2021 Jul 19 12:00:00 AM","4.433181","-75.211139","1,191","Microgramos por metro cúbico","ug/m3","1,440","73","Tolima","73001","Ibagué","Fija"
"8258","CORTOLIMA","CORTOLIMA","PM10","21.35","2021 Aug 15 12:00:00 AM","2021 Aug 16 12:00:00 AM","4.433181","-75.211139","1,191","Microgramos por metro cúbico","ug/m3","1,440","73","Tolima","73001","Ibagué","Fija"
"8258","CORTOLIMA","CORTOLIMA","PM10","23.61","2021 Oct 15 12:00:00 AM","2021 Oct 16 12:00:00 AM","4.433181","-75.211139","1,191","Microgramos por metro cúbico","ug/m3","1,440","73","Tolima","73001","Ibagué","Fija"
"31477","CORTOLIMA","POLICÍA DE CARRETERAS","PM10","26","2021 Dec 15 12:00:00 AM","2021 Dec 16 12:00:00 AM","4.435278","-75.202222","1,126","Microgramos por metro cúbico","ug/m3","1,440","73","Tolima","73001","Ibagué","Fija"
"8258","CORTOLIMA","CORTOLIMA","PM10","22.59","2021 Mar 13 12:00:00 AM","2021 Mar 14 12:00:00 AM","4.433181","-75.211139","1,191","Microgramos por metro cúbico","ug/m3","1,440","73","Tolima","73001","Ibagué","Fija"
"8258","CORTOLIMA","CORTOLIMA","PM10","30.17","2021 Jan 05 12:00:00 AM","2021 Jan 06 12:00:00 AM","4.433181","-75.211139","1,191","Microgramos por metro cúbico","ug/m3","1,440","73","Tolima","73001","Ibagué","Fija"
"31477","CORTOLIMA","POLICÍA DE CARRETERAS","PM10","25.42","2021 Jul 15 12:00:00 AM","2021 Jul 16 12:00:00 AM","4.435278","-75.202222","1,126","Microgramos por metro cúbico","ug/m3","1,440","73","Tolima","73001","Ibagué","Fija"
"8258","CORTOLIMA","CORTOLIMA","PM10","28.62","2021 Feb 06 12:00:00 AM","2021 Feb 07 12:00:00 AM","4.433181","-75.211139","1,191","Microgramos por metro cúbico","ug/m3","1,440","73","Tolima","73001","Ibagué","Fija"
"31477","CORTOLIMA","POLICÍA DE CARRETERAS","PM10","21","2021 May 07 12:00:00 AM","2021 May 08 12:00:00 AM","4.435278","-75.202222","1,126","Microgramos por metro cúbico","ug/m3","1,440","73","Tolima","73001","Ibagué","Fija"
"31477","CORTOLIMA","POLICÍA DE CARRETERAS","PM10","24.25","2021 Jul 17 12:00:00 AM","2021 Jul 18 12:00:00 AM","4.435278","-75.202222","1,126","Microgramos por metro cúbico","ug/m3","1,440","73","Tolima","73001","Ibagué","Fija"
"8258","CORTOLIMA","CORTOLIMA","PM10","24.76","2021 Apr 30 12:00:00 AM","2021 May 01 12:00:00 AM","4.433181","-75.211139","1,191","Microgramos por metro cúbico","ug/m3","1,440","73","Tolima","73001","Ibagué","Fija"
"8258","CORTOLIMA","CORTOLIMA","PM10","28.08","2021 Dec 29 12:00:00 AM","2021 Dec 30 12:00:00 AM","4.433181","-75.211139","1,191","Microgramos por metro cúbico","ug/m3","1,440","73","Tolima","73001","Ibagué","Fija"
"31477","CORTOLIMA","POLICÍA DE CARRETERAS","PM10","36.23","2021 Jan 25 12:00:00 AM","2021 Jan 26 12:00:00 AM","4.435278","-75.202222","1,126","Microgramos por metro cúbico","ug/m3","1,440","73","Tolima","73001","Ibagué","Fija"
"8258","CORTOLIMA","CORTOLIMA","PM10","27.49","2021 Apr 07 12:00:00 AM","2021 Apr 08 12:00:00 AM","4.433181","-75.211139","1,191","Microgramos por metro cúbico","ug/m3","1,440","73","Tolima","73001","Ibagué","Fija"
"8258","CORTOLIMA","CORTOLIMA","PM10","25.46","2021 Apr 12 12:00:00 AM","2021 Apr 13 12:00:00 AM","4.433181","-75.211139","1,191","Microgramos por metro cúbico","ug/m3","1,440","73","Tolima","73001","Ibagué","Fija"
"31477","CORTOLIMA","POLICÍA DE CARRETERAS","PM10","28","2021 Aug 05 12:00:00 AM","2021 Aug 06 12:00:00 AM","4.435278","-75.202222","1,126","Microgramos por metro cúbico","ug/m3","1,440","73","Tolima","73001","Ibagué","Fija"
"8258","CORTOLIMA","CORTOLIMA","PM10","26.35","2021 Mar 17 12:00:00 AM","2021 Mar 18 12:00:00 AM","4.433181","-75.211139","1,191","Microgramos por metro cúbico","ug/m3","1,440","73","Tolima","73001","Ibagué","Fija"
"8258","CORTOLIMA","CORTOLIMA","PM10","28.35","2021 Jan 16 12:00:00 AM","2021 Jan 17 12:00:00 AM","4.433181","-75.211139","1,191","Microgramos por metro cúbico","ug/m3","1,440","73","Tolima","73001","Ibagué","Fija"
"8258","CORTOLIMA","CORTOLIMA","PM10","23.08","2021 Nov 20 12:00:00 AM","2021 Nov 21 12:00:00 AM","4.433181","-75.211139","1,191","Microgramos por metro cúbico","ug/m3","1,440","73","Tolima","73001","Ibagué","Fija"
"8258","CORTOLIMA","CORTOLIMA","PM10","20.35","2021 Apr 25 12:00:00 AM","2021 Apr 26 12:00:00 AM","4.433181","-75.211139","1,191","Microgramos por metro cúbico","ug/m3","1,440","73","Tolima","73001","Ibagué","Fija"
"8258","CORTOLIMA","CORTOLIMA","PM10","30.83","2021 Jan 06 12:00:00 AM","2021 Jan 07 12:00:00 AM","4.433181","-75.211139","1,191","Microgramos por metro cúbico","ug/m3","1,440","73","Tolima","73001","Ibagué","Fija"
"8258","CORTOLIMA","CORTOLIMA","PM10","24.59","2021 May 12 12:00:00 AM","2021 May 13 12:00:00 AM","4.433181","-75.211139","1,191","Microgramos por metro cúbico","ug/m3","1,440","73","Tolima","73001","Ibagué","Fija"
"8258","CORTOLIMA","CORTOLIMA","PM10","25.04","2021 Dec 30 12:00:00 AM","2021 Dec 31 12:00:00 AM","4.433181","-75.211139","1,191","Microgramos por metro cúbico","ug/m3","1,440","73","Tolima","73001","Ibagué","Fija"
"31477","CORTOLIMA","POLICÍA DE CARRETERAS","PM10","28.64","2021 Mar 02 12:00:00 AM","2021 Mar 03 12:00:00 AM","4.435278","-75.202222","1,126","Microgramos por metro cúbico","ug/m3","1,440","73","Tolima","73001","Ibagué","Fija"
"31477","CORTOLIMA","POLICÍA DE CARRETERAS","PM10","28","2021 May 16 12:00:00 AM","2021 May 17 12:00:00 AM","4.435278","-75.202222","1,126","Microgramos por metro cúbico","ug/m3","1,440","73","Tolima","73001","Ibagué","Fija"
"31477","CORTOLIMA","POLICÍA DE CARRETERAS","PM10","27.45","2021 Apr 04 12:00:00 AM","2021 Apr 05 12:00:00 AM","4.435278","-75.202222","1,126","Microgramos por metro cúbico","ug/m3","1,440","73","Tolima","73001","Ibagué","Fija"
"31477","CORTOLIMA","POLICÍA DE CARRETERAS","PM10","29.27","2021 Jul 02 12:00:00 AM","2021 Jul 03 12:00:00 AM","4.435278","-75.202222","1,126","Microgramos por metro cúbico","ug/m3","1,440","73","Tolima","73001","Ibagué","Fija"
"31477","CORTOLIMA","POLICÍA DE CARRETERAS","PM10","33","2021 Nov 18 12:00:00 AM","2021 Nov 19 12:00:00 AM","4.435278","-75.202222","1,126","Microgramos por metro cúbico","ug/m3","1,440","73","Tolima","73001","Ibagué","Fija"
"8258","CORTOLIMA","CORTOLIMA","PM10","26.98","2021 Nov 18 12:00:00 AM","2021 Nov 19 12:00:00 AM","4.433181","-75.211139","1,191","Microgramos por metro cúbico","ug/m3","1,440","73","Tolima","73001","Ibagué","Fija"
"8258","CORTOLIMA","CORTOLIMA","PM10","24.99","2021 Jun 08 12:00:00 AM","2021 Jun 09 12:00:00 AM","4.433181","-75.211139","1,191","Microgramos por metro cúbico","ug/m3","1,440","73","Tolima","73001","Ibagué","Fija"
"8258","CORTOLIMA","CORTOLIMA","PM10","28.49","2021 Nov 17 12:00:00 AM","2021 Nov 18 12:00:00 AM","4.433181","-75.211139","1,191","Microgramos por metro cúbico","ug/m3","1,440","73","Tolima","73001","Ibagué","Fija"
"8258","CORTOLIMA","CORTOLIMA","PM10","27.76","2021 Nov 23 12:00:00 AM","2021 Nov 24 12:00:00 AM","4.433181","-75.211139","1,191","Microgramos por metro cúbico","ug/m3","1,440","73","Tolima","73001","Ibagué","Fija"
"8258","CORTOLIMA","CORTOLIMA","PM10","27.5","2021 Jun 30 12:00:00 AM","2021 Jul 01 12:00:00 AM","4.433181","-75.211139","1,191","Microgramos por metro cúbico","ug/m3","1,440","73","Tolima","73001","Ibagué","Fija"
"8258","CORTOLIMA","CORTOLIMA","PM10","24.71","2021 Jul 25 12:00:00 AM","2021 Jul 26 12:00:00 AM","4.433181","-75.211139","1,191","Microgramos por metro cúbico","ug/m3","1,440","73","Tolima","73001","Ibagué","Fija"
"8258","CORTOLIMA","CORTOLIMA","PM10","28.1","2021 Dec 07 12:00:00 AM","2021 Dec 08 12:00:00 AM","4.433181","-75.211139","1,191","Microgramos por metro cúbico","ug/m3","1,440","73","Tolima","73001","Ibagué","Fija"
"8258","CORTOLIMA","CORTOLIMA","PM10","25.05","2021 Dec 18 12:00:00 AM","2021 Dec 19 12:00:00 AM","4.433181","-75.211139","1,191","Microgramos por metro cúbico","ug/m3","1,440","73","Tolima","73001","Ibagué","Fija"
"8258","CORTOLIMA","CORTOLIMA","PM10","24.72","2021 Oct 14 12:00:00 AM","2021 Oct 15 12:00:00 AM","4.433181","-75.211139","1,191","Microgramos por metro cúbico","ug/m3","1,440","73","Tolima","73001","Ibagué","Fija"
"8258","CORTOLIMA","CORTOLIMA","PM10","26.29","2021 Feb 21 12:00:00 AM","2021 Feb 22 12:00:00 AM","4.433181","-75.211139","1,191","Microgramos por metro cúbico","ug/m3","1,440","73","Tolima","73001","Ibagué","Fija"
"8258","CORTOLIMA","CORTOLIMA","PM10","27.73","2021 Feb 01 12:00:00 AM","2021 Feb 02 12:00:00 AM","4.433181","-75.211139","1,191","Microgramos por metro cúbico","ug/m3","1,440","73","Tolima","73001","Ibagué","Fija"
"8258","CORTOLIMA","CORTOLIMA","PM10","23.77","2021 Oct 29 12:00:00 AM","2021 Oct 30 12:00:00 AM","4.433181","-75.211139","1,191","Microgramos por metro cúbico","ug/m3","1,440","73","Tolima","73001","Ibagué","Fija"
"8258","CORTOLIMA","CORTOLIMA","PM10","29.28","2021 Feb 13 12:00:00 AM","2021 Feb 14 12:00:00 AM","4.433181","-75.211139","1,191","Microgramos por metro cúbico","ug/m3","1,440","73","Tolima","73001","Ibagué","Fija"
"31477","CORTOLIMA","POLICÍA DE CARRETERAS","PM10","26","2021 Oct 22 12:00:00 AM","2021 Oct 23 12:00:00 AM","4.435278","-75.202222","1,126","Microgramos por metro cúbico","ug/m3","1,440","73","Tolima","73001","Ibagué","Fija"
"31477","CORTOLIMA","POLICÍA DE CARRETERAS","PM10","24.95","2021 Apr 10 12:00:00 AM","2021 Apr 11 12:00:00 AM","4.435278","-75.202222","1,126","Microgramos por metro cúbico","ug/m3","1,440","73","Tolima","73001","Ibagué","Fija"
"8258","CORTOLIMA","CORTOLIMA","PM10","26.71","2021 Mar 24 12:00:00 AM","2021 Mar 25 12:00:00 AM","4.433181","-75.211139","1,191","Microgramos por metro cúbico","ug/m3","1,440","73","Tolima","73001","Ibagué","Fija"
"8258","CORTOLIMA","CORTOLIMA","PM10","28.4","2021 Jan 25 12:00:00 AM","2021 Jan 26 12:00:00 AM","4.433181","-75.211139","1,191","Microgramos por metro cúbico","ug/m3","1,440","73","Tolima","73001","Ibagué","Fija"
"31477","CORTOLIMA","POLICÍA DE CARRETERAS","PM10","29","2021 Aug 02 12:00:00 AM","2021 Aug 03 12:00:00 AM","4.435278","-75.202222","1,126","Microgramos por metro cúbico","ug/m3","1,440","73","Tolima","73001","Ibagué","Fija"
"8258","CORTOLIMA","CORTOLIMA","PM10","29.43","2021 Nov 24 12:00:00 AM","2021 Nov 25 12:00:00 AM","4.433181","-75.211139","1,191","Microgramos por metro cúbico","ug/m3","1,440","73","Tolima","73001","Ibagué","Fija"
"31477","CORTOLIMA","POLICÍA DE CARRETERAS","PM10","25.46","2021 Jul 18 12:00:00 AM","2021 Jul 19 12:00:00 AM","4.435278","-75.202222","1,126","Microgramos por metro cúbico","ug/m3","1,440","73","Tolima","73001","Ibagué","Fija"
"8258","CORTOLIMA","CORTOLIMA","PM10","24.06","2021 Nov 28 12:00:00 AM","2021 Nov 29 12:00:00 AM","4.433181","-75.211139","1,191","Microgramos por metro cúbico","ug/m3","1,440","73","Tolima","73001","Ibagué","Fija"
"8258","CORTOLIMA","CORTOLIMA","PM10","24.21","2021 Oct 19 12:00:00 AM","2021 Oct 20 12:00:00 AM","4.433181","-75.211139","1,191","Microgramos por metro cúbico","ug/m3","1,440","73","Tolima","73001","Ibagué","Fija"
"8258","CORTOLIMA","CORTOLIMA","PM10","23.63","2021 Mar 12 12:00:00 AM","2021 Mar 13 12:00:00 AM","4.433181","-75.211139","1,191","Microgramos por metro cúbico","ug/m3","1,440","73","Tolima","73001","Ibagué","Fija"
"8258","CORTOLIMA","CORTOLIMA","PM10","24.14","2021 Jan 30 12:00:00 AM","2021 Jan 31 12:00:00 AM","4.433181","-75.211139","1,191","Microgramos por metro cúbico","ug/m3","1,440","73","Tolima","73001","Ibagué","Fija"
"8258","CORTOLIMA","CORTOLIMA","PM10","30.74","2021 Jan 12 12:00:00 AM","2021 Jan 13 12:00:00 AM","4.433181","-75.211139","1,191","Microgramos por metro cúbico","ug/m3","1,440","73","Tolima","73001","Ibagué","Fija"
"8258","CORTOLIMA","CORTOLIMA","PM10","27.73","2021 Jul 07 12:00:00 AM","2021 Jul 08 12:00:00 AM","4.433181","-75.211139","1,191","Microgramos por metro cúbico","ug/m3","1,440","73","Tolima","73001","Ibagué","Fija"
"8258","CORTOLIMA","CORTOLIMA","PM10","27.42","2021 May 23 12:00:00 AM","2021 May 24 12:00:00 AM","4.433181","-75.211139","1,191","Microgramos por metro cúbico","ug/m3","1,440","73","Tolima","73001","Ibagué","Fija"
"8258","CORTOLIMA","CORTOLIMA","PM10","26.13","2021 Jul 13 12:00:00 AM","2021 Jul 14 12:00:00 AM","4.433181","-75.211139","1,191","Microgramos por metro cúbico","ug/m3","1,440","73","Tolima","73001","Ibagué","Fija"
"8258","CORTOLIMA","CORTOLIMA","PM10","25.88","2021 Oct 06 12:00:00 AM","2021 Oct 07 12:00:00 AM","4.433181","-75.211139","1,191","Microgramos por metro cúbico","ug/m3","1,440","73","Tolima","73001","Ibagué","Fija"
"8258","CORTOLIMA","CORTOLIMA","PM10","22.68","2021 Jun 12 12:00:00 AM","2021 Jun 13 12:00:00 AM","4.433181","-75.211139","1,191","Microgramos por metro cúbico","ug/m3","1,440","73","Tolima","73001","Ibagué","Fija"
"8258","CORTOLIMA","CORTOLIMA","PM10","25.84","2021 Nov 10 12:00:00 AM","2021 Nov 11 12:00:00 AM","4.433181","-75.211139","1,191","Microgramos por metro cúbico","ug/m3","1,440","73","Tolima","73001","Ibagué","Fija"
"8258","CORTOLIMA","CORTOLIMA","PM10","21.9","2021 Nov 21 12:00:00 AM","2021 Nov 22 12:00:00 AM","4.433181","-75.211139","1,191","Microgramos por metro cúbico","ug/m3","1,440","73","Tolima","73001","Ibagué","Fija"
"31477","CORTOLIMA","POLICÍA DE CARRETERAS","PM10","30","2021 Dec 18 12:00:00 AM","2021 Dec 19 12:00:00 AM","4.435278","-75.202222","1,126","Microgramos por metro cúbico","ug/m3","1,440","73","Tolima","73001","Ibagué","Fija"
"8258","CORTOLIMA","CORTOLIMA","PM10","27.56","2021 Dec 21 12:00:00 AM","2021 Dec 22 12:00:00 AM","4.433181","-75.211139","1,191","Microgramos por metro cúbico","ug/m3","1,440","73","Tolima","73001","Ibagué","Fija"
"8258","CORTOLIMA","CORTOLIMA","PM10","21.69","2021 Jun 27 12:00:00 AM","2021 Jun 28 12:00:00 AM","4.433181","-75.211139","1,191","Microgramos por metro cúbico","ug/m3","1,440","73","Tolima","73001","Ibagué","Fija"
"8258","CORTOLIMA","CORTOLIMA","PM10","24.53","2021 Aug 07 12:00:00 AM","2021 Aug 08 12:00:00 AM","4.433181","-75.211139","1,191","Microgramos por metro cúbico","ug/m3","1,440","73","Tolima","73001","Ibagué","Fija"
"31477","CORTOLIMA","POLICÍA DE CARRETERAS","PM10","25.47","2021 Jul 30 12:00:00 AM","2021 Jul 31 12:00:00 AM","4.435278","-75.202222","1,126","Microgramos por metro cúbico","ug/m3","1,440","73","Tolima","73001","Ibagué","Fija"
"31477","CORTOLIMA","POLICÍA DE CARRETERAS","PM10","16","2021 Jun 09 12:00:00 AM","2021 Jun 10 12:00:00 AM","4.435278","-75.202222","1,126","Microgramos por metro cúbico","ug/m3","1,440","73","Tolima","73001","Ibagué","Fija"
"31477","CORTOLIMA","POLICÍA DE CARRETERAS","PM10","21.11","2021 Feb 21 12:00:00 AM","2021 Feb 22 12:00:00 AM","4.435278","-75.202222","1,126","Microgramos por metro cúbico","ug/m3","1,440","73","Tolima","73001","Ibagué","Fija"
"31477","CORTOLIMA","POLICÍA DE CARRETERAS","PM10","31.6","2021 Feb 12 12:00:00 AM","2021 Feb 13 12:00:00 AM","4.435278","-75.202222","1,126","Microgramos por metro cúbico","ug/m3","1,440","73","Tolima","73001","Ibagué","Fija"
"8258","CORTOLIMA","CORTOLIMA","PM10","25.16","2021 Mar 11 12:00:00 AM","2021 Mar 12 12:00:00 AM","4.433181","-75.211139","1,191","Microgramos por metro cúbico","ug/m3","1,440","73","Tolima","73001","Ibagué","Fija"
"8258","CORTOLIMA","CORTOLIMA","PM10","26.51","2021 Aug 02 12:00:00 AM","2021 Aug 03 12:00:00 AM","4.433181","-75.211139","1,191","Microgramos por metro cúbico","ug/m3","1,440","73","Tolima","73001","Ibagué","Fija"
"31477","CORTOLIMA","POLICÍA DE CARRETERAS","PM10","19.97","2021 Jan 10 12:00:00 AM","2021 Jan 11 12:00:00 AM","4.435278","-75.202222","1,126","Microgramos por metro cúbico","ug/m3","1,440","73","Tolima","73001","Ibagué","Fija"
"8258","CORTOLIMA","CORTOLIMA","PM10","25.83","2021 Nov 22 12:00:00 AM","2021 Nov 23 12:00:00 AM","4.433181","-75.211139","1,191","Microgramos por metro cúbico","ug/m3","1,440","73","Tolima","73001","Ibagué","Fija"
"8258","CORTOLIMA","CORTOLIMA","PM10","28.39","2021 Aug 20 12:00:00 AM","2021 Aug 21 12:00:00 AM","4.433181","-75.211139","1,191","Microgramos por metro cúbico","ug/m3","1,440","73","Tolima","73001","Ibagué","Fija"
"8258","CORTOLIMA","CORTOLIMA","PM10","24.42","2021 Apr 23 12:00:00 AM","2021 Apr 24 12:00:00 AM","4.433181","-75.211139","1,191","Microgramos por metro cúbico","ug/m3","1,440","73","Tolima","73001","Ibagué","Fija"
"8258","CORTOLIMA","CORTOLIMA","PM10","24.29","2021 Apr 02 12:00:00 AM","2021 Apr 03 12:00:00 AM","4.433181","-75.211139","1,191","Microgramos por metro cúbico","ug/m3","1,440","73","Tolima","73001","Ibagué","Fija"
"8258","CORTOLIMA","CORTOLIMA","PM10","24.72","2021 Mar 27 12:00:00 AM","2021 Mar 28 12:00:00 AM","4.433181","-75.211139","1,191","Microgramos por metro cúbico","ug/m3","1,440","73","Tolima","73001","Ibagué","Fija"
"8258","CORTOLIMA","CORTOLIMA","PM10","24.32","2021 Jun 18 12:00:00 AM","2021 Jun 19 12:00:00 AM","4.433181","-75.211139","1,191","Microgramos por metro cúbico","ug/m3","1,440","73","Tolima","73001","Ibagué","Fija"
"8258","CORTOLIMA","CORTOLIMA","PM10","26.42","2021 Dec 10 12:00:00 AM","2021 Dec 11 12:00:00 AM","4.433181","-75.211139","1,191","Microgramos por metro cúbico","ug/m3","1,440","73","Tolima","73001","Ibagué","Fija"
"31477","CORTOLIMA","POLICÍA DE CARRETERAS","PM10","29","2021 Nov 12 12:00:00 AM","2021 Nov 13 12:00:00 AM","4.435278","-75.202222","1,126","Microgramos por metro cúbico","ug/m3","1,440","73","Tolima","73001","Ibagué","Fija"
"31477","CORTOLIMA","POLICÍA DE CARRETERAS","PM10","32.97","2021 Feb 03 12:00:00 AM","2021 Feb 04 12:00:00 AM","4.435278","-75.202222","1,126","Microgramos por metro cúbico","ug/m3","1,440","73","Tolima","73001","Ibagué","Fija"
"8258","CORTOLIMA","CORTOLIMA","PM10","24.71","2021 Jun 15 12:00:00 AM","2021 Jun 16 12:00:00 AM","4.433181","-75.211139","1,191","Microgramos por metro cúbico","ug/m3","1,440","73","Tolima","73001","Ibagué","Fija"
"8258","CORTOLIMA","CORTOLIMA","PM10","21.38","2021 Oct 17 12:00:00 AM","2021 Oct 18 12:00:00 AM","4.433181","-75.211139","1,191","Microgramos por metro cúbico","ug/m3","1,440","73","Tolima","73001","Ibagué","Fija"
"8258","CORTOLIMA","CORTOLIMA","PM10","28.2","2021 Apr 08 12:00:00 AM","2021 Apr 09 12:00:00 AM","4.433181","-75.211139","1,191","Microgramos por metro cúbico","ug/m3","1,440","73","Tolima","73001","Ibagué","Fija"
"8258","CORTOLIMA","CORTOLIMA","PM10","28.1","2021 May 25 12:00:00 AM","2021 May 26 12:00:00 AM","4.433181","-75.211139","1,191","Microgramos por metro cúbico","ug/m3","1,440","73","Tolima","73001","Ibagué","Fija"
"8258","CORTOLIMA","CORTOLIMA","PM10","27.04","2021 Mar 30 12:00:00 AM","2021 Mar 31 12:00:00 AM","4.433181","-75.211139","1,191","Microgramos por metro cúbico","ug/m3","1,440","73","Tolima","73001","Ibagué","Fija"
"8258","CORTOLIMA","CORTOLIMA","PM10","29.27","2021 Jul 02 12:00:00 AM","2021 Jul 03 12:00:00 AM","4.433181","-75.211139","1,191","Microgramos por metro cúbico","ug/m3","1,440","73","Tolima","73001","Ibagué","Fija"
"31477","CORTOLIMA","POLICÍA DE CARRETERAS","PM10","22.76","2021 Feb 09 12:00:00 AM","2021 Feb 10 12:00:00 AM","4.435278","-75.202222","1,126","Microgramos por metro cúbico","ug/m3","1,440","73","Tolima","73001","Ibagué","Fija"
"8258","CORTOLIMA","CORTOLIMA","PM10","30.55","2021 Apr 29 12:00:00 AM","2021 Apr 30 12:00:00 AM","4.433181","-75.211139","1,191","Microgramos por metro cúbico","ug/m3","1,440","73","Tolima","73001","Ibagué","Fija"
"8258","CORTOLIMA","CORTOLIMA","PM10","25.67","2021 Nov 26 12:00:00 AM","2021 Nov 27 12:00:00 AM","4.433181","-75.211139","1,191","Microgramos por metro cúbico","ug/m3","1,440","73","Tolima","73001","Ibagué","Fija"
"8258","CORTOLIMA","CORTOLIMA","PM10","25.23","2021 Apr 27 12:00:00 AM","2021 Apr 28 12:00:00 AM","4.433181","-75.211139","1,191","Microgramos por metro cúbico","ug/m3","1,440","73","Tolima","73001","Ibagué","Fija"
"31477","CORTOLIMA","POLICÍA DE CARRETERAS","PM10","23","2021 Jun 18 12:00:00 AM","2021 Jun 19 12:00:00 AM","4.435278","-75.202222","1,126","Microgramos por metro cúbico","ug/m3","1,440","73","Tolima","73001","Ibagué","Fija"
"8258","CORTOLIMA","CORTOLIMA","PM10","22.67","2021 Sep 25 12:00:00 AM","2021 Sep 26 12:00:00 AM","4.433181","-75.211139","1,191","Microgramos por metro cúbico","ug/m3","1,440","73","Tolima","73001","Ibagué","Fija"
"8258","CORTOLIMA","CORTOLIMA","PM10","24.08","2021 Apr 24 12:00:00 AM","2021 Apr 25 12:00:00 AM","4.433181","-75.211139","1,191","Microgramos por metro cúbico","ug/m3","1,440","73","Tolima","73001","Ibagué","Fija"
"8258","CORTOLIMA","CORTOLIMA","PM10","30.39","2021 Feb 07 12:00:00 AM","2021 Feb 08 12:00:00 AM","4.433181","-75.211139","1,191","Microgramos por metro cúbico","ug/m3","1,440","73","Tolima","73001","Ibagué","Fija"
"8258","CORTOLIMA","CORTOLIMA","PM10","22.9","2021 Mar 20 12:00:00 AM","2021 Mar 21 12:00:00 AM","4.433181","-75.211139","1,191","Microgramos por metro cúbico","ug/m3","1,440","73","Tolima","73001","Ibagué","Fija"
"31477","CORTOLIMA","POLICÍA DE CARRETERAS","PM10","25.78","2021 Feb 15 12:00:00 AM","2021 Feb 16 12:00:00 AM","4.435278","-75.202222","1,126","Microgramos por metro cúbico","ug/m3","1,440","73","Tolima","73001","Ibagué","Fija"
"8258","CORTOLIMA","CORTOLIMA","PM10","27.9","2021 Jan 18 12:00:00 AM","2021 Jan 19 12:00:00 AM","4.433181","-75.211139","1,191","Microgramos por metro cúbico","ug/m3","1,440","73","Tolima","73001","Ibagué","Fija"
"31477","CORTOLIMA","POLICÍA DE CARRETERAS","PM10","26","2021 Sep 04 12:00:00 AM","2021 Sep 05 12:00:00 AM","4.435278","-75.202222","1,126","Microgramos por metro cúbico","ug/m3","1,440","73","Tolima","73001","Ibagué","Fija"
"8258","CORTOLIMA","CORTOLIMA","PM10","26.21","2021 Aug 03 12:00:00 AM","2021 Aug 04 12:00:00 AM","4.433181","-75.211139","1,191","Microgramos por metro cúbico","ug/m3","1,440","73","Tolima","73001","Ibagué","Fija"
"8258","CORTOLIMA","CORTOLIMA","PM10","24.84","2021 Oct 05 12:00:00 AM","2021 Oct 06 12:00:00 AM","4.433181","-75.211139","1,191","Microgramos por metro cúbico","ug/m3","1,440","73","Tolima","73001","Ibagué","Fija"
"31477","CORTOLIMA","POLICÍA DE CARRETERAS","PM10","32.04","2021 Apr 07 12:00:00 AM","2021 Apr 08 12:00:00 AM","4.435278","-75.202222","1,126","Microgramos por metro cúbico","ug/m3","1,440","73","Tolima","73001","Ibagué","Fija"
"8258","CORTOLIMA","CORTOLIMA","PM10","22.98","2021 Feb 17 12:00:00 AM","2021 Feb 18 12:00:00 AM","4.433181","-75.211139","1,191","Microgramos por metro cúbico","ug/m3","1,440","73","Tolima","73001","Ibagué","Fija"
"8258","CORTOLIMA","CORTOLIMA","PM10","23.06","2021 Apr 03 12:00:00 AM","2021 Apr 04 12:00:00 AM","4.433181","-75.211139","1,191","Microgramos por metro cúbico","ug/m3","1,440","73","Tolima","73001","Ibagué","Fija"
"8258","CORTOLIMA","CORTOLIMA","PM10","28.95","2021 Dec 08 12:00:00 AM","2021 Dec 09 12:00:00 AM","4.433181","-75.211139","1,191","Microgramos por metro cúbico","ug/m3","1,440","73","Tolima","73001","Ibagué","Fija"
"31477","CORTOLIMA","POLICÍA DE CARRETERAS","PM10","28","2021 Jun 24 12:00:00 AM","2021 Jun 25 12:00:00 AM","4.435278","-75.202222","1,126","Microgramos por metro cúbico","ug/m3","1,440","73","Tolima","73001","Ibagué","Fija"
"31477","CORTOLIMA","POLICÍA DE CARRETERAS","PM10","26.63","2021 Jul 12 12:00:00 AM","2021 Jul 13 12:00:00 AM","4.435278","-75.202222","1,126","Microgramos por metro cúbico","ug/m3","1,440","73","Tolima","73001","Ibagué","Fija"
"31477","CORTOLIMA","POLICÍA DE CARRETERAS","PM10","25.61","2021 Jul 19 12:00:00 AM","2021 Jul 20 12:00:00 AM","4.435278","-75.202222","1,126","Microgramos por metro cúbico","ug/m3","1,440","73","Tolima","73001","Ibagué","Fija"
"8258","CORTOLIMA","CORTOLIMA","PM10","25.07","2021 Apr 16 12:00:00 AM","2021 Apr 17 12:00:00 AM","4.433181","-75.211139","1,191","Microgramos por metro cúbico","ug/m3","1,440","73","Tolima","73001","Ibagué","Fija"
"8258","CORTOLIMA","CORTOLIMA","PM10","19.44","2021 May 03 12:00:00 AM","2021 May 04 12:00:00 AM","4.433181","-75.211139","1,191","Microgramos por metro cúbico","ug/m3","1,440","73","Tolima","73001","Ibagué","Fija"
"31477","CORTOLIMA","POLICÍA DE CARRETERAS","PM10","27.45","2021 Jan 16 12:00:00 AM","2021 Jan 17 12:00:00 AM","4.435278","-75.202222","1,126","Microgramos por metro cúbico","ug/m3","1,440","73","Tolima","73001","Ibagué","Fija"
"8258","CORTOLIMA","CORTOLIMA","PM10","24.8","2021 Sep 14 12:00:00 AM","2021 Sep 15 12:00:00 AM","4.433181","-75.211139","1,191","Microgramos por metro cúbico","ug/m3","1,440","73","Tolima","73001","Ibagué","Fija"
"8258","CORTOLIMA","CORTOLIMA","PM10","24.43","2021 Dec 24 12:00:00 AM","2021 Dec 25 12:00:00 AM","4.433181","-75.211139","1,191","Microgramos por metro cúbico","ug/m3","1,440","73","Tolima","73001","Ibagué","Fija"
"8258","CORTOLIMA","CORTOLIMA","PM10","28.11","2021 Feb 18 12:00:00 AM","2021 Feb 19 12:00:00 AM","4.433181","-75.211139","1,191","Microgramos por metro cúbico","ug/m3","1,440","73","Tolima","73001","Ibagué","Fija"
"8258","CORTOLIMA","CORTOLIMA","PM10","26.63","2021 Mar 10 12:00:00 AM","2021 Mar 11 12:00:00 AM","4.433181","-75.211139","1,191","Microgramos por metro cúbico","ug/m3","1,440","73","Tolima","73001","Ibagué","Fija"
"8258","CORTOLIMA","CORTOLIMA","PM10","27.41","2021 Feb 14 12:00:00 AM","2021 Feb 15 12:00:00 AM","4.433181","-75.211139","1,191","Microgramos por metro cúbico","ug/m3","1,440","73","Tolima","73001","Ibagué","Fija"
"8258","CORTOLIMA","CORTOLIMA","PM10","25.4","2021 Dec 27 12:00:00 AM","2021 Dec 28 12:00:00 AM","4.433181","-75.211139","1,191","Microgramos por metro cúbico","ug/m3","1,440","73","Tolima","73001","Ibagué","Fija"
"31477","CORTOLIMA","POLICÍA DE CARRETERAS","PM10","32","2021 Dec 06 12:00:00 AM","2021 Dec 07 12:00:00 AM","4.435278","-75.202222","1,126","Microgramos por metro cúbico","ug/m3","1,440","73","Tolima","73001","Ibagué","Fija"
"8258","CORTOLIMA","CORTOLIMA","PM10","26.8","2021 Nov 16 12:00:00 AM","2021 Nov 17 12:00:00 AM","4.433181","-75.211139","1,191","Microgramos por metro cúbico","ug/m3","1,440","73","Tolima","73001","Ibagué","Fija"
"8258","CORTOLIMA","CORTOLIMA","PM10","24.26","2021 Oct 18 12:00:00 AM","2021 Oct 19 12:00:00 AM","4.433181","-75.211139","1,191","Microgramos por metro cúbico","ug/m3","1,440","73","Tolima","73001","Ibagué","Fija"
"31477","CORTOLIMA","POLICÍA DE CARRETERAS","PM10","23.77","2021 Jul 11 12:00:00 AM","2021 Jul 12 12:00:00 AM","4.435278","-75.202222","1,126","Microgramos por metro cúbico","ug/m3","1,440","73","Tolima","73001","Ibagué","Fija"
"8258","CORTOLIMA","CORTOLIMA","PM10","24.42","2021 Mar 19 12:00:00 AM","2021 Mar 20 12:00:00 AM","4.433181","-75.211139","1,191","Microgramos por metro cúbico","ug/m3","1,440","73","Tolima","73001","Ibagué","Fija"
"8258","CORTOLIMA","CORTOLIMA","PM10","25.26","2021 Feb 02 12:00:00 AM","2021 Feb 03 12:00:00 AM","4.433181","-75.211139","1,191","Microgramos por metro cúbico","ug/m3","1,440","73","Tolima","73001","Ibagué","Fija"
"8258","CORTOLIMA","CORTOLIMA","PM10","27.04","2021 Jul 08 12:00:00 AM","2021 Jul 09 12:00:00 AM","4.433181","-75.211139","1,191","Microgramos por metro cúbico","ug/m3","1,440","73","Tolima","73001","Ibagué","Fija"
"8258","CORTOLIMA","CORTOLIMA","PM10","24.39","2021 Jun 04 12:00:00 AM","2021 Jun 05 12:00:00 AM","4.433181","-75.211139","1,191","Microgramos por metro cúbico","ug/m3","1,440","73","Tolima","73001","Ibagué","Fija"
"31477","CORTOLIMA","POLICÍA DE CARRETERAS","PM10","22.81","2021 Jul 27 12:00:00 AM","2021 Jul 28 12:00:00 AM","4.435278","-75.202222","1,126","Microgramos por metro cúbico","ug/m3","1,440","73","Tolima","73001","Ibagué","Fija"
"8258","CORTOLIMA","CORTOLIMA","PM10","26.34","2021 Oct 26 12:00:00 AM","2021 Oct 27 12:00:00 AM","4.433181","-75.211139","1,191","Microgramos por metro cúbico","ug/m3","1,440","73","Tolima","73001","Ibagué","Fija"
"8258","CORTOLIMA","CORTOLIMA","PM10","25.6","2021 Mar 09 12:00:00 AM","2021 Mar 10 12:00:00 AM","4.433181","-75.211139","1,191","Microgramos por metro cúbico","ug/m3","1,440","73","Tolima","73001","Ibagué","Fija"
"8258","CORTOLIMA","CORTOLIMA","PM10","26.24","2021 Sep 18 12:00:00 AM","2021 Sep 19 12:00:00 AM","4.433181","-75.211139","1,191","Microgramos por metro cúbico","ug/m3","1,440","73","Tolima","73001","Ibagué","Fija"
"8258","CORTOLIMA","CORTOLIMA","PM10","26.53","2021 Aug 10 12:00:00 AM","2021 Aug 11 12:00:00 AM","4.433181","-75.211139","1,191","Microgramos por metro cúbico","ug/m3","1,440","73","Tolima","73001","Ibagué","Fija"
"31477","CORTOLIMA","POLICÍA DE CARRETERAS","PM10","28.56","2021 Jul 01 12:00:00 AM","2021 Jul 02 12:00:00 AM","4.435278","-75.202222","1,126","Microgramos por metro cúbico","ug/m3","1,440","73","Tolima","73001","Ibagué","Fija"
"8258","CORTOLIMA","CORTOLIMA","PM10","26.54","2021 Jan 22 12:00:00 AM","2021 Jan 23 12:00:00 AM","4.433181","-75.211139","1,191","Microgramos por metro cúbico","ug/m3","1,440","73","Tolima","73001","Ibagué","Fija"
"8258","CORTOLIMA","CORTOLIMA","PM10","21.09","2021 Jun 13 12:00:00 AM","2021 Jun 14 12:00:00 AM","4.433181","-75.211139","1,191","Microgramos por metro cúbico","ug/m3","1,440","73","Tolima","73001","Ibagué","Fija"
"8258","CORTOLIMA","CORTOLIMA","PM10","22.04","2021 Sep 04 12:00:00 AM","2021 Sep 05 12:00:00 AM","4.433181","-75.211139","1,191","Microgramos por metro cúbico","ug/m3","1,440","73","Tolima","73001","Ibagué","Fija"
"8258","CORTOLIMA","CORTOLIMA","PM10","25.77","2021 Mar 08 12:00:00 AM","2021 Mar 09 12:00:00 AM","4.433181","-75.211139","1,191","Microgramos por metro cúbico","ug/m3","1,440","73","Tolima","73001","Ibagué","Fija"
"8258","CORTOLIMA","CORTOLIMA","PM10","19.59","2021 Sep 11 12:00:00 AM","2021 Sep 12 12:00:00 AM","4.433181","-75.211139","1,191","Microgramos por metro cúbico","ug/m3","1,440","73","Tolima","73001","Ibagué","Fija"
"8258","CORTOLIMA","CORTOLIMA","PM10","27.12","2021 Aug 17 12:00:00 AM","2021 Aug 18 12:00:00 AM","4.433181","-75.211139","1,191","Microgramos por metro cúbico","ug/m3","1,440","73","Tolima","73001","Ibagué","Fija"
"8258","CORTOLIMA","CORTOLIMA","PM10","29.07","2021 Feb 08 12:00:00 AM","2021 Feb 09 12:00:00 AM","4.433181","-75.211139","1,191","Microgramos por metro cúbico","ug/m3","1,440","73","Tolima","73001","Ibagué","Fija"
"31477","CORTOLIMA","POLICÍA DE CARRETERAS","PM10","25","2021 Nov 24 12:00:00 AM","2021 Nov 25 12:00:00 AM","4.435278","-75.202222","1,126","Microgramos por metro cúbico","ug/m3","1,440","73","Tolima","73001","Ibagué","Fija"
"31477","CORTOLIMA","POLICÍA DE CARRETERAS","PM10","22","2021 Nov 30 12:00:00 AM","2021 Dec 01 12:00:00 AM","4.435278","-75.202222","1,126","Microgramos por metro cúbico","ug/m3","1,440","73","Tolima","73001","Ibagué","Fija"
"8258","CORTOLIMA","CORTOLIMA","PM10","25.71","2021 Nov 25 12:00:00 AM","2021 Nov 26 12:00:00 AM","4.433181","-75.211139","1,191","Microgramos por metro cúbico","ug/m3","1,440","73","Tolima","73001","Ibagué","Fija"
"8258","CORTOLIMA","CORTOLIMA","PM10","24.68","2021 Oct 11 12:00:00 AM","2021 Oct 12 12:00:00 AM","4.433181","-75.211139","1,191","Microgramos por metro cúbico","ug/m3","1,440","73","Tolima","73001","Ibagué","Fija"
"8258","CORTOLIMA","CORTOLIMA","PM10","26.53","2021 Aug 31 12:00:00 AM","2021 Sep 01 12:00:00 AM","4.433181","-75.211139","1,191","Microgramos por metro cúbico","ug/m3","1,440","73","Tolima","73001","Ibagué","Fija"
"8258","CORTOLIMA","CORTOLIMA","PM10","26.13","2021 Mar 16 12:00:00 AM","2021 Mar 17 12:00:00 AM","4.433181","-75.211139","1,191","Microgramos por metro cúbico","ug/m3","1,440","73","Tolima","73001","Ibagué","Fija"
"8258","CORTOLIMA","CORTOLIMA","PM10","25.94","2021 Aug 19 12:00:00 AM","2021 Aug 20 12:00:00 AM","4.433181","-75.211139","1,191","Microgramos por metro cúbico","ug/m3","1,440","73","Tolima","73001","Ibagué","Fija"
"8258","CORTOLIMA","CORTOLIMA","PM10","26.93","2021 Feb 05 12:00:00 AM","2021 Feb 06 12:00:00 AM","4.433181","-75.211139","1,191","Microgramos por metro cúbico","ug/m3","1,440","73","Tolima","73001","Ibagué","Fija"
"8258","CORTOLIMA","CORTOLIMA","PM10","24.43","2021 Jan 17 12:00:00 AM","2021 Jan 18 12:00:00 AM","4.433181","-75.211139","1,191","Microgramos por metro cúbico","ug/m3","1,440","73","Tolima","73001","Ibagué","Fija"
"8258","CORTOLIMA","CORTOLIMA","PM10","26.37","2021 Apr 06 12:00:00 AM","2021 Apr 07 12:00:00 AM","4.433181","-75.211139","1,191","Microgramos por metro cúbico","ug/m3","1,440","73","Tolima","73001","Ibagué","Fija"
"31477","CORTOLIMA","POLICÍA DE CARRETERAS","PM10","22.87","2021 Feb 06 12:00:00 AM","2021 Feb 07 12:00:00 AM","4.435278","-75.202222","1,126","Microgramos por metro cúbico","ug/m3","1,440","73","Tolima","73001","Ibagué","Fija"
"31477","CORTOLIMA","POLICÍA DE CARRETERAS","PM10","29.11","2021 Mar 14 12:00:00 AM","2021 Mar 15 12:00:00 AM","4.435278","-75.202222","1,126","Microgramos por metro cúbico","ug/m3","1,440","73","Tolima","73001","Ibagué","Fija"
"8258","CORTOLIMA","CORTOLIMA","PM10","24.6","2021 Oct 12 12:00:00 AM","2021 Oct 13 12:00:00 AM","4.433181","-75.211139","1,191","Microgramos por metro cúbico","ug/m3","1,440","73","Tolima","73001","Ibagué","Fija"
"8258","CORTOLIMA","CORTOLIMA","PM10","21.09","2021 Jul 24 12:00:00 AM","2021 Jul 25 12:00:00 AM","4.433181","-75.211139","1,191","Microgramos por metro cúbico","ug/m3","1,440","73","Tolima","73001","Ibagué","Fija"
"8258","CORTOLIMA","CORTOLIMA","PM10","25.48","2021 Jun 28 12:00:00 AM","2021 Jun 29 12:00:00 AM","4.433181","-75.211139","1,191","Microgramos por metro cúbico","ug/m3","1,440","73","Tolima","73001","Ibagué","Fija"
"8258","CORTOLIMA","CORTOLIMA","PM10","25.72","2021 Aug 23 12:00:00 AM","2021 Aug 24 12:00:00 AM","4.433181","-75.211139","1,191","Microgramos por metro cúbico","ug/m3","1,440","73","Tolima","73001","Ibagué","Fija"
"8258","CORTOLIMA","CORTOLIMA","PM10","29.79","2021 Jan 08 12:00:00 AM","2021 Jan 09 12:00:00 AM","4.433181","-75.211139","1,191","Microgramos por metro cúbico","ug/m3","1,440","73","Tolima","73001","Ibagué","Fija"
"8258","CORTOLIMA","CORTOLIMA","PM10","23.67","2021 Sep 28 12:00:00 AM","2021 Sep 29 12:00:00 AM","4.433181","-75.211139","1,191","Microgramos por metro cúbico","ug/m3","1,440","73","Tolima","73001","Ibagué","Fija"
"8258","CORTOLIMA","CORTOLIMA","PM10","21.24","2021 Nov 07 12:00:00 AM","2021 Nov 08 12:00:00 AM","4.433181","-75.211139","1,191","Microgramos por metro cúbico","ug/m3","1,440","73","Tolima","73001","Ibagué","Fija"
"31477","CORTOLIMA","POLICÍA DE CARRETERAS","PM10","22","2021 Sep 22 12:00:00 AM","2021 Sep 23 12:00:00 AM","4.435278","-75.202222","1,126","Microgramos por metro cúbico","ug/m3","1,440","73","Tolima","73001","Ibagué","Fija"
"8258","CORTOLIMA","CORTOLIMA","PM10","26.03","2021 Dec 20 12:00:00 AM","2021 Dec 21 12:00:00 AM","4.433181","-75.211139","1,191","Microgramos por metro cúbico","ug/m3","1,440","73","Tolima","73001","Ibagué","Fija"
"31477","CORTOLIMA","POLICÍA DE CARRETERAS","PM10","25.08","2021 Jul 10 12:00:00 AM","2021 Jul 11 12:00:00 AM","4.435278","-75.202222","1,126","Microgramos por metro cúbico","ug/m3","1,440","73","Tolima","73001","Ibagué","Fija"
"8258","CORTOLIMA","CORTOLIMA","PM10","24.69","2021 May 16 12:00:00 AM","2021 May 17 12:00:00 AM","4.433181","-75.211139","1,191","Microgramos por metro cúbico","ug/m3","1,440","73","Tolima","73001","Ibagué","Fija"
"31477","CORTOLIMA","POLICÍA DE CARRETERAS","PM10","19","2021 Nov 27 12:00:00 AM","2021 Nov 28 12:00:00 AM","4.435278","-75.202222","1,126","Microgramos por metro cúbico","ug/m3","1,440","73","Tolima","73001","Ibagué","Fija"
"8258","CORTOLIMA","CORTOLIMA","PM10","25.37","2021 Aug 26 12:00:00 AM","2021 Aug 27 12:00:00 AM","4.433181","-75.211139","1,191","Microgramos por metro cúbico","ug/m3","1,440","73","Tolima","73001","Ibagué","Fija"
"8258","CORTOLIMA","CORTOLIMA","PM10","26.24","2021 May 11 12:00:00 AM","2021 May 12 12:00:00 AM","4.433181","-75.211139","1,191","Microgramos por metro cúbico","ug/m3","1,440","73","Tolima","73001","Ibagué","Fija"
"8258","CORTOLIMA","CORTOLIMA","PM10","22.77","2021 May 15 12:00:00 AM","2021 May 16 12:00:00 AM","4.433181","-75.211139","1,191","Microgramos por metro cúbico","ug/m3","1,440","73","Tolima","73001","Ibagué","Fija"
"8258","CORTOLIMA","CORTOLIMA","PM10","21.14","2021 Oct 24 12:00:00 AM","2021 Oct 25 12:00:00 AM","4.433181","-75.211139","1,191","Microgramos por metro cúbico","ug/m3","1,440","73","Tolima","73001","Ibagué","Fija"
"8258","CORTOLIMA","CORTOLIMA","PM10","20.19","2021 May 05 12:00:00 AM","2021 May 06 12:00:00 AM","4.433181","-75.211139","1,191","Microgramos por metro cúbico","ug/m3","1,440","73","Tolima","73001","Ibagué","Fija"
"8258","CORTOLIMA","CORTOLIMA","PM10","19.47","2021 Jun 20 12:00:00 AM","2021 Jun 21 12:00:00 AM","4.433181","-75.211139","1,191","Microgramos por metro cúbico","ug/m3","1,440","73","Tolima","73001","Ibagué","Fija"
"8258","CORTOLIMA","CORTOLIMA","PM10","24.74","2021 Mar 25 12:00:00 AM","2021 Mar 26 12:00:00 AM","4.433181","-75.211139","1,191","Microgramos por metro cúbico","ug/m3","1,440","73","Tolima","73001","Ibagué","Fija"
"8258","CORTOLIMA","CORTOLIMA","PM10","25.17","2021 Jun 14 12:00:00 AM","2021 Jun 15 12:00:00 AM","4.433181","-75.211139","1,191","Microgramos por metro cúbico","ug/m3","1,440","73","Tolima","73001","Ibagué","Fija"
"31477","CORTOLIMA","POLICÍA DE CARRETERAS","PM10","27.04","2021 Jul 08 12:00:00 AM","2021 Jul 09 12:00:00 AM","4.435278","-75.202222","1,126","Microgramos por metro cúbico","ug/m3","1,440","73","Tolima","73001","Ibagué","Fija"
"31477","CORTOLIMA","POLICÍA DE CARRETERAS","PM10","19.28","2021 Jan 31 12:00:00 AM","2021 Feb 01 12:00:00 AM","4.435278","-75.202222","1,126","Microgramos por metro cúbico","ug/m3","1,440","73","Tolima","73001","Ibagué","Fija"
"8258","CORTOLIMA","CORTOLIMA","PM10","25.65","2021 Feb 22 12:00:00 AM","2021 Feb 23 12:00:00 AM","4.433181","-75.211139","1,191","Microgramos por metro cúbico","ug/m3","1,440","73","Tolima","73001","Ibagué","Fija"
"8258","CORTOLIMA","CORTOLIMA","PM10","28.89","2021 Apr 28 12:00:00 AM","2021 Apr 29 12:00:00 AM","4.433181","-75.211139","1,191","Microgramos por metro cúbico","ug/m3","1,440","73","Tolima","73001","Ibagué","Fija"
"8258","CORTOLIMA","CORTOLIMA","PM10","24.45","2021 Oct 21 12:00:00 AM","2021 Oct 22 12:00:00 AM","4.433181","-75.211139","1,191","Microgramos por metro cúbico","ug/m3","1,440","73","Tolima","73001","Ibagué","Fija"
"8258","CORTOLIMA","CORTOLIMA","PM10","25.08","2021 Mar 04 12:00:00 AM","2021 Mar 05 12:00:00 AM","4.433181","-75.211139","1,191","Microgramos por metro cúbico","ug/m3","1,440","73","Tolima","73001","Ibagué","Fija"
"8258","CORTOLIMA","CORTOLIMA","PM10","25.61","2021 Nov 03 12:00:00 AM","2021 Nov 04 12:00:00 AM","4.433181","-75.211139","1,191","Microgramos por metro cúbico","ug/m3","1,440","73","Tolima","73001","Ibagué","Fija"
"8258","CORTOLIMA","CORTOLIMA","PM10","25.81","2021 Dec 03 12:00:00 AM","2021 Dec 04 12:00:00 AM","4.433181","-75.211139","1,191","Microgramos por metro cúbico","ug/m3","1,440","73","Tolima","73001","Ibagué","Fija"
"8258","CORTOLIMA","CORTOLIMA","PM10","26.97","2021 Dec 13 12:00:00 AM","2021 Dec 14 12:00:00 AM","4.433181","-75.211139","1,191","Microgramos por metro cúbico","ug/m3","1,440","73","Tolima","73001","Ibagué","Fija"
"8258","CORTOLIMA","CORTOLIMA","PM10","28.56","2021 Jan 01 12:00:00 AM","2021 Jan 02 12:00:00 AM","4.433181","-75.211139","1,191","Microgramos por metro cúbico","ug/m3","1,440","73","Tolima","73001","Ibagué","Fija"
"8258","CORTOLIMA","CORTOLIMA","PM10","27.54","2021 Feb 19 12:00:00 AM","2021 Feb 20 12:00:00 AM","4.433181","-75.211139","1,191","Microgramos por metro cúbico","ug/m3","1,440","73","Tolima","73001","Ibagué","Fija"
"8258","CORTOLIMA","CORTOLIMA","PM10","28.56","2021 Jul 01 12:00:00 AM","2021 Jul 02 12:00:00 AM","4.433181","-75.211139","1,191","Microgramos por metro cúbico","ug/m3","1,440","73","Tolima","73001","Ibagué","Fija"
"8258","CORTOLIMA","CORTOLIMA","PM10","29.26","2021 Dec 25 12:00:00 AM","2021 Dec 26 12:00:00 AM","4.433181","-75.211139","1,191","Microgramos por metro cúbico","ug/m3","1,440","73","Tolima","73001","Ibagué","Fija"
"8258","CORTOLIMA","CORTOLIMA","PM10","27.67","2021 Jun 23 12:00:00 AM","2021 Jun 24 12:00:00 AM","4.433181","-75.211139","1,191","Microgramos por metro cúbico","ug/m3","1,440","73","Tolima","73001","Ibagué","Fija"
"8258","CORTOLIMA","CORTOLIMA","PM10","25.98","2021 Sep 10 12:00:00 AM","2021 Sep 11 12:00:00 AM","4.433181","-75.211139","1,191","Microgramos por metro cúbico","ug/m3","1,440","73","Tolima","73001","Ibagué","Fija"
"8258","CORTOLIMA","CORTOLIMA","PM10","19.89","2021 May 01 12:00:00 AM","2021 May 02 12:00:00 AM","4.433181","-75.211139","1,191","Microgramos por metro cúbico","ug/m3","1,440","73","Tolima","73001","Ibagué","Fija"
"8258","CORTOLIMA","CORTOLIMA","PM10","29.24","2021 Feb 27 12:00:00 AM","2021 Feb 28 12:00:00 AM","4.433181","-75.211139","1,191","Microgramos por metro cúbico","ug/m3","1,440","73","Tolima","73001","Ibagué","Fija"
"8258","CORTOLIMA","CORTOLIMA","PM10","21.46","2021 Aug 01 12:00:00 AM","2021 Aug 02 12:00:00 AM","4.433181","-75.211139","1,191","Microgramos por metro cúbico","ug/m3","1,440","73","Tolima","73001","Ibagué","Fija"
"8258","CORTOLIMA","CORTOLIMA","PM10","31","2021 Jan 13 12:00:00 AM","2021 Jan 14 12:00:00 AM","4.433181","-75.211139","1,191","Microgramos por metro cúbico","ug/m3","1,440","73","Tolima","73001","Ibagué","Fija"
"8258","CORTOLIMA","CORTOLIMA","PM10","25.27","2021 Mar 07 12:00:00 AM","2021 Mar 08 12:00:00 AM","4.433181","-75.211139","1,191","Microgramos por metro cúbico","ug/m3","1,440","73","Tolima","73001","Ibagué","Fija"
"8258","CORTOLIMA","CORTOLIMA","PM10","24.96","2021 Apr 19 12:00:00 AM","2021 Apr 20 12:00:00 AM","4.433181","-75.211139","1,191","Microgramos por metro cúbico","ug/m3","1,440","73","Tolima","73001","Ibagué","Fija"
"8258","CORTOLIMA","CORTOLIMA","PM10","24.64","2021 Jun 11 12:00:00 AM","2021 Jun 12 12:00:00 AM","4.433181","-75.211139","1,191","Microgramos por metro cúbico","ug/m3","1,440","73","Tolima","73001","Ibagué","Fija"
"31477","CORTOLIMA","POLICÍA DE CARRETERAS","PM10","28","2021 Sep 16 12:00:00 AM","2021 Sep 17 12:00:00 AM","4.435278","-75.202222","1,126","Microgramos por metro cúbico","ug/m3","1,440","73","Tolima","73001","Ibagué","Fija"
"31477","CORTOLIMA","POLICÍA DE CARRETERAS","PM10","28.84","2021 Feb 27 12:00:00 AM","2021 Feb 28 12:00:00 AM","4.435278","-75.202222","1,126","Microgramos por metro cúbico","ug/m3","1,440","73","Tolima","73001","Ibagué","Fija"
"8258","CORTOLIMA","CORTOLIMA","PM10","25.85","2021 Dec 28 12:00:00 AM","2021 Dec 29 12:00:00 AM","4.433181","-75.211139","1,191","Microgramos por metro cúbico","ug/m3","1,440","73","Tolima","73001","Ibagué","Fija"
"8258","CORTOLIMA","CORTOLIMA","PM10","24.89","2021 Apr 15 12:00:00 AM","2021 Apr 16 12:00:00 AM","4.433181","-75.211139","1,191","Microgramos por metro cúbico","ug/m3","1,440","73","Tolima","73001","Ibagué","Fija"
"8258","CORTOLIMA","CORTOLIMA","PM10","23.77","2021 Mar 06 12:00:00 AM","2021 Mar 07 12:00:00 AM","4.433181","-75.211139","1,191","Microgramos por metro cúbico","ug/m3","1,440","73","Tolima","73001","Ibagué","Fija"
"31477","CORTOLIMA","POLICÍA DE CARRETERAS","PM10","27","2021 Sep 07 12:00:00 AM","2021 Sep 08 12:00:00 AM","4.435278","-75.202222","1,126","Microgramos por metro cúbico","ug/m3","1,440","73","Tolima","73001","Ibagué","Fija"
"31477","CORTOLIMA","POLICÍA DE CARRETERAS","PM10","26","2021 May 04 12:00:00 AM","2021 May 05 12:00:00 AM","4.435278","-75.202222","1,126","Microgramos por metro cúbico","ug/m3","1,440","73","Tolima","73001","Ibagué","Fija"
"31477","CORTOLIMA","POLICÍA DE CARRETERAS","PM10","30","2021 Sep 10 12:00:00 AM","2021 Sep 11 12:00:00 AM","4.435278","-75.202222","1,126","Microgramos por metro cúbico","ug/m3","1,440","73","Tolima","73001","Ibagué","Fija"
"31477","CORTOLIMA","POLICÍA DE CARRETERAS","PM10","24.57","2021 Mar 26 12:00:00 AM","2021 Mar 27 12:00:00 AM","4.435278","-75.202222","1,126","Microgramos por metro cúbico","ug/m3","1,440","73","Tolima","73001","Ibagué","Fija"
"8258","CORTOLIMA","CORTOLIMA","PM10","24.7","2021 Sep 03 12:00:00 AM","2021 Sep 04 12:00:00 AM","4.433181","-75.211139","1,191","Microgramos por metro cúbico","ug/m3","1,440","73","Tolima","73001","Ibagué","Fija"
"8258","CORTOLIMA","CORTOLIMA","PM10","24.64","2021 Feb 10 12:00:00 AM","2021 Feb 11 12:00:00 AM","4.433181","-75.211139","1,191","Microgramos por metro cúbico","ug/m3","1,440","73","Tolima","73001","Ibagué","Fija"
"31477","CORTOLIMA","POLICÍA DE CARRETERAS","PM10","23","2021 Sep 25 12:00:00 AM","2021 Sep 26 12:00:00 AM","4.435278","-75.202222","1,126","Microgramos por metro cúbico","ug/m3","1,440","73","Tolima","73001","Ibagué","Fija"
"8258","CORTOLIMA","CORTOLIMA","PM10","27.11","2021 Feb 15 12:00:00 AM","2021 Feb 16 12:00:00 AM","4.433181","-75.211139","1,191","Microgramos por metro cúbico","ug/m3","1,440","73","Tolima","73001","Ibagué","Fija"
"8258","CORTOLIMA","CORTOLIMA","PM10","25.17","2021 Nov 09 12:00:00 AM","2021 Nov 10 12:00:00 AM","4.433181","-75.211139","1,191","Microgramos por metro cúbico","ug/m3","1,440","73","Tolima","73001","Ibagué","Fija"
"31477","CORTOLIMA","POLICÍA DE CARRETERAS","PM10","23.16","2021 Apr 16 12:00:00 AM","2021 Apr 17 12:00:00 AM","4.435278","-75.202222","1,126","Microgramos por metro cúbico","ug/m3","1,440","73","Tolima","73001","Ibagué","Fija"
"31477","CORTOLIMA","POLICÍA DE CARRETERAS","PM10","19","2021 Sep 19 12:00:00 AM","2021 Sep 20 12:00:00 AM","4.435278","-75.202222","1,126","Microgramos por metro cúbico","ug/m3","1,440","73","Tolima","73001","Ibagué","Fija"
"8258","CORTOLIMA","CORTOLIMA","PM10","24.72","2021 Sep 08 12:00:00 AM","2021 Sep 09 12:00:00 AM","4.433181","-75.211139","1,191","Microgramos por metro cúbico","ug/m3","1,440","73","Tolima","73001","Ibagué","Fija"
"8258","CORTOLIMA","CORTOLIMA","PM10","25.12","2021 Aug 04 12:00:00 AM","2021 Aug 05 12:00:00 AM","4.433181","-75.211139","1,191","Microgramos por metro cúbico","ug/m3","1,440","73","Tolima","73001","Ibagué","Fija"
"31477","CORTOLIMA","POLICÍA DE CARRETERAS","PM10","25.65","2021 Jul 14 12:00:00 AM","2021 Jul 15 12:00:00 AM","4.435278","-75.202222","1,126","Microgramos por metro cúbico","ug/m3","1,440","73","Tolima","73001","Ibagué","Fija"
"8258","CORTOLIMA","CORTOLIMA","PM10","25.42","2021 Mar 23 12:00:00 AM","2021 Mar 24 12:00:00 AM","4.433181","-75.211139","1,191","Microgramos por metro cúbico","ug/m3","1,440","73","Tolima","73001","Ibagué","Fija"
"8258","CORTOLIMA","CORTOLIMA","PM10","23.89","2021 Oct 07 12:00:00 AM","2021 Oct 08 12:00:00 AM","4.433181","-75.211139","1,191","Microgramos por metro cúbico","ug/m3","1,440","73","Tolima","73001","Ibagué","Fija"
"8258","CORTOLIMA","CORTOLIMA","PM10","28.33","2021 Jan 26 12:00:00 AM","2021 Jan 27 12:00:00 AM","4.433181","-75.211139","1,191","Microgramos por metro cúbico","ug/m3","1,440","73","Tolima","73001","Ibagué","Fija"
"8258","CORTOLIMA","CORTOLIMA","PM10","28.32","2021 Jan 21 12:00:00 AM","2021 Jan 22 12:00:00 AM","4.433181","-75.211139","1,191","Microgramos por metro cúbico","ug/m3","1,440","73","Tolima","73001","Ibagué","Fija"
"8258","CORTOLIMA","CORTOLIMA","PM10","25.97","2021 Apr 26 12:00:00 AM","2021 Apr 27 12:00:00 AM","4.433181","-75.211139","1,191","Microgramos por metro cúbico","ug/m3","1,440","73","Tolima","73001","Ibagué","Fija"
"8258","CORTOLIMA","CORTOLIMA","PM10","22.97","2021 Nov 01 12:00:00 AM","2021 Nov 02 12:00:00 AM","4.433181","-75.211139","1,191","Microgramos por metro cúbico","ug/m3","1,440","73","Tolima","73001","Ibagué","Fija"
"31477","CORTOLIMA","POLICÍA DE CARRETERAS","PM10","22","2021 Jun 12 12:00:00 AM","2021 Jun 13 12:00:00 AM","4.435278","-75.202222","1,126","Microgramos por metro cúbico","ug/m3","1,440","73","Tolima","73001","Ibagué","Fija"
"31477","CORTOLIMA","POLICÍA DE CARRETERAS","PM10","31","2021 Sep 01 12:00:00 AM","2021 Sep 02 12:00:00 AM","4.435278","-75.202222","1,126","Microgramos por metro cúbico","ug/m3","1,440","73","Tolima","73001","Ibagué","Fija"
"8258","CORTOLIMA","CORTOLIMA","PM10","28.53","2021 Feb 04 12:00:00 AM","2021 Feb 05 12:00:00 AM","4.433181","-75.211139","1,191","Microgramos por metro cúbico","ug/m3","1,440","73","Tolima","73001","Ibagué","Fija"
"8258","CORTOLIMA","CORTOLIMA","PM10","27.21","2021 Nov 29 12:00:00 AM","2021 Nov 30 12:00:00 AM","4.433181","-75.211139","1,191","Microgramos por metro cúbico","ug/m3","1,440","73","Tolima","73001","Ibagué","Fija"
"31477","CORTOLIMA","POLICÍA DE CARRETERAS","PM10","22.87","2021 Mar 11 12:00:00 AM","2021 Mar 12 12:00:00 AM","4.435278","-75.202222","1,126","Microgramos por metro cúbico","ug/m3","1,440","73","Tolima","73001","Ibagué","Fija"
"8258","CORTOLIMA","CORTOLIMA","PM10","26.23","2021 Apr 13 12:00:00 AM","2021 Apr 14 12:00:00 AM","4.433181","-75.211139","1,191","Microgramos por metro cúbico","ug/m3","1,440","73","Tolima","73001","Ibagué","Fija"
"31477","CORTOLIMA","POLICÍA DE CARRETERAS","PM10","30.74","2021 Mar 23 12:00:00 AM","2021 Mar 24 12:00:00 AM","4.435278","-75.202222","1,126","Microgramos por metro cúbico","ug/m3","1,440","73","Tolima","73001","Ibagué","Fija"
"31477","CORTOLIMA","POLICÍA DE CARRETERAS","PM10","18","2021 Aug 29 12:00:00 AM","2021 Aug 30 12:00:00 AM","4.435278","-75.202222","1,126","Microgramos por metro cúbico","ug/m3","1,440","73","Tolima","73001","Ibagué","Fija"
"8258","CORTOLIMA","CORTOLIMA","PM10","26.01","2021 Oct 20 12:00:00 AM","2021 Oct 21 12:00:00 AM","4.433181","-75.211139","1,191","Microgramos por metro cúbico","ug/m3","1,440","73","Tolima","73001","Ibagué","Fija"
"8258","CORTOLIMA","CORTOLIMA","PM10","25.07","2021 Dec 16 12:00:00 AM","2021 Dec 17 12:00:00 AM","4.433181","-75.211139","1,191","Microgramos por metro cúbico","ug/m3","1,440","73","Tolima","73001","Ibagué","Fija"
"8258","CORTOLIMA","CORTOLIMA","PM10","25.61","2021 Apr 22 12:00:00 AM","2021 Apr 23 12:00:00 AM","4.433181","-75.211139","1,191","Microgramos por metro cúbico","ug/m3","1,440","73","Tolima","73001","Ibagué","Fija"
"31477","CORTOLIMA","POLICÍA DE CARRETERAS","PM10","29.52","2021 Apr 13 12:00:00 AM","2021 Apr 14 12:00:00 AM","4.435278","-75.202222","1,126","Microgramos por metro cúbico","ug/m3","1,440","73","Tolima","73001","Ibagué","Fija"
"8258","CORTOLIMA","CORTOLIMA","PM10","22.23","2021 Nov 04 12:00:00 AM","2021 Nov 05 12:00:00 AM","4.433181","-75.211139","1,191","Microgramos por metro cúbico","ug/m3","1,440","73","Tolima","73001","Ibagué","Fija"
"31477","CORTOLIMA","POLICÍA DE CARRETERAS","PM10","21.88","2021 Jan 22 12:00:00 AM","2021 Jan 23 12:00:00 AM","4.435278","-75.202222","1,126","Microgramos por metro cúbico","ug/m3","1,440","73","Tolima","73001","Ibagué","Fija"
"8258","CORTOLIMA","CORTOLIMA","PM10","25.29","2021 Oct 04 12:00:00 AM","2021 Oct 05 12:00:00 AM","4.433181","-75.211139","1,191","Microgramos por metro cúbico","ug/m3","1,440","73","Tolima","73001","Ibagué","Fija"
"8258","CORTOLIMA","CORTOLIMA","PM10","29.74","2021 Jan 28 12:00:00 AM","2021 Jan 29 12:00:00 AM","4.433181","-75.211139","1,191","Microgramos por metro cúbico","ug/m3","1,440","73","Tolima","73001","Ibagué","Fija"
"8258","CORTOLIMA","CORTOLIMA","PM10","21.45","2021 May 07 12:00:00 AM","2021 May 08 12:00:00 AM","4.433181","-75.211139","1,191","Microgramos por metro cúbico","ug/m3","1,440","73","Tolima","73001","Ibagué","Fija"
"8258","CORTOLIMA","CORTOLIMA","PM10","20.52","2021 Apr 18 12:00:00 AM","2021 Apr 19 12:00:00 AM","4.433181","-75.211139","1,191","Microgramos por metro cúbico","ug/m3","1,440","73","Tolima","73001","Ibagué","Fija"
"31477","CORTOLIMA","POLICÍA DE CARRETERAS","PM10","25.48","2021 Jul 29 12:00:00 AM","2021 Jul 30 12:00:00 AM","4.435278","-75.202222","1,126","Microgramos por metro cúbico","ug/m3","1,440","73","Tolima","73001","Ibagué","Fija"
"8258","CORTOLIMA","CORTOLIMA","PM10","26.35","2021 Jun 07 12:00:00 AM","2021 Jun 08 12:00:00 AM","4.433181","-75.211139","1,191","Microgramos por metro cúbico","ug/m3","1,440","73","Tolima","73001","Ibagué","Fija"
"8258","CORTOLIMA","CORTOLIMA","PM10","26.63","2021 Aug 06 12:00:00 AM","2021 Aug 07 12:00:00 AM","4.433181","-75.211139","1,191","Microgramos por metro cúbico","ug/m3","1,440","73","Tolima","73001","Ibagué","Fija"
"8258","CORTOLIMA","CORTOLIMA","PM10","25.7","2021 Apr 20 12:00:00 AM","2021 Apr 21 12:00:00 AM","4.433181","-75.211139","1,191","Microgramos por metro cúbico","ug/m3","1,440","73","Tolima","73001","Ibagué","Fija"
"31477","CORTOLIMA","POLICÍA DE CARRETERAS","PM10","22","2021 Dec 12 12:00:00 AM","2021 Dec 13 12:00:00 AM","4.435278","-75.202222","1,126","Microgramos por metro cúbico","ug/m3","1,440","73","Tolima","73001","Ibagué","Fija"
"8258","CORTOLIMA","CORTOLIMA","PM10","24.19","2021 Nov 13 12:00:00 AM","2021 Nov 14 12:00:00 AM","4.433181","-75.211139","1,191","Microgramos por metro cúbico","ug/m3","1,440","73","Tolima","73001","Ibagué","Fija"
"8258","CORTOLIMA","CORTOLIMA","PM10","19.74","2021 Sep 22 12:00:00 AM","2021 Sep 23 12:00:00 AM","4.433181","-75.211139","1,191","Microgramos por metro cúbico","ug/m3","1,440","73","Tolima","73001","Ibagué","Fija"
"8258","CORTOLIMA","CORTOLIMA","PM10","23.07","2021 Oct 02 12:00:00 AM","2021 Oct 03 12:00:00 AM","4.433181","-75.211139","1,191","Microgramos por metro cúbico","ug/m3","1,440","73","Tolima","73001","Ibagué","Fija"
"8258","CORTOLIMA","CORTOLIMA","PM10","21.69","2021 Oct 09 12:00:00 AM","2021 Oct 10 12:00:00 AM","4.433181","-75.211139","1,191","Microgramos por metro cúbico","ug/m3","1,440","73","Tolima","73001","Ibagué","Fija"
"8258","CORTOLIMA","CORTOLIMA","PM10","24.16","2021 Sep 19 12:00:00 AM","2021 Sep 20 12:00:00 AM","4.433181","-75.211139","1,191","Microgramos por metro cúbico","ug/m3","1,440","73","Tolima","73001","Ibagué","Fija"
"8258","CORTOLIMA","CORTOLIMA","PM10","28.91","2021 Jan 19 12:00:00 AM","2021 Jan 20 12:00:00 AM","4.433181","-75.211139","1,191","Microgramos por metro cúbico","ug/m3","1,440","73","Tolima","73001","Ibagué","Fija"
"31477","CORTOLIMA","POLICÍA DE CARRETERAS","PM10","26.35","2021 Jul 23 12:00:00 AM","2021 Jul 24 12:00:00 AM","4.435278","-75.202222","1,126","Microgramos por metro cúbico","ug/m3","1,440","73","Tolima","73001","Ibagué","Fija"
"8258","CORTOLIMA","CORTOLIMA","PM10","26.66","2021 Feb 28 12:00:00 AM","2021 Mar 01 12:00:00 AM","4.433181","-75.211139","1,191","Microgramos por metro cúbico","ug/m3","1,440","73","Tolima","73001","Ibagué","Fija"
"8258","CORTOLIMA","CORTOLIMA","PM10","21.91","2021 Sep 05 12:00:00 AM","2021 Sep 06 12:00:00 AM","4.433181","-75.211139","1,191","Microgramos por metro cúbico","ug/m3","1,440","73","Tolima","73001","Ibagué","Fija"
"8258","CORTOLIMA","CORTOLIMA","PM10","21.69","2021 Jul 28 12:00:00 AM","2021 Jul 29 12:00:00 AM","4.433181","-75.211139","1,191","Microgramos por metro cúbico","ug/m3","1,440","73","Tolima","73001","Ibagué","Fija"
"8258","CORTOLIMA","CORTOLIMA","PM10","23.2","2021 Jan 31 12:00:00 AM","2021 Feb 01 12:00:00 AM","4.433181","-75.211139","1,191","Microgramos por metro cúbico","ug/m3","1,440","73","Tolima","73001","Ibagué","Fija"
"8258","CORTOLIMA","CORTOLIMA","PM10","26.58","2021 Mar 21 12:00:00 AM","2021 Mar 22 12:00:00 AM","4.433181","-75.211139","1,191","Microgramos por metro cúbico","ug/m3","1,440","73","Tolima","73001","Ibagué","Fija"
"8258","CORTOLIMA","CORTOLIMA","PM10","26.21","2021 Jul 22 12:00:00 AM","2021 Jul 23 12:00:00 AM","4.433181","-75.211139","1,191","Microgramos por metro cúbico","ug/m3","1,440","73","Tolima","73001","Ibagué","Fija"
"8258","CORTOLIMA","CORTOLIMA","PM10","25.26","2021 Nov 19 12:00:00 AM","2021 Nov 20 12:00:00 AM","4.433181","-75.211139","1,191","Microgramos por metro cúbico","ug/m3","1,440","73","Tolima","73001","Ibagué","Fija"
"31477","CORTOLIMA","POLICÍA DE CARRETERAS","PM10","17","2021 Oct 16 12:00:00 AM","2021 Oct 17 12:00:00 AM","4.435278","-75.202222","1,126","Microgramos por metro cúbico","ug/m3","1,440","73","Tolima","73001","Ibagué","Fija"
"8258","CORTOLIMA","CORTOLIMA","PM10","24.65","2021 Oct 28 12:00:00 AM","2021 Oct 29 12:00:00 AM","4.433181","-75.211139","1,191","Microgramos por metro cúbico","ug/m3","1,440","73","Tolima","73001","Ibagué","Fija"
"8258","CORTOLIMA","CORTOLIMA","PM10","23.7","2021 Dec 05 12:00:00 AM","2021 Dec 06 12:00:00 AM","4.433181","-75.211139","1,191","Microgramos por metro cúbico","ug/m3","1,440","73","Tolima","73001","Ibagué","Fija"
"8258","CORTOLIMA","CORTOLIMA","PM10","26.09","2021 May 14 12:00:00 AM","2021 May 15 12:00:00 AM","4.433181","-75.211139","1,191","Microgramos por metro cúbico","ug/m3","1,440","73","Tolima","73001","Ibagué","Fija"
"8258","CORTOLIMA","CORTOLIMA","PM10","22.04","2021 Nov 14 12:00:00 AM","2021 Nov 15 12:00:00 AM","4.433181","-75.211139","1,191","Microgramos por metro cúbico","ug/m3","1,440","73","Tolima","73001","Ibagué","Fija"
"31477","CORTOLIMA","POLICÍA DE CARRETERAS","PM10","25.34","2021 Apr 19 12:00:00 AM","2021 Apr 20 12:00:00 AM","4.435278","-75.202222","1,126","Microgramos por metro cúbico","ug/m3","1,440","73","Tolima","73001","Ibagué","Fija"
"31477","CORTOLIMA","POLICÍA DE CARRETERAS","PM10","19","2021 Oct 01 12:00:00 AM","2021 Oct 02 12:00:00 AM","4.435278","-75.202222","1,126","Microgramos por metro cúbico","ug/m3","1,440","73","Tolima","73001","Ibagué","Fija"
"8258","CORTOLIMA","CORTOLIMA","PM10","22.95","2021 Oct 30 12:00:00 AM","2021 Oct 31 12:00:00 AM","4.433181","-75.211139","1,191","Microgramos por metro cúbico","ug/m3","1,440","73","Tolima","73001","Ibagué","Fija"
"8258","CORTOLIMA","CORTOLIMA","PM10","28.86","2021 Feb 20 12:00:00 AM","2021 Feb 21 12:00:00 AM","4.433181","-75.211139","1,191","Microgramos por metro cúbico","ug/m3","1,440","73","Tolima","73001","Ibagué","Fija"
"8258","CORTOLIMA","CORTOLIMA","PM10","23.5","2021 Mar 05 12:00:00 AM","2021 Mar 06 12:00:00 AM","4.433181","-75.211139","1,191","Microgramos por metro cúbico","ug/m3","1,440","73","Tolima","73001","Ibagué","Fija"
"8258","CORTOLIMA","CORTOLIMA","PM10","26.33","2021 Aug 13 12:00:00 AM","2021 Aug 14 12:00:00 AM","4.433181","-75.211139","1,191","Microgramos por metro cúbico","ug/m3","1,440","73","Tolima","73001","Ibagué","Fija"
"8258","CORTOLIMA","CORTOLIMA","PM10","26.73","2021 Mar 01 12:00:00 AM","2021 Mar 02 12:00:00 AM","4.433181","-75.211139","1,191","Microgramos por metro cúbico","ug/m3","1,440","73","Tolima","73001","Ibagué","Fija"
"8258","CORTOLIMA","CORTOLIMA","PM10","26.49","2021 Nov 11 12:00:00 AM","2021 Nov 12 12:00:00 AM","4.433181","-75.211139","1,191","Microgramos por metro cúbico","ug/m3","1,440","73","Tolima","73001","Ibagué","Fija"
"31477","CORTOLIMA","POLICÍA DE CARRETERAS","PM10","28","2021 Dec 30 12:00:00 AM","2021 Dec 31 12:00:00 AM","4.435278","-75.202222","1,126","Microgramos por metro cúbico","ug/m3","1,440","73","Tolima","73001","Ibagué","Fija"
"8258","CORTOLIMA","CORTOLIMA","PM10","25.33","2021 Nov 15 12:00:00 AM","2021 Nov 16 12:00:00 AM","4.433181","-75.211139","1,191","Microgramos por metro cúbico","ug/m3","1,440","73","Tolima","73001","Ibagué","Fija"
"31477","CORTOLIMA","POLICÍA DE CARRETERAS","PM10","28","2021 Oct 13 12:00:00 AM","2021 Oct 14 12:00:00 AM","4.435278","-75.202222","1,126","Microgramos por metro cúbico","ug/m3","1,440","73","Tolima","73001","Ibagué","Fija"
"8258","CORTOLIMA","CORTOLIMA","PM10","24.06","2021 Sep 06 12:00:00 AM","2021 Sep 07 12:00:00 AM","4.433181","-75.211139","1,191","Microgramos por metro cúbico","ug/m3","1,440","73","Tolima","73001","Ibagué","Fija"
"31477","CORTOLIMA","POLICÍA DE CARRETERAS","PM10","37","2021 Dec 24 12:00:00 AM","2021 Dec 25 12:00:00 AM","4.435278","-75.202222","1,126","Microgramos por metro cúbico","ug/m3","1,440","73","Tolima","73001","Ibagué","Fija"
"31477","CORTOLIMA","POLICÍA DE CARRETERAS","PM10","29","2021 Aug 17 12:00:00 AM","2021 Aug 18 12:00:00 AM","4.435278","-75.202222","1,126","Microgramos por metro cúbico","ug/m3","1,440","73","Tolima","73001","Ibagué","Fija"
"31477","CORTOLIMA","POLICÍA DE CARRETERAS","PM10","33","2021 May 10 12:00:00 AM","2021 May 11 12:00:00 AM","4.435278","-75.202222","1,126","Microgramos por metro cúbico","ug/m3","1,440","73","Tolima","73001","Ibagué","Fija"
"8258","CORTOLIMA","CORTOLIMA","PM10","24.87","2021 Jun 16 12:00:00 AM","2021 Jun 17 12:00:00 AM","4.433181","-75.211139","1,191","Microgramos por metro cúbico","ug/m3","1,440","73","Tolima","73001","Ibagué","Fija"
"8258","CORTOLIMA","CORTOLIMA","PM10","24.43","2021 Oct 25 12:00:00 AM","2021 Oct 26 12:00:00 AM","4.433181","-75.211139","1,191","Microgramos por metro cúbico","ug/m3","1,440","73","Tolima","73001","Ibagué","Fija"
"8258","CORTOLIMA","CORTOLIMA","PM10","26.87","2021 Dec 23 12:00:00 AM","2021 Dec 24 12:00:00 AM","4.433181","-75.211139","1,191","Microgramos por metro cúbico","ug/m3","1,440","73","Tolima","73001","Ibagué","Fija"
"8258","CORTOLIMA","CORTOLIMA","PM10","32.22","2021 May 26 12:00:00 AM","2021 May 27 12:00:00 AM","4.433181","-75.211139","1,191","Microgramos por metro cúbico","ug/m3","1,440","73","Tolima","73001","Ibagué","Fija"
"31477","CORTOLIMA","POLICÍA DE CARRETERAS","PM10","28","2021 May 25 12:00:00 AM","2021 May 26 12:00:00 AM","4.435278","-75.202222","1,126","Microgramos por metro cúbico","ug/m3","1,440","73","Tolima","73001","Ibagué","Fija"
"8258","CORTOLIMA","CORTOLIMA","PM10","26.72","2021 Apr 14 12:00:00 AM","2021 Apr 15 12:00:00 AM","4.433181","-75.211139","1,191","Microgramos por metro cúbico","ug/m3","1,440","73","Tolima","73001","Ibagué","Fija"
"31477","CORTOLIMA","POLICÍA DE CARRETERAS","PM10","29.24","2021 Jul 09 12:00:00 AM","2021 Jul 10 12:00:00 AM","4.435278","-75.202222","1,126","Microgramos por metro cúbico","ug/m3","1,440","73","Tolima","73001","Ibagué","Fija"
"8258","CORTOLIMA","CORTOLIMA","PM10","26.72","2021 Aug 24 12:00:00 AM","2021 Aug 25 12:00:00 AM","4.433181","-75.211139","1,191","Microgramos por metro cúbico","ug/m3","1,440","73","Tolima","73001","Ibagué","Fija"
"8258","CORTOLIMA","CORTOLIMA","PM10","27.42","2021 May 24 12:00:00 AM","2021 May 25 12:00:00 AM","4.433181","-75.211139","1,191","Microgramos por metro cúbico","ug/m3","1,440","73","Tolima","73001","Ibagué","Fija"
"8258","CORTOLIMA","CORTOLIMA","PM10","30.2","2021 Jan 23 12:00:00 AM","2021 Jan 24 12:00:00 AM","4.433181","-75.211139","1,191","Microgramos por metro cúbico","ug/m3","1,440","73","Tolima","73001","Ibagué","Fija"
"8258","CORTOLIMA","CORTOLIMA","PM10","27.89","2021 Feb 23 12:00:00 AM","2021 Feb 24 12:00:00 AM","4.433181","-75.211139","1,191","Microgramos por metro cúbico","ug/m3","1,440","73","Tolima","73001","Ibagué","Fija"
"8258","CORTOLIMA","CORTOLIMA","PM10","21","2021 Sep 26 12:00:00 AM","2021 Sep 27 12:00:00 AM","4.433181","-75.211139","1,191","Microgramos por metro cúbico","ug/m3","1,440","73","Tolima","73001","Ibagué","Fija"
"31477","CORTOLIMA","POLICÍA DE CARRETERAS","PM10","24.12","2021 Jan 13 12:00:00 AM","2021 Jan 14 12:00:00 AM","4.435278","-75.202222","1,126","Microgramos por metro cúbico","ug/m3","1,440","73","Tolima","73001","Ibagué","Fija"
"8258","CORTOLIMA","CORTOLIMA","PM10","25.11","2021 Mar 18 12:00:00 AM","2021 Mar 19 12:00:00 AM","4.433181","-75.211139","1,191","Microgramos por metro cúbico","ug/m3","1,440","73","Tolima","73001","Ibagué","Fija"
"31477","CORTOLIMA","POLICÍA DE CARRETERAS","PM10","21.69","2021 Jul 28 12:00:00 AM","2021 Jul 29 12:00:00 AM","4.435278","-75.202222","1,126","Microgramos por metro cúbico","ug/m3","1,440","73","Tolima","73001","Ibagué","Fija"
"8258","CORTOLIMA","CORTOLIMA","PM10","24.64","2021 May 31 12:00:00 AM","2021 Jun 01 12:00:00 AM","4.433181","-75.211139","1,191","Microgramos por metro cúbico","ug/m3","1,440","73","Tolima","73001","Ibagué","Fija"
"8258","CORTOLIMA","CORTOLIMA","PM10","29.26","2021 May 30 12:00:00 AM","2021 May 31 12:00:00 AM","4.433181","-75.211139","1,191","Microgramos por metro cúbico","ug/m3","1,440","73","Tolima","73001","Ibagué","Fija"
"31477","CORTOLIMA","POLICÍA DE CARRETERAS","PM10","20","2021 Nov 03 12:00:00 AM","2021 Nov 04 12:00:00 AM","4.435278","-75.202222","1,126","Microgramos por metro cúbico","ug/m3","1,440","73","Tolima","73001","Ibagué","Fija"
"8258","CORTOLIMA","CORTOLIMA","PM10","27.73","2021 Jun 09 12:00:00 AM","2021 Jun 10 12:00:00 AM","4.433181","-75.211139","1,191","Microgramos por metro cúbico","ug/m3","1,440","73","Tolima","73001","Ibagué","Fija"
"8258","CORTOLIMA","CORTOLIMA","PM10","28.4","2021 Apr 11 12:00:00 AM","2021 Apr 12 12:00:00 AM","4.433181","-75.211139","1,191","Microgramos por metro cúbico","ug/m3","1,440","73","Tolima","73001","Ibagué","Fija"
"8258","CORTOLIMA","CORTOLIMA","PM10","25.89","2021 Sep 21 12:00:00 AM","2021 Sep 22 12:00:00 AM","4.433181","-75.211139","1,191","Microgramos por metro cúbico","ug/m3","1,440","73","Tolima","73001","Ibagué","Fija"
"8258","CORTOLIMA","CORTOLIMA","PM10","26.45","2021 Aug 16 12:00:00 AM","2021 Aug 17 12:00:00 AM","4.433181","-75.211139","1,191","Microgramos por metro cúbico","ug/m3","1,440","73","Tolima","73001","Ibagué","Fija"
"8258","CORTOLIMA","CORTOLIMA","PM10","26.21","2021 Mar 29 12:00:00 AM","2021 Mar 30 12:00:00 AM","4.433181","-75.211139","1,191","Microgramos por metro cúbico","ug/m3","1,440","73","Tolima","73001","Ibagué","Fija"
"31477","CORTOLIMA","POLICÍA DE CARRETERAS","PM10","30","2021 Dec 27 12:00:00 AM","2021 Dec 28 12:00:00 AM","4.435278","-75.202222","1,126","Microgramos por metro cúbico","ug/m3","1,440","73","Tolima","73001","Ibagué","Fija"
"8258","CORTOLIMA","CORTOLIMA","PM10","22.09","2021 Jun 24 12:00:00 AM","2021 Jun 25 12:00:00 AM","4.433181","-75.211139","1,191","Microgramos por metro cúbico","ug/m3","1,440","73","Tolima","73001","Ibagué","Fija"
"31477","CORTOLIMA","POLICÍA DE CARRETERAS","PM10","17","2021 Aug 08 12:00:00 AM","2021 Aug 09 12:00:00 AM","4.435278","-75.202222","1,126","Microgramos por metro cúbico","ug/m3","1,440","73","Tolima","73001","Ibagué","Fija"
"8258","CORTOLIMA","CORTOLIMA","PM10","22.79","2021 Oct 22 12:00:00 AM","2021 Oct 23 12:00:00 AM","4.433181","-75.211139","1,191","Microgramos por metro cúbico","ug/m3","1,440","73","Tolima","73001","Ibagué","Fija"
"8258","CORTOLIMA","CORTOLIMA","PM10","25.65","2021 Jul 14 12:00:00 AM","2021 Jul 15 12:00:00 AM","4.433181","-75.211139","1,191","Microgramos por metro cúbico","ug/m3","1,440","73","Tolima","73001","Ibagué","Fija"
"8258","CORTOLIMA","CORTOLIMA","PM10","21.35","2021 Nov 06 12:00:00 AM","2021 Nov 07 12:00:00 AM","4.433181","-75.211139","1,191","Microgramos por metro cúbico","ug/m3","1,440","73","Tolima","73001","Ibagué","Fija"
"8258","CORTOLIMA","CORTOLIMA","PM10","23.64","2021 Apr 17 12:00:00 AM","2021 Apr 18 12:00:00 AM","4.433181","-75.211139","1,191","Microgramos por metro cúbico","ug/m3","1,440","73","Tolima","73001","Ibagué","Fija"
"31477","CORTOLIMA","POLICÍA DE CARRETERAS","PM10","33.39","2021 Jul 21 12:00:00 AM","2021 Jul 22 12:00:00 AM","4.435278","-75.202222","1,126","Microgramos por metro cúbico","ug/m3","1,440","73","Tolima","73001","Ibagué","Fija"
"8258","CORTOLIMA","CORTOLIMA","PM10","31.67","2021 May 21 12:00:00 AM","2021 May 22 12:00:00 AM","4.433181","-75.211139","1,191","Microgramos por metro cúbico","ug/m3","1,440","73","Tolima","73001","Ibagué","Fija"
"8258","CORTOLIMA","CORTOLIMA","PM10","27.31","2021 Jun 10 12:00:00 AM","2021 Jun 11 12:00:00 AM","4.433181","-75.211139","1,191","Microgramos por metro cúbico","ug/m3","1,440","73","Tolima","73001","Ibagué","Fija"
"31477","CORTOLIMA","POLICÍA DE CARRETERAS","PM10","23.11","2021 Jul 16 12:00:00 AM","2021 Jul 17 12:00:00 AM","4.435278","-75.202222","1,126","Microgramos por metro cúbico","ug/m3","1,440","73","Tolima","73001","Ibagué","Fija"
"8258","CORTOLIMA","CORTOLIMA","PM10","28.15","2021 Dec 15 12:00:00 AM","2021 Dec 16 12:00:00 AM","4.433181","-75.211139","1,191","Microgramos por metro cúbico","ug/m3","1,440","73","Tolima","73001","Ibagué","Fija"
"31477","CORTOLIMA","POLICÍA DE CARRETERAS","PM10","26.13","2021 Jul 13 12:00:00 AM","2021 Jul 14 12:00:00 AM","4.435278","-75.202222","1,126","Microgramos por metro cúbico","ug/m3","1,440","73","Tolima","73001","Ibagué","Fija"
"31477","CORTOLIMA","POLICÍA DE CARRETERAS","PM10","18","2021 Oct 10 12:00:00 AM","2021 Oct 11 12:00:00 AM","4.435278","-75.202222","1,126","Microgramos por metro cúbico","ug/m3","1,440","73","Tolima","73001","Ibagué","Fija"
"31477","CORTOLIMA","POLICÍA DE CARRETERAS","PM10","22","2021 Nov 09 12:00:00 AM","2021 Nov 10 12:00:00 AM","4.435278","-75.202222","1,126","Microgramos por metro cúbico","ug/m3","1,440","73","Tolima","73001","Ibagué","Fija"
"8258","CORTOLIMA","CORTOLIMA","PM10","26.17","2021 Feb 12 12:00:00 AM","2021 Feb 13 12:00:00 AM","4.433181","-75.211139","1,191","Microgramos por metro cúbico","ug/m3","1,440","73","Tolima","73001","Ibagué","Fija"
"31477","CORTOLIMA","POLICÍA DE CARRETERAS","PM10","23","2021 May 19 12:00:00 AM","2021 May 20 12:00:00 AM","4.435278","-75.202222","1,126","Microgramos por metro cúbico","ug/m3","1,440","73","Tolima","73001","Ibagué","Fija"
"8258","CORTOLIMA","CORTOLIMA","PM10","25.68","2021 Apr 05 12:00:00 AM","2021 Apr 06 12:00:00 AM","4.433181","-75.211139","1,191","Microgramos por metro cúbico","ug/m3","1,440","73","Tolima","73001","Ibagué","Fija"
"8258","CORTOLIMA","CORTOLIMA","PM10","19.24","2021 Oct 31 12:00:00 AM","2021 Nov 01 12:00:00 AM","4.433181","-75.211139","1,191","Microgramos por metro cúbico","ug/m3","1,440","73","Tolima","73001","Ibagué","Fija"
"8258","CORTOLIMA","CORTOLIMA","PM10","30.08","2021 Sep 20 12:00:00 AM","2021 Sep 21 12:00:00 AM","4.433181","-75.211139","1,191","Microgramos por metro cúbico","ug/m3","1,440","73","Tolima","73001","Ibagué","Fija"
"8258","CORTOLIMA","CORTOLIMA","PM10","28.19","2021 Aug 18 12:00:00 AM","2021 Aug 19 12:00:00 AM","4.433181","-75.211139","1,191","Microgramos por metro cúbico","ug/m3","1,440","73","Tolima","73001","Ibagué","Fija"
"31477","CORTOLIMA","POLICÍA DE CARRETERAS","PM10","28.33","2021 Jul 06 12:00:00 AM","2021 Jul 07 12:00:00 AM","4.435278","-75.202222","1,126","Microgramos por metro cúbico","ug/m3","1,440","73","Tolima","73001","Ibagué","Fija"
"8258","CORTOLIMA","CORTOLIMA","PM10","26.72","2021 Sep 09 12:00:00 AM","2021 Sep 10 12:00:00 AM","4.433181","-75.211139","1,191","Microgramos por metro cúbico","ug/m3","1,440","73","Tolima","73001","Ibagué","Fija"
"8258","CORTOLIMA","CORTOLIMA","PM10","23.55","2021 May 08 12:00:00 AM","2021 May 09 12:00:00 AM","4.433181","-75.211139","1,191","Microgramos por metro cúbico","ug/m3","1,440","73","Tolima","73001","Ibagué","Fija"
"8258","CORTOLIMA","CORTOLIMA","PM10","30.17","2021 Jul 03 12:00:00 AM","2021 Jul 04 12:00:00 AM","4.433181","-75.211139","1,191","Microgramos por metro cúbico","ug/m3","1,440","73","Tolima","73001","Ibagué","Fija"
"8258","CORTOLIMA","CORTOLIMA","PM10","29.24","2021 Jul 09 12:00:00 AM","2021 Jul 10 12:00:00 AM","4.433181","-75.211139","1,191","Microgramos por metro cúbico","ug/m3","1,440","73","Tolima","73001","Ibagué","Fija"
"31477","CORTOLIMA","POLICÍA DE CARRETERAS","PM10","32","2021 Aug 23 12:00:00 AM","2021 Aug 24 12:00:00 AM","4.435278","-75.202222","1,126","Microgramos por metro cúbico","ug/m3","1,440","73","Tolima","73001","Ibagué","Fija"
"31477","CORTOLIMA","POLICÍA DE CARRETERAS","PM10","27.95","2021 Mar 17 12:00:00 AM","2021 Mar 18 12:00:00 AM","4.435278","-75.202222","1,126","Microgramos por metro cúbico","ug/m3","1,440","73","Tolima","73001","Ibagué","Fija"
"8258","CORTOLIMA","CORTOLIMA","PM10","21.89","2021 Feb 24 12:00:00 AM","2021 Feb 25 12:00:00 AM","4.433181","-75.211139","1,191","Microgramos por metro cúbico","ug/m3","1,440","73","Tolima","73001","Ibagué","Fija"
"8258","CORTOLIMA","CORTOLIMA","PM10","20.3","2021 Sep 15 12:00:00 AM","2021 Sep 16 12:00:00 AM","4.433181","-75.211139","1,191","Microgramos por metro cúbico","ug/m3","1,440","73","Tolima","73001","Ibagué","Fija"
"8258","CORTOLIMA","CORTOLIMA","PM10","27.04","2021 Feb 11 12:00:00 AM","2021 Feb 12 12:00:00 AM","4.433181","-75.211139","1,191","Microgramos por metro cúbico","ug/m3","1,440","73","Tolima","73001","Ibagué","Fija"
"31477","CORTOLIMA","POLICÍA DE CARRETERAS","PM10","29","2021 Dec 09 12:00:00 AM","2021 Dec 10 12:00:00 AM","4.435278","-75.202222","1,126","Microgramos por metro cúbico","ug/m3","1,440","73","Tolima","73001","Ibagué","Fija"
"31477","CORTOLIMA","POLICÍA DE CARRETERAS","PM10","31.94","2021 Feb 24 12:00:00 AM","2021 Feb 25 12:00:00 AM","4.435278","-75.202222","1,126","Microgramos por metro cúbico","ug/m3","1,440","73","Tolima","73001","Ibagué","Fija"
"8258","CORTOLIMA","CORTOLIMA","PM10","28.67","2021 Feb 26 12:00:00 AM","2021 Feb 27 12:00:00 AM","4.433181","-75.211139","1,191","Microgramos por metro cúbico","ug/m3","1,440","73","Tolima","73001","Ibagué","Fija"
"8258","CORTOLIMA","CORTOLIMA","PM10","29.59","2021 Sep 01 12:00:00 AM","2021 Sep 02 12:00:00 AM","4.433181","-75.211139","1,191","Microgramos por metro cúbico","ug/m3","1,440","73","Tolima","73001","Ibagué","Fija"
"8258","CORTOLIMA","CORTOLIMA","PM10","27.79","2021 Mar 03 12:00:00 AM","2021 Mar 04 12:00:00 AM","4.433181","-75.211139","1,191","Microgramos por metro cúbico","ug/m3","1,440","73","Tolima","73001","Ibagué","Fija"
"8258","CORTOLIMA","CORTOLIMA","PM10","23.81","2021 Jan 24 12:00:00 AM","2021 Jan 25 12:00:00 AM","4.433181","-75.211139","1,191","Microgramos por metro cúbico","ug/m3","1,440","73","Tolima","73001","Ibagué","Fija"
"8258","CORTOLIMA","CORTOLIMA","PM10","25.42","2021 Jul 15 12:00:00 AM","2021 Jul 16 12:00:00 AM","4.433181","-75.211139","1,191","Microgramos por metro cúbico","ug/m3","1,440","73","Tolima","73001","Ibagué","Fija"
"8258","CORTOLIMA","CORTOLIMA","PM10","23.36","2021 Aug 29 12:00:00 AM","2021 Aug 30 12:00:00 AM","4.433181","-75.211139","1,191","Microgramos por metro cúbico","ug/m3","1,440","73","Tolima","73001","Ibagué","Fija"
"8258","CORTOLIMA","CORTOLIMA","PM10","21.87","2021 Jun 26 12:00:00 AM","2021 Jun 27 12:00:00 AM","4.433181","-75.211139","1,191","Microgramos por metro cúbico","ug/m3","1,440","73","Tolima","73001","Ibagué","Fija"
"31477","CORTOLIMA","POLICÍA DE CARRETERAS","PM10","25","2021 Oct 19 12:00:00 AM","2021 Oct 20 12:00:00 AM","4.435278","-75.202222","1,126","Microgramos por metro cúbico","ug/m3","1,440","73","Tolima","73001","Ibagué","Fija"
"8258","CORTOLIMA","CORTOLIMA","PM10","25.25","2021 Aug 30 12:00:00 AM","2021 Aug 31 12:00:00 AM","4.433181","-75.211139","1,191","Microgramos por metro cúbico","ug/m3","1,440","73","Tolima","73001","Ibagué","Fija"
"8258","CORTOLIMA","CORTOLIMA","PM10","25.65","2021 Mar 22 12:00:00 AM","2021 Mar 23 12:00:00 AM","4.433181","-75.211139","1,191","Microgramos por metro cúbico","ug/m3","1,440","73","Tolima","73001","Ibagué","Fija"
"8258","CORTOLIMA","CORTOLIMA","PM10","26.21","2021 Jun 03 12:00:00 AM","2021 Jun 04 12:00:00 AM","4.433181","-75.211139","1,191","Microgramos por metro cúbico","ug/m3","1,440","73","Tolima","73001","Ibagué","Fija"
"31477","CORTOLIMA","POLICÍA DE CARRETERAS","PM10","29.95","2021 Apr 28 12:00:00 AM","2021 Apr 29 12:00:00 AM","4.435278","-75.202222","1,126","Microgramos por metro cúbico","ug/m3","1,440","73","Tolima","73001","Ibagué","Fija"
"8258","CORTOLIMA","CORTOLIMA","PM10","25.48","2021 Jul 29 12:00:00 AM","2021 Jul 30 12:00:00 AM","4.433181","-75.211139","1,191","Microgramos por metro cúbico","ug/m3","1,440","73","Tolima","73001","Ibagué","Fija"
"8258","CORTOLIMA","CORTOLIMA","PM10","20.66","2021 Aug 22 12:00:00 AM","2021 Aug 23 12:00:00 AM","4.433181","-75.211139","1,191","Microgramos por metro cúbico","ug/m3","1,440","73","Tolima","73001","Ibagué","Fija"
"31477","CORTOLIMA","POLICÍA DE CARRETERAS","PM10","22","2021 May 13 12:00:00 AM","2021 May 14 12:00:00 AM","4.435278","-75.202222","1,126","Microgramos por metro cúbico","ug/m3","1,440","73","Tolima","73001","Ibagué","Fija"
"31477","CORTOLIMA","POLICÍA DE CARRETERAS","PM10","25","2021 Dec 03 12:00:00 AM","2021 Dec 04 12:00:00 AM","4.435278","-75.202222","1,126","Microgramos por metro cúbico","ug/m3","1,440","73","Tolima","73001","Ibagué","Fija"
"8258","CORTOLIMA","CORTOLIMA","PM10","24.08","2021 Nov 27 12:00:00 AM","2021 Nov 28 12:00:00 AM","4.433181","-75.211139","1,191","Microgramos por metro cúbico","ug/m3","1,440","73","Tolima","73001","Ibagué","Fija"
"8258","CORTOLIMA","CORTOLIMA","PM10","22.81","2021 Jun 25 12:00:00 AM","2021 Jun 26 12:00:00 AM","4.433181","-75.211139","1,191","Microgramos por metro cúbico","ug/m3","1,440","73","Tolima","73001","Ibagué","Fija"
"31477","CORTOLIMA","POLICÍA DE CARRETERAS","PM10","21","2021 Jun 06 12:00:00 AM","2021 Jun 07 12:00:00 AM","4.435278","-75.202222","1,126","Microgramos por metro cúbico","ug/m3","1,440","73","Tolima","73001","Ibagué","Fija"
"8258","CORTOLIMA","CORTOLIMA","PM10","24.25","2021 Apr 01 12:00:00 AM","2021 Apr 02 12:00:00 AM","4.433181","-75.211139","1,191","Microgramos por metro cúbico","ug/m3","1,440","73","Tolima","73001","Ibagué","Fija"
"8258","CORTOLIMA","CORTOLIMA","PM10","24.39","2021 Oct 08 12:00:00 AM","2021 Oct 09 12:00:00 AM","4.433181","-75.211139","1,191","Microgramos por metro cúbico","ug/m3","1,440","73","Tolima","73001","Ibagué","Fija"
"31477","CORTOLIMA","POLICÍA DE CARRETERAS","PM10","24.96","2021 Apr 25 12:00:00 AM","2021 Apr 26 12:00:00 AM","4.435278","-75.202222","1,126","Microgramos por metro cúbico","ug/m3","1,440","73","Tolima","73001","Ibagué","Fija"
"8258","CORTOLIMA","CORTOLIMA","PM10","25.61","2021 Jul 19 12:00:00 AM","2021 Jul 20 12:00:00 AM","4.433181","-75.211139","1,191","Microgramos por metro cúbico","ug/m3","1,440","73","Tolima","73001","Ibagué","Fija"
"8258","CORTOLIMA","CORTOLIMA","PM10","22.43","2021 Oct 23 12:00:00 AM","2021 Oct 24 12:00:00 AM","4.433181","-75.211139","1,191","Microgramos por metro cúbico","ug/m3","1,440","73","Tolima","73001","Ibagué","Fija"
"8258","CORTOLIMA","CORTOLIMA","PM10","26.71","2021 Nov 30 12:00:00 AM","2021 Dec 01 12:00:00 AM","4.433181","-75.211139","1,191","Microgramos por metro cúbico","ug/m3","1,440","73","Tolima","73001","Ibagué","Fija"
"31477","CORTOLIMA","POLICÍA DE CARRETERAS","PM10","30.17","2021 Jul 03 12:00:00 AM","2021 Jul 04 12:00:00 AM","4.435278","-75.202222","1,126","Microgramos por metro cúbico","ug/m3","1,440","73","Tolima","73001","Ibagué","Fija"
"31477","CORTOLIMA","POLICÍA DE CARRETERAS","PM10","22.46","2021 Mar 05 12:00:00 AM","2021 Mar 06 12:00:00 AM","4.435278","-75.202222","1,126","Microgramos por metro cúbico","ug/m3","1,440","73","Tolima","73001","Ibagué","Fija"
"8258","CORTOLIMA","CORTOLIMA","PM10","27.11","2021 Sep 02 12:00:00 AM","2021 Sep 03 12:00:00 AM","4.433181","-75.211139","1,191","Microgramos por metro cúbico","ug/m3","1,440","73","Tolima","73001","Ibagué","Fija"
"8258","CORTOLIMA","CORTOLIMA","PM10","26.96","2021 Dec 14 12:00:00 AM","2021 Dec 15 12:00:00 AM","4.433181","-75.211139","1,191","Microgramos por metro cúbico","ug/m3","1,440","73","Tolima","73001","Ibagué","Fija"
"8258","CORTOLIMA","CORTOLIMA","PM10","20.22","2021 Mar 28 12:00:00 AM","2021 Mar 29 12:00:00 AM","4.433181","-75.211139","1,191","Microgramos por metro cúbico","ug/m3","1,440","73","Tolima","73001","Ibagué","Fija"
"8258","CORTOLIMA","CORTOLIMA","PM10","24.84","2021 Apr 09 12:00:00 AM","2021 Apr 10 12:00:00 AM","4.433181","-75.211139","1,191","Microgramos por metro cúbico","ug/m3","1,440","73","Tolima","73001","Ibagué","Fija"
"31477","CORTOLIMA","POLICÍA DE CARRETERAS","PM10","33.87","2021 Jan 28 12:00:00 AM","2021 Jan 29 12:00:00 AM","4.435278","-75.202222","1,126","Microgramos por metro cúbico","ug/m3","1,440","73","Tolima","73001","Ibagué","Fija"
"8258","CORTOLIMA","CORTOLIMA","PM10","26.16","2021 May 13 12:00:00 AM","2021 May 14 12:00:00 AM","4.433181","-75.211139","1,191","Microgramos por metro cúbico","ug/m3","1,440","73","Tolima","73001","Ibagué","Fija"
"8258","CORTOLIMA","CORTOLIMA","PM10","24.81","2021 Aug 12 12:00:00 AM","2021 Aug 13 12:00:00 AM","4.433181","-75.211139","1,191","Microgramos por metro cúbico","ug/m3","1,440","73","Tolima","73001","Ibagué","Fija"
"8258","CORTOLIMA","CORTOLIMA","PM10","24.03","2021 Dec 04 12:00:00 AM","2021 Dec 05 12:00:00 AM","4.433181","-75.211139","1,191","Microgramos por metro cúbico","ug/m3","1,440","73","Tolima","73001","Ibagué","Fija"
"8258","CORTOLIMA","CORTOLIMA","PM10","29.37","2021 Jan 09 12:00:00 AM","2021 Jan 10 12:00:00 AM","4.433181","-75.211139","1,191","Microgramos por metro cúbico","ug/m3","1,440","73","Tolima","73001","Ibagué","Fija"
"31477","CORTOLIMA","POLICÍA DE CARRETERAS","PM10","28.47","2021 Mar 29 12:00:00 AM","2021 Mar 30 12:00:00 AM","4.435278","-75.202222","1,126","Microgramos por metro cúbico","ug/m3","1,440","73","Tolima","73001","Ibagué","Fija"
"31477","CORTOLIMA","POLICÍA DE CARRETERAS","PM10","24.32","2021 Jul 26 12:00:00 AM","2021 Jul 27 12:00:00 AM","4.435278","-75.202222","1,126","Microgramos por metro cúbico","ug/m3","1,440","73","Tolima","73001","Ibagué","Fija"
"8258","CORTOLIMA","CORTOLIMA","PM10","26.66","2021 Sep 17 12:00:00 AM","2021 Sep 18 12:00:00 AM","4.433181","-75.211139","1,191","Microgramos por metro cúbico","ug/m3","1,440","73","Tolima","73001","Ibagué","Fija"
"8258","CORTOLIMA","CORTOLIMA","PM10","23.77","2021 Jul 11 12:00:00 AM","2021 Jul 12 12:00:00 AM","4.433181","-75.211139","1,191","Microgramos por metro cúbico","ug/m3","1,440","73","Tolima","73001","Ibagué","Fija"
"8258","CORTOLIMA","CORTOLIMA","PM10","23.87","2021 Dec 11 12:00:00 AM","2021 Dec 12 12:00:00 AM","4.433181","-75.211139","1,191","Microgramos por metro cúbico","ug/m3","1,440","73","Tolima","73001","Ibagué","Fija"
"8258","CORTOLIMA","CORTOLIMA","PM10","25.21","2021 Sep 27 12:00:00 AM","2021 Sep 28 12:00:00 AM","4.433181","-75.211139","1,191","Microgramos por metro cúbico","ug/m3","1,440","73","Tolima","73001","Ibagué","Fija"
"8258","CORTOLIMA","CORTOLIMA","PM10","23.05","2021 Jun 19 12:00:00 AM","2021 Jun 20 12:00:00 AM","4.433181","-75.211139","1,191","Microgramos por metro cúbico","ug/m3","1,440","73","Tolima","73001","Ibagué","Fija"
"8258","CORTOLIMA","CORTOLIMA","PM10","29.31","2021 Aug 11 12:00:00 AM","2021 Aug 12 12:00:00 AM","4.433181","-75.211139","1,191","Microgramos por metro cúbico","ug/m3","1,440","73","Tolima","73001","Ibagué","Fija"
"8258","CORTOLIMA","CORTOLIMA","PM10","22.95","2021 May 06 12:00:00 AM","2021 May 07 12:00:00 AM","4.433181","-75.211139","1,191","Microgramos por metro cúbico","ug/m3","1,440","73","Tolima","73001","Ibagué","Fija"
"8258","CORTOLIMA","CORTOLIMA","PM10","27.2","2021 Oct 13 12:00:00 AM","2021 Oct 14 12:00:00 AM","4.433181","-75.211139","1,191","Microgramos por metro cúbico","ug/m3","1,440","73","Tolima","73001","Ibagué","Fija"
"31477","CORTOLIMA","POLICÍA DE CARRETERAS","PM10","33.23","2021 Jul 04 12:00:00 AM","2021 Jul 05 12:00:00 AM","4.435278","-75.202222","1,126","Microgramos por metro cúbico","ug/m3","1,440","73","Tolima","73001","Ibagué","Fija"
"8258","CORTOLIMA","CORTOLIMA","PM10","24.28","2021 Aug 27 12:00:00 AM","2021 Aug 28 12:00:00 AM","4.433181","-75.211139","1,191","Microgramos por metro cúbico","ug/m3","1,440","73","Tolima","73001","Ibagué","Fija"
"31477","CORTOLIMA","POLICÍA DE CARRETERAS","PM10","20","2021 Aug 20 12:00:00 AM","2021 Aug 21 12:00:00 AM","4.435278","-75.202222","1,126","Microgramos por metro cúbico","ug/m3","1,440","73","Tolima","73001","Ibagué","Fija"
"8258","CORTOLIMA","CORTOLIMA","PM10","28.23","2021 Jul 05 12:00:00 AM","2021 Jul 06 12:00:00 AM","4.433181","-75.211139","1,191","Microgramos por metro cúbico","ug/m3","1,440","73","Tolima","73001","Ibagué","Fija"
"8258","CORTOLIMA","CORTOLIMA","PM10","24.28","2021 Aug 05 12:00:00 AM","2021 Aug 06 12:00:00 AM","4.433181","-75.211139","1,191","Microgramos por metro cúbico","ug/m3","1,440","73","Tolima","73001","Ibagué","Fija"
"8258","CORTOLIMA","CORTOLIMA","PM10","24.86","2021 Dec 17 12:00:00 AM","2021 Dec 18 12:00:00 AM","4.433181","-75.211139","1,191","Microgramos por metro cúbico","ug/m3","1,440","73","Tolima","73001","Ibagué","Fija"
"31477","CORTOLIMA","POLICÍA DE CARRETERAS","PM10","26","2021 Aug 14 12:00:00 AM","2021 Aug 15 12:00:00 AM","4.435278","-75.202222","1,126","Microgramos por metro cúbico","ug/m3","1,440","73","Tolima","73001","Ibagué","Fija"
"8258","CORTOLIMA","CORTOLIMA","PM10","26.92","2021 Dec 02 12:00:00 AM","2021 Dec 03 12:00:00 AM","4.433181","-75.211139","1,191","Microgramos por metro cúbico","ug/m3","1,440","73","Tolima","73001","Ibagué","Fija"
"8258","CORTOLIMA","CORTOLIMA","PM10","22.55","2021 Nov 02 12:00:00 AM","2021 Nov 03 12:00:00 AM","4.433181","-75.211139","1,191","Microgramos por metro cúbico","ug/m3","1,440","73","Tolima","73001","Ibagué","Fija"
"8258","CORTOLIMA","CORTOLIMA","PM10","23.2","2021 Oct 01 12:00:00 AM","2021 Oct 02 12:00:00 AM","4.433181","-75.211139","1,191","Microgramos por metro cúbico","ug/m3","1,440","73","Tolima","73001","Ibagué","Fija"
"31477","CORTOLIMA","POLICÍA DE CARRETERAS","PM10","22.18","2021 Apr 22 12:00:00 AM","2021 Apr 23 12:00:00 AM","4.435278","-75.202222","1,126","Microgramos por metro cúbico","ug/m3","1,440","73","Tolima","73001","Ibagué","Fija"
"8258","CORTOLIMA","CORTOLIMA","PM10","24.65","2021 Jun 17 12:00:00 AM","2021 Jun 18 12:00:00 AM","4.433181","-75.211139","1,191","Microgramos por metro cúbico","ug/m3","1,440","73","Tolima","73001","Ibagué","Fija"
"8258","CORTOLIMA","CORTOLIMA","PM10","26.01","2021 Dec 06 12:00:00 AM","2021 Dec 07 12:00:00 AM","4.433181","-75.211139","1,191","Microgramos por metro cúbico","ug/m3","1,440","73","Tolima","73001","Ibagué","Fija"
"31477","CORTOLIMA","POLICÍA DE CARRETERAS","PM10","26","2021 Jun 03 12:00:00 AM","2021 Jun 04 12:00:00 AM","4.435278","-75.202222","1,126","Microgramos por metro cúbico","ug/m3","1,440","73","Tolima","73001","Ibagué","Fija"
"8258","CORTOLIMA","CORTOLIMA","PM10","22.37","2021 Nov 05 12:00:00 AM","2021 Nov 06 12:00:00 AM","4.433181","-75.211139","1,191","Microgramos por metro cúbico","ug/m3","1,440","73","Tolima","73001","Ibagué","Fija"
"8258","CORTOLIMA","CORTOLIMA","PM10","26.92","2021 Jan 15 12:00:00 AM","2021 Jan 16 12:00:00 AM","4.433181","-75.211139","1,191","Microgramos por metro cúbico","ug/m3","1,440","73","Tolima","73001","Ibagué","Fija"
"31477","CORTOLIMA","POLICÍA DE CARRETERAS","PM10","25.6","2021 Apr 01 12:00:00 AM","2021 Apr 02 12:00:00 AM","4.435278","-75.202222","1,126","Microgramos por metro cúbico","ug/m3","1,440","73","Tolima","73001","Ibagué","Fija"
"31477","CORTOLIMA","POLICÍA DE CARRETERAS","PM10","22","2021 Oct 25 12:00:00 AM","2021 Oct 26 12:00:00 AM","4.435278","-75.202222","1,126","Microgramos por metro cúbico","ug/m3","1,440","73","Tolima","73001","Ibagué","Fija"
"8258","CORTOLIMA","CORTOLIMA","PM10","23.64","2021 Feb 03 12:00:00 AM","2021 Feb 04 12:00:00 AM","4.433181","-75.211139","1,191","Microgramos por metro cúbico","ug/m3","1,440","73","Tolima","73001","Ibagué","Fija"
"8258","CORTOLIMA","CORTOLIMA","PM10","31.74","2021 Jan 27 12:00:00 AM","2021 Jan 28 12:00:00 AM","4.433181","-75.211139","1,191","Microgramos por metro cúbico","ug/m3","1,440","73","Tolima","73001","Ibagué","Fija"
"8258","CORTOLIMA","CORTOLIMA","PM10","25.44","2021 Apr 10 12:00:00 AM","2021 Apr 11 12:00:00 AM","4.433181","-75.211139","1,191","Microgramos por metro cúbico","ug/m3","1,440","73","Tolima","73001","Ibagué","Fija"
"8258","CORTOLIMA","CORTOLIMA","PM10","24.97","2021 Aug 08 12:00:00 AM","2021 Aug 09 12:00:00 AM","4.433181","-75.211139","1,191","Microgramos por metro cúbico","ug/m3","1,440","73","Tolima","73001","Ibagué","Fija"
"8258","CORTOLIMA","CORTOLIMA","PM10","25.91","2021 Aug 09 12:00:00 AM","2021 Aug 10 12:00:00 AM","4.433181","-75.211139","1,191","Microgramos por metro cúbico","ug/m3","1,440","73","Tolima","73001","Ibagué","Fija"
"8258","CORTOLIMA","CORTOLIMA","PM10","24.32","2021 Jul 26 12:00:00 AM","2021 Jul 27 12:00:00 AM","4.433181","-75.211139","1,191","Microgramos por metro cúbico","ug/m3","1,440","73","Tolima","73001","Ibagué","Fija"
"8258","CORTOLIMA","CORTOLIMA","PM10","21.38","2021 Sep 23 12:00:00 AM","2021 Sep 24 12:00:00 AM","4.433181","-75.211139","1,191","Microgramos por metro cúbico","ug/m3","1,440","73","Tolima","73001","Ibagué","Fija"
"8258","CORTOLIMA","CORTOLIMA","PM10","25.49","2021 Nov 08 12:00:00 AM","2021 Nov 09 12:00:00 AM","4.433181","-75.211139","1,191","Microgramos por metro cúbico","ug/m3","1,440","73","Tolima","73001","Ibagué","Fija"
"8258","CORTOLIMA","CORTOLIMA","PM10","24.91","2021 Sep 16 12:00:00 AM","2021 Sep 17 12:00:00 AM","4.433181","-75.211139","1,191","Microgramos por metro cúbico","ug/m3","1,440","73","Tolima","73001","Ibagué","Fija"
"8258","CORTOLIMA","CORTOLIMA","PM10","30.06","2021 May 20 12:00:00 AM","2021 May 21 12:00:00 AM","4.433181","-75.211139","1,191","Microgramos por metro cúbico","ug/m3","1,440","73","Tolima","73001","Ibagué","Fija"
"8258","CORTOLIMA","CORTOLIMA","PM10","24.6","2021 Aug 28 12:00:00 AM","2021 Aug 29 12:00:00 AM","4.433181","-75.211139","1,191","Microgramos por metro cúbico","ug/m3","1,440","73","Tolima","73001","Ibagué","Fija"
"8258","CORTOLIMA","CORTOLIMA","PM10","28.08","2021 Oct 27 12:00:00 AM","2021 Oct 28 12:00:00 AM","4.433181","-75.211139","1,191","Microgramos por metro cúbico","ug/m3","1,440","73","Tolima","73001","Ibagué","Fija"
"31477","CORTOLIMA","POLICÍA DE CARRETERAS","PM10","32","2021 Dec 21 12:00:00 AM","2021 Dec 22 12:00:00 AM","4.435278","-75.202222","1,126","Microgramos por metro cúbico","ug/m3","1,440","73","Tolima","73001","Ibagué","Fija"
"8258","CORTOLIMA","CORTOLIMA","PM10","27.42","2021 Mar 31 12:00:00 AM","2021 Apr 01 12:00:00 AM","4.433181","-75.211139","1,191","Microgramos por metro cúbico","ug/m3","1,440","73","Tolima","73001","Ibagué","Fija"
"8258","CORTOLIMA","CORTOLIMA","PM10","26.03","2021 Feb 16 12:00:00 AM","2021 Feb 17 12:00:00 AM","4.433181","-75.211139","1,191","Microgramos por metro cúbico","ug/m3","1,440","73","Tolima","73001","Ibagué","Fija"
"8258","CORTOLIMA","CORTOLIMA","PM10","24.94","2021 Jan 03 12:00:00 AM","2021 Jan 04 12:00:00 AM","4.433181","-75.211139","1,191","Microgramos por metro cúbico","ug/m3","1,440","73","Tolima","73001","Ibagué","Fija"
"31477","CORTOLIMA","POLICÍA DE CARRETERAS","PM10","28.69","2021 Jan 07 12:00:00 AM","2021 Jan 08 12:00:00 AM","4.435278","-75.202222","1,126","Microgramos por metro cúbico","ug/m3","1,440","73","Tolima","73001","Ibagué","Fija"
"8258","CORTOLIMA","CORTOLIMA","PM10","22.43","2021 Jun 05 12:00:00 AM","2021 Jun 06 12:00:00 AM","4.433181","-75.211139","1,191","Microgramos por metro cúbico","ug/m3","1,440","73","Tolima","73001","Ibagué","Fija"
"8258","CORTOLIMA","CORTOLIMA","PM10","22.81","2021 Jul 27 12:00:00 AM","2021 Jul 28 12:00:00 AM","4.433181","-75.211139","1,191","Microgramos por metro cúbico","ug/m3","1,440","73","Tolima","73001","Ibagué","Fija"
"8258","CORTOLIMA","CORTOLIMA","PM10","25.09","2021 Jun 22 12:00:00 AM","2021 Jun 23 12:00:00 AM","4.433181","-75.211139","1,191","Microgramos por metro cúbico","ug/m3","1,440","73","Tolima","73001","Ibagué","Fija"
"8258","CORTOLIMA","CORTOLIMA","PM10","27.44","2021 Mar 02 12:00:00 AM","2021 Mar 03 12:00:00 AM","4.433181","-75.211139","1,191","Microgramos por metro cúbico","ug/m3","1,440","73","Tolima","73001","Ibagué","Fija"
"31477","CORTOLIMA","POLICÍA DE CARRETERAS","PM10","19.96","2021 Mar 20 12:00:00 AM","2021 Mar 21 12:00:00 AM","4.435278","-75.202222","1,126","Microgramos por metro cúbico","ug/m3","1,440","73","Tolima","73001","Ibagué","Fija"
"8258","CORTOLIMA","CORTOLIMA","PM10","22.49","2021 Dec 19 12:00:00 AM","2021 Dec 20 12:00:00 AM","4.433181","-75.211139","1,191","Microgramos por metro cúbico","ug/m3","1,440","73","Tolima","73001","Ibagué","Fija"
"8258","CORTOLIMA","CORTOLIMA","PM10","26.63","2021 Jul 12 12:00:00 AM","2021 Jul 13 12:00:00 AM","4.433181","-75.211139","1,191","Microgramos por metro cúbico","ug/m3","1,440","73","Tolima","73001","Ibagué","Fija"
"8258","CORTOLIMA","CORTOLIMA","PM10","22.18","2021 Apr 04 12:00:00 AM","2021 Apr 05 12:00:00 AM","4.433181","-75.211139","1,191","Microgramos por metro cúbico","ug/m3","1,440","73","Tolima","73001","Ibagué","Fija"
"8258","CORTOLIMA","CORTOLIMA","PM10","20.86","2021 May 09 12:00:00 AM","2021 May 10 12:00:00 AM","4.433181","-75.211139","1,191","Microgramos por metro cúbico","ug/m3","1,440","73","Tolima","73001","Ibagué","Fija"
"8258","CORTOLIMA","CORTOLIMA","PM10","28.23","2021 Jan 14 12:00:00 AM","2021 Jan 15 12:00:00 AM","4.433181","-75.211139","1,191","Microgramos por metro cúbico","ug/m3","1,440","73","Tolima","73001","Ibagué","Fija"
"8258","CORTOLIMA","CORTOLIMA","PM10","22.1","2021 Dec 12 12:00:00 AM","2021 Dec 13 12:00:00 AM","4.433181","-75.211139","1,191","Microgramos por metro cúbico","ug/m3","1,440","73","Tolima","73001","Ibagué","Fija"
"8258","CORTOLIMA","CORTOLIMA","PM10","29.83","2021 May 28 12:00:00 AM","2021 May 29 12:00:00 AM","4.433181","-75.211139","1,191","Microgramos por metro cúbico","ug/m3","1,440","73","Tolima","73001","Ibagué","Fija"
"8258","CORTOLIMA","CORTOLIMA","PM10","28.91","2021 Jun 01 12:00:00 AM","2021 Jun 02 12:00:00 AM","4.433181","-75.211139","1,191","Microgramos por metro cúbico","ug/m3","1,440","73","Tolima","73001","Ibagué","Fija"
"8258","CORTOLIMA","CORTOLIMA","PM10","25.34","2021 Jun 21 12:00:00 AM","2021 Jun 22 12:00:00 AM","4.433181","-75.211139","1,191","Microgramos por metro cúbico","ug/m3","1,440","73","Tolima","73001","Ibagué","Fija"
"31477","CORTOLIMA","POLICÍA DE CARRETERAS","PM10","28.35","2021 Jan 19 12:00:00 AM","2021 Jan 20 12:00:00 AM","4.435278","-75.202222","1,126","Microgramos por metro cúbico","ug/m3","1,440","73","Tolima","73001","Ibagué","Fija"
"31477","CORTOLIMA","POLICÍA DE CARRETERAS","PM10","29","2021 Oct 04 12:00:00 AM","2021 Oct 05 12:00:00 AM","4.435278","-75.202222","1,126","Microgramos por metro cúbico","ug/m3","1,440","73","Tolima","73001","Ibagué","Fija"
"31477","CORTOLIMA","POLICÍA DE CARRETERAS","PM10","24","2021 Aug 26 12:00:00 AM","2021 Aug 27 12:00:00 AM","4.435278","-75.202222","1,126","Microgramos por metro cúbico","ug/m3","1,440","73","Tolima","73001","Ibagué","Fija"
"31477","CORTOLIMA","POLICÍA DE CARRETERAS","PM10","24.71","2021 Jul 25 12:00:00 AM","2021 Jul 26 12:00:00 AM","4.435278","-75.202222","1,126","Microgramos por metro cúbico","ug/m3","1,440","73","Tolima","73001","Ibagué","Fija"
"31477","CORTOLIMA","POLICÍA DE CARRETERAS","PM10","28","2021 Oct 31 12:00:00 AM","2021 Nov 01 12:00:00 AM","4.435278","-75.202222","1,126","Microgramos por metro cúbico","ug/m3","1,440","73","Tolima","73001","Ibagué","Fija"
"8258","CORTOLIMA","CORTOLIMA","PM10","28.23","2021 Jan 29 12:00:00 AM","2021 Jan 30 12:00:00 AM","4.433181","-75.211139","1,191","Microgramos por metro cúbico","ug/m3","1,440","73","Tolima","73001","Ibagué","Fija"
"8258","CORTOLIMA","CORTOLIMA","PM10","28.33","2021 Jul 06 12:00:00 AM","2021 Jul 07 12:00:00 AM","4.433181","-75.211139","1,191","Microgramos por metro cúbico","ug/m3","1,440","73","Tolima","73001","Ibagué","Fija"
"31477","CORTOLIMA","POLICÍA DE CARRETERAS","PM10","22","2021 Oct 07 12:00:00 AM","2021 Oct 08 12:00:00 AM","4.435278","-75.202222","1,126","Microgramos por metro cúbico","ug/m3","1,440","73","Tolima","73001","Ibagué","Fija"
"8258","CORTOLIMA","CORTOLIMA","PM10","28.31","2021 Aug 25 12:00:00 AM","2021 Aug 26 12:00:00 AM","4.433181","-75.211139","1,191","Microgramos por metro cúbico","ug/m3","1,440","73","Tolima","73001","Ibagué","Fija"
"8258","CORTOLIMA","CORTOLIMA","PM10","24.12","2021 Jun 06 12:00:00 AM","2021 Jun 07 12:00:00 AM","4.433181","-75.211139","1,191","Microgramos por metro cúbico","ug/m3","1,440","73","Tolima","73001","Ibagué","Fija"
"8258","CORTOLIMA","CORTOLIMA","PM10","29.27","2021 Jan 04 12:00:00 AM","2021 Jan 05 12:00:00 AM","4.433181","-75.211139","1,191","Microgramos por metro cúbico","ug/m3","1,440","73","Tolima","73001","Ibagué","Fija"
"8258","CORTOLIMA","CORTOLIMA","PM10","22.21","2021 Mar 14 12:00:00 AM","2021 Mar 15 12:00:00 AM","4.433181","-75.211139","1,191","Microgramos por metro cúbico","ug/m3","1,440","73","Tolima","73001","Ibagué","Fija"
"8258","CORTOLIMA","CORTOLIMA","PM10","25.08","2021 Jul 10 12:00:00 AM","2021 Jul 11 12:00:00 AM","4.433181","-75.211139","1,191","Microgramos por metro cúbico","ug/m3","1,440","73","Tolima","73001","Ibagué","Fija"
"8258","CORTOLIMA","CORTOLIMA","PM10","24.25","2021 Jul 17 12:00:00 AM","2021 Jul 18 12:00:00 AM","4.433181","-75.211139","1,191","Microgramos por metro cúbico","ug/m3","1,440","73","Tolima","73001","Ibagué","Fija"
"8258","CORTOLIMA","CORTOLIMA","PM10","22.8","2021 Aug 21 12:00:00 AM","2021 Aug 22 12:00:00 AM","4.433181","-75.211139","1,191","Microgramos por metro cúbico","ug/m3","1,440","73","Tolima","73001","Ibagué","Fija"
"8258","CORTOLIMA","CORTOLIMA","PM10","25.47","2021 Jul 30 12:00:00 AM","2021 Jul 31 12:00:00 AM","4.433181","-75.211139","1,191","Microgramos por metro cúbico","ug/m3","1,440","73","Tolima","73001","Ibagué","Fija"
"8258","CORTOLIMA","CORTOLIMA","PM10","28.07","2021 Feb 09 12:00:00 AM","2021 Feb 10 12:00:00 AM","4.433181","-75.211139","1,191","Microgramos por metro cúbico","ug/m3","1,440","73","Tolima","73001","Ibagué","Fija"
"8258","CORTOLIMA","CORTOLIMA","PM10","22.93","2021 Oct 16 12:00:00 AM","2021 Oct 17 12:00:00 AM","4.433181","-75.211139","1,191","Microgramos por metro cúbico","ug/m3","1,440","73","Tolima","73001","Ibagué","Fija"
"31477","CORTOLIMA","POLICÍA DE CARRETERAS","PM10","23","2021 Nov 15 12:00:00 AM","2021 Nov 16 12:00:00 AM","4.435278","-75.202222","1,126","Microgramos por metro cúbico","ug/m3","1,440","73","Tolima","73001","Ibagué","Fija"
"8258","CORTOLIMA","CORTOLIMA","PM10","30.38","2021 Dec 22 12:00:00 AM","2021 Dec 23 12:00:00 AM","4.433181","-75.211139","1,191","Microgramos por metro cúbico","ug/m3","1,440","73","Tolima","73001","Ibagué","Fija"
"8258","CORTOLIMA","CORTOLIMA","PM10","23.23","2021 Aug 14 12:00:00 AM","2021 Aug 15 12:00:00 AM","4.433181","-75.211139","1,191","Microgramos por metro cúbico","ug/m3","1,440","73","Tolima","73001","Ibagué","Fija"
"8258","CORTOLIMA","CORTOLIMA","PM10","28.78","2021 Jan 11 12:00:00 AM","2021 Jan 12 12:00:00 AM","4.433181","-75.211139","1,191","Microgramos por metro cúbico","ug/m3","1,440","73","Tolima","73001","Ibagué","Fija"
"8258","CORTOLIMA","CORTOLIMA","PM10","25.54","2021 Dec 09 12:00:00 AM","2021 Dec 10 12:00:00 AM","4.433181","-75.211139","1,191","Microgramos por metro cúbico","ug/m3","1,440","73","Tolima","73001","Ibagué","Fija"
"8258","CORTOLIMA","CORTOLIMA","PM10","24.06","2021 Oct 03 12:00:00 AM","2021 Oct 04 12:00:00 AM","4.433181","-75.211139","1,191","Microgramos por metro cúbico","ug/m3","1,440","73","Tolima","73001","Ibagué","Fija"
"8258","CORTOLIMA","CORTOLIMA","PM10","32.45","2021 Jan 20 12:00:00 AM","2021 Jan 21 12:00:00 AM","4.433181","-75.211139","1,191","Microgramos por metro cúbico","ug/m3","1,440","73","Tolima","73001","Ibagué","Fija"
"8258","CORTOLIMA","CORTOLIMA","PM10","25.47","2021 Jun 29 12:00:00 AM","2021 Jun 30 12:00:00 AM","4.433181","-75.211139","1,191","Microgramos por metro cúbico","ug/m3","1,440","73","Tolima","73001","Ibagué","Fija"
"31477","CORTOLIMA","POLICÍA DE CARRETERAS","PM10","23","2021 Sep 28 12:00:00 AM","2021 Sep 29 12:00:00 AM","4.435278","-75.202222","1,126","Microgramos por metro cúbico","ug/m3","1,440","73","Tolima","73001","Ibagué","Fija"
"8258","CORTOLIMA","CORTOLIMA","PM10","28.11","2021 Feb 25 12:00:00 AM","2021 Feb 26 12:00:00 AM","4.433181","-75.211139","1,191","Microgramos por metro cúbico","ug/m3","1,440","73","Tolima","73001","Ibagué","Fija"
"31477","CORTOLIMA","POLICÍA DE CARRETERAS","PM10","27.73","2021 Jul 07 12:00:00 AM","2021 Jul 08 12:00:00 AM","4.435278","-75.202222","1,126","Microgramos por metro cúbico","ug/m3","1,440","73","Tolima","73001","Ibagué","Fija"
"8258","CORTOLIMA","CORTOLIMA","PM10","23.11","2021 Jul 16 12:00:00 AM","2021 Jul 17 12:00:00 AM","4.433181","-75.211139","1,191","Microgramos por metro cúbico","ug/m3","1,440","73","Tolima","73001","Ibagué","Fija"
"31477","CORTOLIMA","POLICÍA DE CARRETERAS","PM10","23","2021 Jun 21 12:00:00 AM","2021 Jun 22 12:00:00 AM","4.435278","-75.202222","1,126","Microgramos por metro cúbico","ug/m3","1,440","73","Tolima","73001","Ibagué","Fija"
"8258","CORTOLIMA","CORTOLIMA","PM10","25.6","2021 Nov 12 12:00:00 AM","2021 Nov 13 12:00:00 AM","4.433181","-75.211139","1,191","Microgramos por metro cúbico","ug/m3","1,440","73","Tolima","73001","Ibagué","Fija"
"8258","CORTOLIMA","CORTOLIMA","PM10","27.02","2021 May 10 12:00:00 AM","2021 May 11 12:00:00 AM","4.433181","-75.211139","1,191","Microgramos por metro cúbico","ug/m3","1,440","73","Tolima","73001","Ibagué","Fija"
"31477","CORTOLIMA","POLICÍA DE CARRETERAS","PM10","26","2021 Nov 06 12:00:00 AM","2021 Nov 07 12:00:00 AM","4.435278","-75.202222","1,126","Microgramos por metro cúbico","ug/m3","1,440","73","Tolima","73001","Ibagué","Fija"
"31477","CORTOLIMA","POLICÍA DE CARRETERAS","PM10","23","2021 Sep 13 12:00:00 AM","2021 Sep 14 12:00:00 AM","4.435278","-75.202222","1,126","Microgramos por metro cúbico","ug/m3","1,440","73","Tolima","73001","Ibagué","Fija"
"8258","CORTOLIMA","CORTOLIMA","PM10","26.91","2022 Oct 18 12:00:00 AM","2022 Oct 19 12:00:00 AM","4.433181","-75.211139","1,191","Microgramos por metro cúbico","ug/m3","1,440","73","Tolima","73001","Ibagué","Fija"
"31477","CORTOLIMA","POLICÍA DE CARRETERAS","PM10","32.22","2022 Jun 27 12:00:00 AM","2022 Jun 28 12:00:00 AM","4.435278","-75.202222","1,126","Microgramos por metro cúbico","ug/m3","1,440","73","Tolima","73001","Ibagué","Fija"
"31477","CORTOLIMA","POLICÍA DE CARRETERAS","PM10","28","2022 Jan 08 12:00:00 AM","2022 Jan 09 12:00:00 AM","4.435278","-75.202222","1,126","Microgramos por metro cúbico","ug/m3","1,440","73","Tolima","73001","Ibagué","Fija"
"8258","CORTOLIMA","CORTOLIMA","PM10","21.21","2022 May 15 12:00:00 AM","2022 May 16 12:00:00 AM","4.433181","-75.211139","1,191","Microgramos por metro cúbico","ug/m3","1,440","73","Tolima","73001","Ibagué","Fija"
"8258","CORTOLIMA","CORTOLIMA","PM10","24.34","2022 Feb 27 12:00:00 AM","2022 Feb 28 12:00:00 AM","4.433181","-75.211139","1,191","Microgramos por metro cúbico","ug/m3","1,440","73","Tolima","73001","Ibagué","Fija"
"31477","CORTOLIMA","POLICÍA DE CARRETERAS","PM10","21","2022 Dec 30 12:00:00 AM","2022 Dec 31 12:00:00 AM","4.435278","-75.202222","1,126","Microgramos por metro cúbico","ug/m3","1,440","73","Tolima","73001","Ibagué","Fija"
"8258","CORTOLIMA","CORTOLIMA","PM10","21.34","2022 Sep 25 12:00:00 AM","2022 Sep 26 12:00:00 AM","4.433181","-75.211139","1,191","Microgramos por metro cúbico","ug/m3","1,440","73","Tolima","73001","Ibagué","Fija"
"8258","CORTOLIMA","CORTOLIMA","PM10","25.19","2022 Aug 06 12:00:00 AM","2022 Aug 07 12:00:00 AM","4.433181","-75.211139","1,191","Microgramos por metro cúbico","ug/m3","1,440","73","Tolima","73001","Ibagué","Fija"
"31477","CORTOLIMA","POLICÍA DE CARRETERAS","PM10","28.09","2022 Sep 07 12:00:00 AM","2022 Sep 08 12:00:00 AM","4.435278","-75.202222","1,126","Microgramos por metro cúbico","ug/m3","1,440","73","Tolima","73001","Ibagué","Fija"
"8258","CORTOLIMA","CORTOLIMA","PM10","26.32","2022 May 08 12:00:00 AM","2022 May 09 12:00:00 AM","4.433181","-75.211139","1,191","Microgramos por metro cúbico","ug/m3","1,440","73","Tolima","73001","Ibagué","Fija"
"8258","CORTOLIMA","CORTOLIMA","PM10","26.29","2022 Oct 25 12:00:00 AM","2022 Oct 26 12:00:00 AM","4.433181","-75.211139","1,191","Microgramos por metro cúbico","ug/m3","1,440","73","Tolima","73001","Ibagué","Fija"
"8258","CORTOLIMA","CORTOLIMA","PM10","27.18","2022 Jul 15 12:00:00 AM","2022 Jul 16 12:00:00 AM","4.433181","-75.211139","1,191","Microgramos por metro cúbico","ug/m3","1,440","73","Tolima","73001","Ibagué","Fija"
"8258","CORTOLIMA","CORTOLIMA","PM10","22.83","2022 Jun 25 12:00:00 AM","2022 Jun 26 12:00:00 AM","4.433181","-75.211139","1,191","Microgramos por metro cúbico","ug/m3","1,440","73","Tolima","73001","Ibagué","Fija"
"8258","CORTOLIMA","CORTOLIMA","PM10","24.09","2022 Jan 25 12:00:00 AM","2022 Jan 26 12:00:00 AM","4.433181","-75.211139","1,191","Microgramos por metro cúbico","ug/m3","1,440","73","Tolima","73001","Ibagué","Fija"
"8258","CORTOLIMA","CORTOLIMA","PM10","26.48","2022 Sep 17 12:00:00 AM","2022 Sep 18 12:00:00 AM","4.433181","-75.211139","1,191","Microgramos por metro cúbico","ug/m3","1,440","73","Tolima","73001","Ibagué","Fija"
"31477","CORTOLIMA","POLICÍA DE CARRETERAS","PM10","14.08","2022 Aug 14 12:00:00 AM","2022 Aug 15 12:00:00 AM","4.435278","-75.202222","1,126","Microgramos por metro cúbico","ug/m3","1,440","73","Tolima","73001","Ibagué","Fija"
"8258","CORTOLIMA","CORTOLIMA","PM10","20.02","2022 Oct 23 12:00:00 AM","2022 Oct 24 12:00:00 AM","4.433181","-75.211139","1,191","Microgramos por metro cúbico","ug/m3","1,440","73","Tolima","73001","Ibagué","Fija"
"31477","CORTOLIMA","POLICÍA DE CARRETERAS","PM10","22.42","2022 Apr 02 12:00:00 AM","2022 Apr 03 12:00:00 AM","4.435278","-75.202222","1,126","Microgramos por metro cúbico","ug/m3","1,440","73","Tolima","73001","Ibagué","Fija"
"8258","CORTOLIMA","CORTOLIMA","PM10","25.4","2022 Aug 14 12:00:00 AM","2022 Aug 15 12:00:00 AM","4.433181","-75.211139","1,191","Microgramos por metro cúbico","ug/m3","1,440","73","Tolima","73001","Ibagué","Fija"
"8258","CORTOLIMA","CORTOLIMA","PM10","23.39","2022 Mar 22 12:00:00 AM","2022 Mar 23 12:00:00 AM","4.433181","-75.211139","1,191","Microgramos por metro cúbico","ug/m3","1,440","73","Tolima","73001","Ibagué","Fija"
"8258","CORTOLIMA","CORTOLIMA","PM10","27.16","2022 Aug 19 12:00:00 AM","2022 Aug 20 12:00:00 AM","4.433181","-75.211139","1,191","Microgramos por metro cúbico","ug/m3","1,440","73","Tolima","73001","Ibagué","Fija"
"31477","CORTOLIMA","POLICÍA DE CARRETERAS","PM10","30.55","2022 May 12 12:00:00 AM","2022 May 13 12:00:00 AM","4.435278","-75.202222","1,126","Microgramos por metro cúbico","ug/m3","1,440","73","Tolima","73001","Ibagué","Fija"
"8258","CORTOLIMA","CORTOLIMA","PM10","26.56","2022 Oct 28 12:00:00 AM","2022 Oct 29 12:00:00 AM","4.433181","-75.211139","1,191","Microgramos por metro cúbico","ug/m3","1,440","73","Tolima","73001","Ibagué","Fija"
"8258","CORTOLIMA","CORTOLIMA","PM10","29.39","2022 Sep 20 12:00:00 AM","2022 Sep 21 12:00:00 AM","4.433181","-75.211139","1,191","Microgramos por metro cúbico","ug/m3","1,440","73","Tolima","73001","Ibagué","Fija"
"8258","CORTOLIMA","CORTOLIMA","PM10","23.2","2022 Sep 24 12:00:00 AM","2022 Sep 25 12:00:00 AM","4.433181","-75.211139","1,191","Microgramos por metro cúbico","ug/m3","1,440","73","Tolima","73001","Ibagué","Fija"
"31477","CORTOLIMA","POLICÍA DE CARRETERAS","PM10","20.1","2022 May 09 12:00:00 AM","2022 May 10 12:00:00 AM","4.435278","-75.202222","1,126","Microgramos por metro cúbico","ug/m3","1,440","73","Tolima","73001","Ibagué","Fija"
"8258","CORTOLIMA","CORTOLIMA","PM10","24.76","2022 Dec 05 12:00:00 AM","2022 Dec 06 12:00:00 AM","4.433181","-75.211139","1,191","Microgramos por metro cúbico","ug/m3","1,440","73","Tolima","73001","Ibagué","Fija"
"31477","CORTOLIMA","POLICÍA DE CARRETERAS","PM10","23.47","2022 Aug 17 12:00:00 AM","2022 Aug 18 12:00:00 AM","4.435278","-75.202222","1,126","Microgramos por metro cúbico","ug/m3","1,440","73","Tolima","73001","Ibagué","Fija"
"8258","CORTOLIMA","CORTOLIMA","PM10","27.74","2022 Aug 30 12:00:00 AM","2022 Aug 31 12:00:00 AM","4.433181","-75.211139","1,191","Microgramos por metro cúbico","ug/m3","1,440","73","Tolima","73001","Ibagué","Fija"
"8258","CORTOLIMA","CORTOLIMA","PM10","24.2","2022 Jul 03 12:00:00 AM","2022 Jul 04 12:00:00 AM","4.433181","-75.211139","1,191","Microgramos por metro cúbico","ug/m3","1,440","73","Tolima","73001","Ibagué","Fija"
"8258","CORTOLIMA","CORTOLIMA","PM10","26.43","2022 Jul 01 12:00:00 AM","2022 Jul 02 12:00:00 AM","4.433181","-75.211139","1,191","Microgramos por metro cúbico","ug/m3","1,440","73","Tolima","73001","Ibagué","Fija"
"8258","CORTOLIMA","CORTOLIMA","PM10","24.23","2022 May 05 12:00:00 AM","2022 May 06 12:00:00 AM","4.433181","-75.211139","1,191","Microgramos por metro cúbico","ug/m3","1,440","73","Tolima","73001","Ibagué","Fija"
"8258","CORTOLIMA","CORTOLIMA","PM10","24.45","2022 Sep 22 12:00:00 AM","2022 Sep 23 12:00:00 AM","4.433181","-75.211139","1,191","Microgramos por metro cúbico","ug/m3","1,440","73","Tolima","73001","Ibagué","Fija"
"31477","CORTOLIMA","POLICÍA DE CARRETERAS","PM10","27.83","2022 Sep 01 12:00:00 AM","2022 Sep 02 12:00:00 AM","4.435278","-75.202222","1,126","Microgramos por metro cúbico","ug/m3","1,440","73","Tolima","73001","Ibagué","Fija"
"8258","CORTOLIMA","CORTOLIMA","PM10","22.05","2022 Jun 04 12:00:00 AM","2022 Jun 05 12:00:00 AM","4.433181","-75.211139","1,191","Microgramos por metro cúbico","ug/m3","1,440","73","Tolima","73001","Ibagué","Fija"
"8258","CORTOLIMA","CORTOLIMA","PM10","25.6","2022 Nov 13 12:00:00 AM","2022 Nov 14 12:00:00 AM","4.433181","-75.211139","1,191","Microgramos por metro cúbico","ug/m3","1,440","73","Tolima","73001","Ibagué","Fija"
"8258","CORTOLIMA","CORTOLIMA","PM10","22.41","2022 Jun 26 12:00:00 AM","2022 Jun 27 12:00:00 AM","4.433181","-75.211139","1,191","Microgramos por metro cúbico","ug/m3","1,440","73","Tolima","73001","Ibagué","Fija"
"8258","CORTOLIMA","CORTOLIMA","PM10","23.85","2022 Mar 04 12:00:00 AM","2022 Mar 05 12:00:00 AM","4.433181","-75.211139","1,191","Microgramos por metro cúbico","ug/m3","1,440","73","Tolima","73001","Ibagué","Fija"
"31477","CORTOLIMA","POLICÍA DE CARRETERAS","PM10","21","2022 Feb 10 12:00:00 AM","2022 Feb 11 12:00:00 AM","4.435278","-75.202222","1,126","Microgramos por metro cúbico","ug/m3","1,440","73","Tolima","73001","Ibagué","Fija"
"31477","CORTOLIMA","POLICÍA DE CARRETERAS","PM10","27.01","2022 Jul 24 12:00:00 AM","2022 Jul 25 12:00:00 AM","4.435278","-75.202222","1,126","Microgramos por metro cúbico","ug/m3","1,440","73","Tolima","73001","Ibagué","Fija"
"8258","CORTOLIMA","CORTOLIMA","PM10","22.51","2022 Oct 16 12:00:00 AM","2022 Oct 17 12:00:00 AM","4.433181","-75.211139","1,191","Microgramos por metro cúbico","ug/m3","1,440","73","Tolima","73001","Ibagué","Fija"
"8258","CORTOLIMA","CORTOLIMA","PM10","27.84","2022 Dec 06 12:00:00 AM","2022 Dec 07 12:00:00 AM","4.433181","-75.211139","1,191","Microgramos por metro cúbico","ug/m3","1,440","73","Tolima","73001","Ibagué","Fija"
"31477","CORTOLIMA","POLICÍA DE CARRETERAS","PM10","23.64","2022 Mar 27 12:00:00 AM","2022 Mar 28 12:00:00 AM","4.435278","-75.202222","1,126","Microgramos por metro cúbico","ug/m3","1,440","73","Tolima","73001","Ibagué","Fija"
"8258","CORTOLIMA","CORTOLIMA","PM10","21.76","2022 Jul 17 12:00:00 AM","2022 Jul 18 12:00:00 AM","4.433181","-75.211139","1,191","Microgramos por metro cúbico","ug/m3","1,440","73","Tolima","73001","Ibagué","Fija"
"31477","CORTOLIMA","POLICÍA DE CARRETERAS","PM10","27.19","2022 Aug 20 12:00:00 AM","2022 Aug 21 12:00:00 AM","4.435278","-75.202222","1,126","Microgramos por metro cúbico","ug/m3","1,440","73","Tolima","73001","Ibagué","Fija"
"31477","CORTOLIMA","POLICÍA DE CARRETERAS","PM10","24.79","2022 Nov 27 12:00:00 AM","2022 Nov 28 12:00:00 AM","4.435278","-75.202222","1,126","Microgramos por metro cúbico","ug/m3","1,440","73","Tolima","73001","Ibagué","Fija"
"31477","CORTOLIMA","POLICÍA DE CARRETERAS","PM10","25","2022 Jun 24 12:00:00 AM","2022 Jun 25 12:00:00 AM","4.435278","-75.202222","1,126","Microgramos por metro cúbico","ug/m3","1,440","73","Tolima","73001","Ibagué","Fija"
"31477","CORTOLIMA","POLICÍA DE CARRETERAS","PM10","25.81","2022 May 24 12:00:00 AM","2022 May 25 12:00:00 AM","4.435278","-75.202222","1,126","Microgramos por metro cúbico","ug/m3","1,440","73","Tolima","73001","Ibagué","Fija"
"8258","CORTOLIMA","CORTOLIMA","PM10","21.41","2022 Mar 05 12:00:00 AM","2022 Mar 06 12:00:00 AM","4.433181","-75.211139","1,191","Microgramos por metro cúbico","ug/m3","1,440","73","Tolima","73001","Ibagué","Fija"
"8258","CORTOLIMA","CORTOLIMA","PM10","19.14","2022 Apr 03 12:00:00 AM","2022 Apr 04 12:00:00 AM","4.433181","-75.211139","1,191","Microgramos por metro cúbico","ug/m3","1,440","73","Tolima","73001","Ibagué","Fija"
"8258","CORTOLIMA","CORTOLIMA","PM10","23.46","2022 Feb 14 12:00:00 AM","2022 Feb 15 12:00:00 AM","4.433181","-75.211139","1,191","Microgramos por metro cúbico","ug/m3","1,440","73","Tolima","73001","Ibagué","Fija"
"8258","CORTOLIMA","CORTOLIMA","PM10","24.47","2022 Oct 29 12:00:00 AM","2022 Oct 30 12:00:00 AM","4.433181","-75.211139","1,191","Microgramos por metro cúbico","ug/m3","1,440","73","Tolima","73001","Ibagué","Fija"
"8258","CORTOLIMA","CORTOLIMA","PM10","22.24","2022 Feb 18 12:00:00 AM","2022 Feb 19 12:00:00 AM","4.433181","-75.211139","1,191","Microgramos por metro cúbico","ug/m3","1,440","73","Tolima","73001","Ibagué","Fija"
"8258","CORTOLIMA","CORTOLIMA","PM10","26.54","2022 Aug 20 12:00:00 AM","2022 Aug 21 12:00:00 AM","4.433181","-75.211139","1,191","Microgramos por metro cúbico","ug/m3","1,440","73","Tolima","73001","Ibagué","Fija"
"8258","CORTOLIMA","CORTOLIMA","PM10","24.92","2022 Jun 16 12:00:00 AM","2022 Jun 17 12:00:00 AM","4.433181","-75.211139","1,191","Microgramos por metro cúbico","ug/m3","1,440","73","Tolima","73001","Ibagué","Fija"
"31477","CORTOLIMA","POLICÍA DE CARRETERAS","PM10","24.98","2022 Mar 21 12:00:00 AM","2022 Mar 22 12:00:00 AM","4.435278","-75.202222","1,126","Microgramos por metro cúbico","ug/m3","1,440","73","Tolima","73001","Ibagué","Fija"
"8258","CORTOLIMA","CORTOLIMA","PM10","23.91","2022 Jan 15 12:00:00 AM","2022 Jan 16 12:00:00 AM","4.433181","-75.211139","1,191","Microgramos por metro cúbico","ug/m3","1,440","73","Tolima","73001","Ibagué","Fija"
"8258","CORTOLIMA","CORTOLIMA","PM10","21.29","2022 Jan 02 12:00:00 AM","2022 Jan 03 12:00:00 AM","4.433181","-75.211139","1,191","Microgramos por metro cúbico","ug/m3","1,440","73","Tolima","73001","Ibagué","Fija"
"8258","CORTOLIMA","CORTOLIMA","PM10","23.43","2022 Feb 17 12:00:00 AM","2022 Feb 18 12:00:00 AM","4.433181","-75.211139","1,191","Microgramos por metro cúbico","ug/m3","1,440","73","Tolima","73001","Ibagué","Fija"
"8258","CORTOLIMA","CORTOLIMA","PM10","26.34","2022 Sep 28 12:00:00 AM","2022 Sep 29 12:00:00 AM","4.433181","-75.211139","1,191","Microgramos por metro cúbico","ug/m3","1,440","73","Tolima","73001","Ibagué","Fija"
"8258","CORTOLIMA","CORTOLIMA","PM10","27.42","2022 Sep 23 12:00:00 AM","2022 Sep 24 12:00:00 AM","4.433181","-75.211139","1,191","Microgramos por metro cúbico","ug/m3","1,440","73","Tolima","73001","Ibagué","Fija"
"8258","CORTOLIMA","CORTOLIMA","PM10","21.2","2022 Nov 30 12:00:00 AM","2022 Dec 01 12:00:00 AM","4.433181","-75.211139","1,191","Microgramos por metro cúbico","ug/m3","1,440","73","Tolima","73001","Ibagué","Fija"
"8258","CORTOLIMA","CORTOLIMA","PM10","20.06","2022 May 01 12:00:00 AM","2022 May 02 12:00:00 AM","4.433181","-75.211139","1,191","Microgramos por metro cúbico","ug/m3","1,440","73","Tolima","73001","Ibagué","Fija"
"8258","CORTOLIMA","CORTOLIMA","PM10","25.21","2022 Mar 31 12:00:00 AM","2022 Apr 01 12:00:00 AM","4.433181","-75.211139","1,191","Microgramos por metro cúbico","ug/m3","1,440","73","Tolima","73001","Ibagué","Fija"
"8258","CORTOLIMA","CORTOLIMA","PM10","20.55","2022 Jan 01 12:00:00 AM","2022 Jan 02 12:00:00 AM","4.433181","-75.211139","1,191","Microgramos por metro cúbico","ug/m3","1,440","73","Tolima","73001","Ibagué","Fija"
"8258","CORTOLIMA","CORTOLIMA","PM10","24.35","2022 Sep 11 12:00:00 AM","2022 Sep 12 12:00:00 AM","4.433181","-75.211139","1,191","Microgramos por metro cúbico","ug/m3","1,440","73","Tolima","73001","Ibagué","Fija"
"8258","CORTOLIMA","CORTOLIMA","PM10","20.75","2022 May 22 12:00:00 AM","2022 May 23 12:00:00 AM","4.433181","-75.211139","1,191","Microgramos por metro cúbico","ug/m3","1,440","73","Tolima","73001","Ibagué","Fija"
"8258","CORTOLIMA","CORTOLIMA","PM10","29.62","2022 Aug 10 12:00:00 AM","2022 Aug 11 12:00:00 AM","4.433181","-75.211139","1,191","Microgramos por metro cúbico","ug/m3","1,440","73","Tolima","73001","Ibagué","Fija"
"8258","CORTOLIMA","CORTOLIMA","PM10","24.8","2022 Jun 28 12:00:00 AM","2022 Jun 29 12:00:00 AM","4.433181","-75.211139","1,191","Microgramos por metro cúbico","ug/m3","1,440","73","Tolima","73001","Ibagué","Fija"
"8258","CORTOLIMA","CORTOLIMA","PM10","27.39","2022 Nov 01 12:00:00 AM","2022 Nov 02 12:00:00 AM","4.433181","-75.211139","1,191","Microgramos por metro cúbico","ug/m3","1,440","73","Tolima","73001","Ibagué","Fija"
"8258","CORTOLIMA","CORTOLIMA","PM10","22.91","2022 Dec 15 12:00:00 AM","2022 Dec 16 12:00:00 AM","4.433181","-75.211139","1,191","Microgramos por metro cúbico","ug/m3","1,440","73","Tolima","73001","Ibagué","Fija"
"8258","CORTOLIMA","CORTOLIMA","PM10","20.5","2022 Apr 14 12:00:00 AM","2022 Apr 15 12:00:00 AM","4.433181","-75.211139","1,191","Microgramos por metro cúbico","ug/m3","1,440","73","Tolima","73001","Ibagué","Fija"
"8258","CORTOLIMA","CORTOLIMA","PM10","21.66","2022 Apr 04 12:00:00 AM","2022 Apr 05 12:00:00 AM","4.433181","-75.211139","1,191","Microgramos por metro cúbico","ug/m3","1,440","73","Tolima","73001","Ibagué","Fija"
"8258","CORTOLIMA","CORTOLIMA","PM10","27","2022 Oct 13 12:00:00 AM","2022 Oct 14 12:00:00 AM","4.433181","-75.211139","1,191","Microgramos por metro cúbico","ug/m3","1,440","73","Tolima","73001","Ibagué","Fija"
"8258","CORTOLIMA","CORTOLIMA","PM10","28.89","2022 Sep 02 12:00:00 AM","2022 Sep 03 12:00:00 AM","4.433181","-75.211139","1,191","Microgramos por metro cúbico","ug/m3","1,440","73","Tolima","73001","Ibagué","Fija"
"31477","CORTOLIMA","POLICÍA DE CARRETERAS","PM10","25","2022 Jan 05 12:00:00 AM","2022 Jan 06 12:00:00 AM","4.435278","-75.202222","1,126","Microgramos por metro cúbico","ug/m3","1,440","73","Tolima","73001","Ibagué","Fija"
"8258","CORTOLIMA","CORTOLIMA","PM10","22.39","2022 Feb 04 12:00:00 AM","2022 Feb 05 12:00:00 AM","4.433181","-75.211139","1,191","Microgramos por metro cúbico","ug/m3","1,440","73","Tolima","73001","Ibagué","Fija"
"8258","CORTOLIMA","CORTOLIMA","PM10","28.13","2022 Oct 10 12:00:00 AM","2022 Oct 11 12:00:00 AM","4.433181","-75.211139","1,191","Microgramos por metro cúbico","ug/m3","1,440","73","Tolima","73001","Ibagué","Fija"
"8258","CORTOLIMA","CORTOLIMA","PM10","25.87","2022 Jul 16 12:00:00 AM","2022 Jul 17 12:00:00 AM","4.433181","-75.211139","1,191","Microgramos por metro cúbico","ug/m3","1,440","73","Tolima","73001","Ibagué","Fija"
"8258","CORTOLIMA","CORTOLIMA","PM10","23.17","2022 Sep 04 12:00:00 AM","2022 Sep 05 12:00:00 AM","4.433181","-75.211139","1,191","Microgramos por metro cúbico","ug/m3","1,440","73","Tolima","73001","Ibagué","Fija"
"8258","CORTOLIMA","CORTOLIMA","PM10","20.93","2022 Apr 01 12:00:00 AM","2022 Apr 02 12:00:00 AM","4.433181","-75.211139","1,191","Microgramos por metro cúbico","ug/m3","1,440","73","Tolima","73001","Ibagué","Fija"
"8258","CORTOLIMA","CORTOLIMA","PM10","24.69","2022 May 10 12:00:00 AM","2022 May 11 12:00:00 AM","4.433181","-75.211139","1,191","Microgramos por metro cúbico","ug/m3","1,440","73","Tolima","73001","Ibagué","Fija"
"8258","CORTOLIMA","CORTOLIMA","PM10","29.86","2022 Jul 13 12:00:00 AM","2022 Jul 14 12:00:00 AM","4.433181","-75.211139","1,191","Microgramos por metro cúbico","ug/m3","1,440","73","Tolima","73001","Ibagué","Fija"
"8258","CORTOLIMA","CORTOLIMA","PM10","23.97","2022 May 19 12:00:00 AM","2022 May 20 12:00:00 AM","4.433181","-75.211139","1,191","Microgramos por metro cúbico","ug/m3","1,440","73","Tolima","73001","Ibagué","Fija"
"8258","CORTOLIMA","CORTOLIMA","PM10","26.34","2022 Oct 17 12:00:00 AM","2022 Oct 18 12:00:00 AM","4.433181","-75.211139","1,191","Microgramos por metro cúbico","ug/m3","1,440","73","Tolima","73001","Ibagué","Fija"
"8258","CORTOLIMA","CORTOLIMA","PM10","27.68","2022 Dec 20 12:00:00 AM","2022 Dec 21 12:00:00 AM","4.433181","-75.211139","1,191","Microgramos por metro cúbico","ug/m3","1,440","73","Tolima","73001","Ibagué","Fija"
"8258","CORTOLIMA","CORTOLIMA","PM10","25.7","2022 Jan 26 12:00:00 AM","2022 Jan 27 12:00:00 AM","4.433181","-75.211139","1,191","Microgramos por metro cúbico","ug/m3","1,440","73","Tolima","73001","Ibagué","Fija"
"31477","CORTOLIMA","POLICÍA DE CARRETERAS","PM10","30.08","2022 Nov 09 12:00:00 AM","2022 Nov 10 12:00:00 AM","4.435278","-75.202222","1,126","Microgramos por metro cúbico","ug/m3","1,440","73","Tolima","73001","Ibagué","Fija"
"8258","CORTOLIMA","CORTOLIMA","PM10","23.82","2022 Mar 08 12:00:00 AM","2022 Mar 09 12:00:00 AM","4.433181","-75.211139","1,191","Microgramos por metro cúbico","ug/m3","1,440","73","Tolima","73001","Ibagué","Fija"
"31477","CORTOLIMA","POLICÍA DE CARRETERAS","PM10","23.68","2022 Jul 15 12:00:00 AM","2022 Jul 16 12:00:00 AM","4.435278","-75.202222","1,126","Microgramos por metro cúbico","ug/m3","1,440","73","Tolima","73001","Ibagué","Fija"
"8258","CORTOLIMA","CORTOLIMA","PM10","23.72","2022 May 13 12:00:00 AM","2022 May 14 12:00:00 AM","4.433181","-75.211139","1,191","Microgramos por metro cúbico","ug/m3","1,440","73","Tolima","73001","Ibagué","Fija"
"31477","CORTOLIMA","POLICÍA DE CARRETERAS","PM10","22","2022 Feb 28 12:00:00 AM","2022 Mar 01 12:00:00 AM","4.435278","-75.202222","1,126","Microgramos por metro cúbico","ug/m3","1,440","73","Tolima","73001","Ibagué","Fija"
"8258","CORTOLIMA","CORTOLIMA","PM10","23.83","2022 Jun 24 12:00:00 AM","2022 Jun 25 12:00:00 AM","4.433181","-75.211139","1,191","Microgramos por metro cúbico","ug/m3","1,440","73","Tolima","73001","Ibagué","Fija"
"8258","CORTOLIMA","CORTOLIMA","PM10","23","2022 Mar 11 12:00:00 AM","2022 Mar 12 12:00:00 AM","4.433181","-75.211139","1,191","Microgramos por metro cúbico","ug/m3","1,440","73","Tolima","73001","Ibagué","Fija"
"8258","CORTOLIMA","CORTOLIMA","PM10","21.5","2022 Apr 22 12:00:00 AM","2022 Apr 23 12:00:00 AM","4.433181","-75.211139","1,191","Microgramos por metro cúbico","ug/m3","1,440","73","Tolima","73001","Ibagué","Fija"
"31477","CORTOLIMA","POLICÍA DE CARRETERAS","PM10","22.52","2022 Aug 29 12:00:00 AM","2022 Aug 30 12:00:00 AM","4.435278","-75.202222","1,126","Microgramos por metro cúbico","ug/m3","1,440","73","Tolima","73001","Ibagué","Fija"
"8258","CORTOLIMA","CORTOLIMA","PM10","26.97","2022 Feb 02 12:00:00 AM","2022 Feb 03 12:00:00 AM","4.433181","-75.211139","1,191","Microgramos por metro cúbico","ug/m3","1,440","73","Tolima","73001","Ibagué","Fija"
"8258","CORTOLIMA","CORTOLIMA","PM10","24.39","2022 Nov 08 12:00:00 AM","2022 Nov 09 12:00:00 AM","4.433181","-75.211139","1,191","Microgramos por metro cúbico","ug/m3","1,440","73","Tolima","73001","Ibagué","Fija"
"8258","CORTOLIMA","CORTOLIMA","PM10","21.53","2022 Feb 26 12:00:00 AM","2022 Feb 27 12:00:00 AM","4.433181","-75.211139","1,191","Microgramos por metro cúbico","ug/m3","1,440","73","Tolima","73001","Ibagué","Fija"
"8258","CORTOLIMA","CORTOLIMA","PM10","25.31","2022 Dec 16 12:00:00 AM","2022 Dec 17 12:00:00 AM","4.433181","-75.211139","1,191","Microgramos por metro cúbico","ug/m3","1,440","73","Tolima","73001","Ibagué","Fija"
"8258","CORTOLIMA","CORTOLIMA","PM10","29.61","2022 Aug 26 12:00:00 AM","2022 Aug 27 12:00:00 AM","4.433181","-75.211139","1,191","Microgramos por metro cúbico","ug/m3","1,440","73","Tolima","73001","Ibagué","Fija"
"31477","CORTOLIMA","POLICÍA DE CARRETERAS","PM10","32.84","2022 Jun 30 12:00:00 AM","2022 Jul 01 12:00:00 AM","4.435278","-75.202222","1,126","Microgramos por metro cúbico","ug/m3","1,440","73","Tolima","73001","Ibagué","Fija"
"31477","CORTOLIMA","POLICÍA DE CARRETERAS","PM10","22.18","2022 Sep 10 12:00:00 AM","2022 Sep 11 12:00:00 AM","4.435278","-75.202222","1,126","Microgramos por metro cúbico","ug/m3","1,440","73","Tolima","73001","Ibagué","Fija"
"8258","CORTOLIMA","CORTOLIMA","PM10","23.4","2022 Jul 31 12:00:00 AM","2022 Aug 01 12:00:00 AM","4.433181","-75.211139","1,191","Microgramos por metro cúbico","ug/m3","1,440","73","Tolima","73001","Ibagué","Fija"
"8258","CORTOLIMA","CORTOLIMA","PM10","22.34","2022 May 03 12:00:00 AM","2022 May 04 12:00:00 AM","4.433181","-75.211139","1,191","Microgramos por metro cúbico","ug/m3","1,440","73","Tolima","73001","Ibagué","Fija"
"8258","CORTOLIMA","CORTOLIMA","PM10","20.37","2022 Mar 13 12:00:00 AM","2022 Mar 14 12:00:00 AM","4.433181","-75.211139","1,191","Microgramos por metro cúbico","ug/m3","1,440","73","Tolima","73001","Ibagué","Fija"
"8258","CORTOLIMA","CORTOLIMA","PM10","22.23","2022 Jun 11 12:00:00 AM","2022 Jun 12 12:00:00 AM","4.433181","-75.211139","1,191","Microgramos por metro cúbico","ug/m3","1,440","73","Tolima","73001","Ibagué","Fija"
"8258","CORTOLIMA","CORTOLIMA","PM10","27.13","2022 Sep 09 12:00:00 AM","2022 Sep 10 12:00:00 AM","4.433181","-75.211139","1,191","Microgramos por metro cúbico","ug/m3","1,440","73","Tolima","73001","Ibagué","Fija"
"8258","CORTOLIMA","CORTOLIMA","PM10","19.9","2022 Jan 09 12:00:00 AM","2022 Jan 10 12:00:00 AM","4.433181","-75.211139","1,191","Microgramos por metro cúbico","ug/m3","1,440","73","Tolima","73001","Ibagué","Fija"
"8258","CORTOLIMA","CORTOLIMA","PM10","24.29","2022 Dec 22 12:00:00 AM","2022 Dec 23 12:00:00 AM","4.433181","-75.211139","1,191","Microgramos por metro cúbico","ug/m3","1,440","73","Tolima","73001","Ibagué","Fija"
"8258","CORTOLIMA","CORTOLIMA","PM10","23.47","2022 May 27 12:00:00 AM","2022 May 28 12:00:00 AM","4.433181","-75.211139","1,191","Microgramos por metro cúbico","ug/m3","1,440","73","Tolima","73001","Ibagué","Fija"
"8258","CORTOLIMA","CORTOLIMA","PM10","24.56","2022 Mar 23 12:00:00 AM","2022 Mar 24 12:00:00 AM","4.433181","-75.211139","1,191","Microgramos por metro cúbico","ug/m3","1,440","73","Tolima","73001","Ibagué","Fija"
"8258","CORTOLIMA","CORTOLIMA","PM10","30.37","2022 Sep 07 12:00:00 AM","2022 Sep 08 12:00:00 AM","4.433181","-75.211139","1,191","Microgramos por metro cúbico","ug/m3","1,440","73","Tolima","73001","Ibagué","Fija"
"8258","CORTOLIMA","CORTOLIMA","PM10","22.81","2022 Oct 02 12:00:00 AM","2022 Oct 03 12:00:00 AM","4.433181","-75.211139","1,191","Microgramos por metro cúbico","ug/m3","1,440","73","Tolima","73001","Ibagué","Fija"
"8258","CORTOLIMA","CORTOLIMA","PM10","20.03","2022 Dec 18 12:00:00 AM","2022 Dec 19 12:00:00 AM","4.433181","-75.211139","1,191","Microgramos por metro cúbico","ug/m3","1,440","73","Tolima","73001","Ibagué","Fija"
"31477","CORTOLIMA","POLICÍA DE CARRETERAS","PM10","25.92","2022 Sep 13 12:00:00 AM","2022 Sep 14 12:00:00 AM","4.435278","-75.202222","1,126","Microgramos por metro cúbico","ug/m3","1,440","73","Tolima","73001","Ibagué","Fija"
"8258","CORTOLIMA","CORTOLIMA","PM10","27.66","2022 Nov 25 12:00:00 AM","2022 Nov 26 12:00:00 AM","4.433181","-75.211139","1,191","Microgramos por metro cúbico","ug/m3","1,440","73","Tolima","73001","Ibagué","Fija"
"8258","CORTOLIMA","CORTOLIMA","PM10","26.61","2022 Aug 18 12:00:00 AM","2022 Aug 19 12:00:00 AM","4.433181","-75.211139","1,191","Microgramos por metro cúbico","ug/m3","1,440","73","Tolima","73001","Ibagué","Fija"
"8258","CORTOLIMA","CORTOLIMA","PM10","31.71","2022 Jul 29 12:00:00 AM","2022 Jul 30 12:00:00 AM","4.433181","-75.211139","1,191","Microgramos por metro cúbico","ug/m3","1,440","73","Tolima","73001","Ibagué","Fija"
"8258","CORTOLIMA","CORTOLIMA","PM10","23.96","2022 Jan 24 12:00:00 AM","2022 Jan 25 12:00:00 AM","4.433181","-75.211139","1,191","Microgramos por metro cúbico","ug/m3","1,440","73","Tolima","73001","Ibagué","Fija"
"31477","CORTOLIMA","POLICÍA DE CARRETERAS","PM10","22.96","2022 Oct 07 12:00:00 AM","2022 Oct 08 12:00:00 AM","4.435278","-75.202222","1,126","Microgramos por metro cúbico","ug/m3","1,440","73","Tolima","73001","Ibagué","Fija"
"31477","CORTOLIMA","POLICÍA DE CARRETERAS","PM10","20.57","2022 Dec 27 12:00:00 AM","2022 Dec 28 12:00:00 AM","4.435278","-75.202222","1,126","Microgramos por metro cúbico","ug/m3","1,440","73","Tolima","73001","Ibagué","Fija"
"8258","CORTOLIMA","CORTOLIMA","PM10","22.89","2022 May 21 12:00:00 AM","2022 May 22 12:00:00 AM","4.433181","-75.211139","1,191","Microgramos por metro cúbico","ug/m3","1,440","73","Tolima","73001","Ibagué","Fija"
"31477","CORTOLIMA","POLICÍA DE CARRETERAS","PM10","19.85","2022 Apr 17 12:00:00 AM","2022 Apr 18 12:00:00 AM","4.435278","-75.202222","1,126","Microgramos por metro cúbico","ug/m3","1,440","73","Tolima","73001","Ibagué","Fija"
"31477","CORTOLIMA","POLICÍA DE CARRETERAS","PM10","22","2022 May 30 12:00:00 AM","2022 May 31 12:00:00 AM","4.435278","-75.202222","1,126","Microgramos por metro cúbico","ug/m3","1,440","73","Tolima","73001","Ibagué","Fija"
"8258","CORTOLIMA","CORTOLIMA","PM10","24.82","2022 May 31 12:00:00 AM","2022 Jun 01 12:00:00 AM","4.433181","-75.211139","1,191","Microgramos por metro cúbico","ug/m3","1,440","73","Tolima","73001","Ibagué","Fija"
"8258","CORTOLIMA","CORTOLIMA","PM10","24.92","2022 Sep 27 12:00:00 AM","2022 Sep 28 12:00:00 AM","4.433181","-75.211139","1,191","Microgramos por metro cúbico","ug/m3","1,440","73","Tolima","73001","Ibagué","Fija"
"31477","CORTOLIMA","POLICÍA DE CARRETERAS","PM10","20.95","2022 Sep 16 12:00:00 AM","2022 Sep 17 12:00:00 AM","4.435278","-75.202222","1,126","Microgramos por metro cúbico","ug/m3","1,440","73","Tolima","73001","Ibagué","Fija"
"31477","CORTOLIMA","POLICÍA DE CARRETERAS","PM10","30.05","2022 Aug 11 12:00:00 AM","2022 Aug 12 12:00:00 AM","4.435278","-75.202222","1,126","Microgramos por metro cúbico","ug/m3","1,440","73","Tolima","73001","Ibagué","Fija"
"8258","CORTOLIMA","CORTOLIMA","PM10","27.8","2022 Oct 03 12:00:00 AM","2022 Oct 04 12:00:00 AM","4.433181","-75.211139","1,191","Microgramos por metro cúbico","ug/m3","1,440","73","Tolima","73001","Ibagué","Fija"
"31477","CORTOLIMA","POLICÍA DE CARRETERAS","PM10","30.64","2022 Jun 15 12:00:00 AM","2022 Jun 16 12:00:00 AM","4.435278","-75.202222","1,126","Microgramos por metro cúbico","ug/m3","1,440","73","Tolima","73001","Ibagué","Fija"
"8258","CORTOLIMA","CORTOLIMA","PM10","21.82","2022 Nov 21 12:00:00 AM","2022 Nov 22 12:00:00 AM","4.433181","-75.211139","1,191","Microgramos por metro cúbico","ug/m3","1,440","73","Tolima","73001","Ibagué","Fija"
"8258","CORTOLIMA","CORTOLIMA","PM10","22.92","2022 Apr 06 12:00:00 AM","2022 Apr 07 12:00:00 AM","4.433181","-75.211139","1,191","Microgramos por metro cúbico","ug/m3","1,440","73","Tolima","73001","Ibagué","Fija"
"31477","CORTOLIMA","POLICÍA DE CARRETERAS","PM10","16.09","2022 Sep 04 12:00:00 AM","2022 Sep 05 12:00:00 AM","4.435278","-75.202222","1,126","Microgramos por metro cúbico","ug/m3","1,440","73","Tolima","73001","Ibagué","Fija"
"31477","CORTOLIMA","POLICÍA DE CARRETERAS","PM10","25.15","2022 Apr 11 12:00:00 AM","2022 Apr 12 12:00:00 AM","4.435278","-75.202222","1,126","Microgramos por metro cúbico","ug/m3","1,440","73","Tolima","73001","Ibagué","Fija"
"31477","CORTOLIMA","POLICÍA DE CARRETERAS","PM10","27.3","2022 Jul 09 12:00:00 AM","2022 Jul 10 12:00:00 AM","4.435278","-75.202222","1,126","Microgramos por metro cúbico","ug/m3","1,440","73","Tolima","73001","Ibagué","Fija"
"8258","CORTOLIMA","CORTOLIMA","PM10","26.47","2022 Aug 16 12:00:00 AM","2022 Aug 17 12:00:00 AM","4.433181","-75.211139","1,191","Microgramos por metro cúbico","ug/m3","1,440","73","Tolima","73001","Ibagué","Fija"
"8258","CORTOLIMA","CORTOLIMA","PM10","27.3","2022 Nov 17 12:00:00 AM","2022 Nov 18 12:00:00 AM","4.433181","-75.211139","1,191","Microgramos por metro cúbico","ug/m3","1,440","73","Tolima","73001","Ibagué","Fija"
"8258","CORTOLIMA","CORTOLIMA","PM10","23.17","2022 Nov 15 12:00:00 AM","2022 Nov 16 12:00:00 AM","4.433181","-75.211139","1,191","Microgramos por metro cúbico","ug/m3","1,440","73","Tolima","73001","Ibagué","Fija"
"8258","CORTOLIMA","CORTOLIMA","PM10","24.63","2022 Jun 13 12:00:00 AM","2022 Jun 14 12:00:00 AM","4.433181","-75.211139","1,191","Microgramos por metro cúbico","ug/m3","1,440","73","Tolima","73001","Ibagué","Fija"
"8258","CORTOLIMA","CORTOLIMA","PM10","24.68","2022 May 17 12:00:00 AM","2022 May 18 12:00:00 AM","4.433181","-75.211139","1,191","Microgramos por metro cúbico","ug/m3","1,440","73","Tolima","73001","Ibagué","Fija"
"8258","CORTOLIMA","CORTOLIMA","PM10","24.28","2022 Oct 22 12:00:00 AM","2022 Oct 23 12:00:00 AM","4.433181","-75.211139","1,191","Microgramos por metro cúbico","ug/m3","1,440","73","Tolima","73001","Ibagué","Fija"
"31477","CORTOLIMA","POLICÍA DE CARRETERAS","PM10","18","2022 Feb 13 12:00:00 AM","2022 Feb 14 12:00:00 AM","4.435278","-75.202222","1,126","Microgramos por metro cúbico","ug/m3","1,440","73","Tolima","73001","Ibagué","Fija"
"8258","CORTOLIMA","CORTOLIMA","PM10","27.38","2022 Sep 03 12:00:00 AM","2022 Sep 04 12:00:00 AM","4.433181","-75.211139","1,191","Microgramos por metro cúbico","ug/m3","1,440","73","Tolima","73001","Ibagué","Fija"
"8258","CORTOLIMA","CORTOLIMA","PM10","23.98","2022 May 02 12:00:00 AM","2022 May 03 12:00:00 AM","4.433181","-75.211139","1,191","Microgramos por metro cúbico","ug/m3","1,440","73","Tolima","73001","Ibagué","Fija"
"31477","CORTOLIMA","POLICÍA DE CARRETERAS","PM10","28.91","2022 Aug 05 12:00:00 AM","2022 Aug 06 12:00:00 AM","4.435278","-75.202222","1,126","Microgramos por metro cúbico","ug/m3","1,440","73","Tolima","73001","Ibagué","Fija"
"8258","CORTOLIMA","CORTOLIMA","PM10","23.57","2022 Feb 03 12:00:00 AM","2022 Feb 04 12:00:00 AM","4.433181","-75.211139","1,191","Microgramos por metro cúbico","ug/m3","1,440","73","Tolima","73001","Ibagué","Fija"
"8258","CORTOLIMA","CORTOLIMA","PM10","20.3","2022 Jan 23 12:00:00 AM","2022 Jan 24 12:00:00 AM","4.433181","-75.211139","1,191","Microgramos por metro cúbico","ug/m3","1,440","73","Tolima","73001","Ibagué","Fija"
"8258","CORTOLIMA","CORTOLIMA","PM10","24.82","2022 Oct 24 12:00:00 AM","2022 Oct 25 12:00:00 AM","4.433181","-75.211139","1,191","Microgramos por metro cúbico","ug/m3","1,440","73","Tolima","73001","Ibagué","Fija"
"8258","CORTOLIMA","CORTOLIMA","PM10","23.61","2022 Feb 13 12:00:00 AM","2022 Feb 14 12:00:00 AM","4.433181","-75.211139","1,191","Microgramos por metro cúbico","ug/m3","1,440","73","Tolima","73001","Ibagué","Fija"
"8258","CORTOLIMA","CORTOLIMA","PM10","24.68","2022 Jan 20 12:00:00 AM","2022 Jan 21 12:00:00 AM","4.433181","-75.211139","1,191","Microgramos por metro cúbico","ug/m3","1,440","73","Tolima","73001","Ibagué","Fija"
"8258","CORTOLIMA","CORTOLIMA","PM10","29.07","2022 Jul 19 12:00:00 AM","2022 Jul 20 12:00:00 AM","4.433181","-75.211139","1,191","Microgramos por metro cúbico","ug/m3","1,440","73","Tolima","73001","Ibagué","Fija"
"8258","CORTOLIMA","CORTOLIMA","PM10","24.79","2022 Nov 29 12:00:00 AM","2022 Nov 30 12:00:00 AM","4.433181","-75.211139","1,191","Microgramos por metro cúbico","ug/m3","1,440","73","Tolima","73001","Ibagué","Fija"
"8258","CORTOLIMA","CORTOLIMA","PM10","29.21","2022 Jul 28 12:00:00 AM","2022 Jul 29 12:00:00 AM","4.433181","-75.211139","1,191","Microgramos por metro cúbico","ug/m3","1,440","73","Tolima","73001","Ibagué","Fija"
"8258","CORTOLIMA","CORTOLIMA","PM10","24.34","2022 Jun 10 12:00:00 AM","2022 Jun 11 12:00:00 AM","4.433181","-75.211139","1,191","Microgramos por metro cúbico","ug/m3","1,440","73","Tolima","73001","Ibagué","Fija"
"31477","CORTOLIMA","POLICÍA DE CARRETERAS","PM10","26.61","2022 Mar 03 12:00:00 AM","2022 Mar 04 12:00:00 AM","4.435278","-75.202222","1,126","Microgramos por metro cúbico","ug/m3","1,440","73","Tolima","73001","Ibagué","Fija"
"8258","CORTOLIMA","CORTOLIMA","PM10","23.28","2022 Apr 21 12:00:00 AM","2022 Apr 22 12:00:00 AM","4.433181","-75.211139","1,191","Microgramos por metro cúbico","ug/m3","1,440","73","Tolima","73001","Ibagué","Fija"
"8258","CORTOLIMA","CORTOLIMA","PM10","26.84","2022 Aug 27 12:00:00 AM","2022 Aug 28 12:00:00 AM","4.433181","-75.211139","1,191","Microgramos por metro cúbico","ug/m3","1,440","73","Tolima","73001","Ibagué","Fija"
"8258","CORTOLIMA","CORTOLIMA","PM10","30.92","2022 Sep 06 12:00:00 AM","2022 Sep 07 12:00:00 AM","4.433181","-75.211139","1,191","Microgramos por metro cúbico","ug/m3","1,440","73","Tolima","73001","Ibagué","Fija"
"8258","CORTOLIMA","CORTOLIMA","PM10","24.1","2022 Oct 21 12:00:00 AM","2022 Oct 22 12:00:00 AM","4.433181","-75.211139","1,191","Microgramos por metro cúbico","ug/m3","1,440","73","Tolima","73001","Ibagué","Fija"
"31477","CORTOLIMA","POLICÍA DE CARRETERAS","PM10","33.27","2022 Jul 12 12:00:00 AM","2022 Jul 13 12:00:00 AM","4.435278","-75.202222","1,126","Microgramos por metro cúbico","ug/m3","1,440","73","Tolima","73001","Ibagué","Fija"
"8258","CORTOLIMA","CORTOLIMA","PM10","18.27","2022 Apr 10 12:00:00 AM","2022 Apr 11 12:00:00 AM","4.433181","-75.211139","1,191","Microgramos por metro cúbico","ug/m3","1,440","73","Tolima","73001","Ibagué","Fija"
"8258","CORTOLIMA","CORTOLIMA","PM10","22.63","2022 Apr 02 12:00:00 AM","2022 Apr 03 12:00:00 AM","4.433181","-75.211139","1,191","Microgramos por metro cúbico","ug/m3","1,440","73","Tolima","73001","Ibagué","Fija"
"8258","CORTOLIMA","CORTOLIMA","PM10","26.11","2022 Oct 31 12:00:00 AM","2022 Nov 01 12:00:00 AM","4.433181","-75.211139","1,191","Microgramos por metro cúbico","ug/m3","1,440","73","Tolima","73001","Ibagué","Fija"
"8258","CORTOLIMA","CORTOLIMA","PM10","23.21","2022 Feb 19 12:00:00 AM","2022 Feb 20 12:00:00 AM","4.433181","-75.211139","1,191","Microgramos por metro cúbico","ug/m3","1,440","73","Tolima","73001","Ibagué","Fija"
"8258","CORTOLIMA","CORTOLIMA","PM10","23.65","2022 Oct 01 12:00:00 AM","2022 Oct 02 12:00:00 AM","4.433181","-75.211139","1,191","Microgramos por metro cúbico","ug/m3","1,440","73","Tolima","73001","Ibagué","Fija"
"31477","CORTOLIMA","POLICÍA DE CARRETERAS","PM10","24.54","2022 Mar 18 12:00:00 AM","2022 Mar 19 12:00:00 AM","4.435278","-75.202222","1,126","Microgramos por metro cúbico","ug/m3","1,440","73","Tolima","73001","Ibagué","Fija"
"8258","CORTOLIMA","CORTOLIMA","PM10","21","2022 Apr 13 12:00:00 AM","2022 Apr 14 12:00:00 AM","4.433181","-75.211139","1,191","Microgramos por metro cúbico","ug/m3","1,440","73","Tolima","73001","Ibagué","Fija"
"8258","CORTOLIMA","CORTOLIMA","PM10","29.46","2022 Jul 06 12:00:00 AM","2022 Jul 07 12:00:00 AM","4.433181","-75.211139","1,191","Microgramos por metro cúbico","ug/m3","1,440","73","Tolima","73001","Ibagué","Fija"
"31477","CORTOLIMA","POLICÍA DE CARRETERAS","PM10","23.43","2022 Sep 22 12:00:00 AM","2022 Sep 23 12:00:00 AM","4.435278","-75.202222","1,126","Microgramos por metro cúbico","ug/m3","1,440","73","Tolima","73001","Ibagué","Fija"
"31477","CORTOLIMA","POLICÍA DE CARRETERAS","PM10","23.02","2022 Oct 28 12:00:00 AM","2022 Oct 29 12:00:00 AM","4.435278","-75.202222","1,126","Microgramos por metro cúbico","ug/m3","1,440","73","Tolima","73001","Ibagué","Fija"
"8258","CORTOLIMA","CORTOLIMA","PM10","26.1","2022 Aug 15 12:00:00 AM","2022 Aug 16 12:00:00 AM","4.433181","-75.211139","1,191","Microgramos por metro cúbico","ug/m3","1,440","73","Tolima","73001","Ibagué","Fija"
"8258","CORTOLIMA","CORTOLIMA","PM10","17.6","2022 Dec 25 12:00:00 AM","2022 Dec 26 12:00:00 AM","4.433181","-75.211139","1,191","Microgramos por metro cúbico","ug/m3","1,440","73","Tolima","73001","Ibagué","Fija"
"8258","CORTOLIMA","CORTOLIMA","PM10","30.68","2022 Jul 20 12:00:00 AM","2022 Jul 21 12:00:00 AM","4.433181","-75.211139","1,191","Microgramos por metro cúbico","ug/m3","1,440","73","Tolima","73001","Ibagué","Fija"
"31477","CORTOLIMA","POLICÍA DE CARRETERAS","PM10","22.32","2022 Dec 12 12:00:00 AM","2022 Dec 13 12:00:00 AM","4.435278","-75.202222","1,126","Microgramos por metro cúbico","ug/m3","1,440","73","Tolima","73001","Ibagué","Fija"
"8258","CORTOLIMA","CORTOLIMA","PM10","22.3","2022 Jan 29 12:00:00 AM","2022 Jan 30 12:00:00 AM","4.433181","-75.211139","1,191","Microgramos por metro cúbico","ug/m3","1,440","73","Tolima","73001","Ibagué","Fija"
"8258","CORTOLIMA","CORTOLIMA","PM10","27.85","2022 Aug 12 12:00:00 AM","2022 Aug 13 12:00:00 AM","4.433181","-75.211139","1,191","Microgramos por metro cúbico","ug/m3","1,440","73","Tolima","73001","Ibagué","Fija"
"8258","CORTOLIMA","CORTOLIMA","PM10","23.86","2022 Mar 21 12:00:00 AM","2022 Mar 22 12:00:00 AM","4.433181","-75.211139","1,191","Microgramos por metro cúbico","ug/m3","1,440","73","Tolima","73001","Ibagué","Fija"
"8258","CORTOLIMA","CORTOLIMA","PM10","30.73","2022 Aug 24 12:00:00 AM","2022 Aug 25 12:00:00 AM","4.433181","-75.211139","1,191","Microgramos por metro cúbico","ug/m3","1,440","73","Tolima","73001","Ibagué","Fija"
"8258","CORTOLIMA","CORTOLIMA","PM10","27.34","2022 Aug 17 12:00:00 AM","2022 Aug 18 12:00:00 AM","4.433181","-75.211139","1,191","Microgramos por metro cúbico","ug/m3","1,440","73","Tolima","73001","Ibagué","Fija"
"8258","CORTOLIMA","CORTOLIMA","PM10","22.88","2022 May 04 12:00:00 AM","2022 May 05 12:00:00 AM","4.433181","-75.211139","1,191","Microgramos por metro cúbico","ug/m3","1,440","73","Tolima","73001","Ibagué","Fija"
"8258","CORTOLIMA","CORTOLIMA","PM10","22.27","2022 Jan 08 12:00:00 AM","2022 Jan 09 12:00:00 AM","4.433181","-75.211139","1,191","Microgramos por metro cúbico","ug/m3","1,440","73","Tolima","73001","Ibagué","Fija"
"31477","CORTOLIMA","POLICÍA DE CARRETERAS","PM10","27.54","2022 Mar 24 12:00:00 AM","2022 Mar 25 12:00:00 AM","4.435278","-75.202222","1,126","Microgramos por metro cúbico","ug/m3","1,440","73","Tolima","73001","Ibagué","Fija"
"31477","CORTOLIMA","POLICÍA DE CARRETERAS","PM10","23.22","2022 Apr 14 12:00:00 AM","2022 Apr 15 12:00:00 AM","4.435278","-75.202222","1,126","Microgramos por metro cúbico","ug/m3","1,440","73","Tolima","73001","Ibagué","Fija"
"8258","CORTOLIMA","CORTOLIMA","PM10","23.88","2022 Mar 09 12:00:00 AM","2022 Mar 10 12:00:00 AM","4.433181","-75.211139","1,191","Microgramos por metro cúbico","ug/m3","1,440","73","Tolima","73001","Ibagué","Fija"
"8258","CORTOLIMA","CORTOLIMA","PM10","24.58","2022 Feb 08 12:00:00 AM","2022 Feb 09 12:00:00 AM","4.433181","-75.211139","1,191","Microgramos por metro cúbico","ug/m3","1,440","73","Tolima","73001","Ibagué","Fija"
"8258","CORTOLIMA","CORTOLIMA","PM10","22.38","2022 Apr 27 12:00:00 AM","2022 Apr 28 12:00:00 AM","4.433181","-75.211139","1,191","Microgramos por metro cúbico","ug/m3","1,440","73","Tolima","73001","Ibagué","Fija"
"8258","CORTOLIMA","CORTOLIMA","PM10","24.61","2022 Oct 15 12:00:00 AM","2022 Oct 16 12:00:00 AM","4.433181","-75.211139","1,191","Microgramos por metro cúbico","ug/m3","1,440","73","Tolima","73001","Ibagué","Fija"
"31477","CORTOLIMA","POLICÍA DE CARRETERAS","PM10","20","2022 Feb 25 12:00:00 AM","2022 Feb 26 12:00:00 AM","4.435278","-75.202222","1,126","Microgramos por metro cúbico","ug/m3","1,440","73","Tolima","73001","Ibagué","Fija"
"31477","CORTOLIMA","POLICÍA DE CARRETERAS","PM10","22.88","2022 Nov 12 12:00:00 AM","2022 Nov 13 12:00:00 AM","4.435278","-75.202222","1,126","Microgramos por metro cúbico","ug/m3","1,440","73","Tolima","73001","Ibagué","Fija"
"8258","CORTOLIMA","CORTOLIMA","PM10","23.89","2022 Dec 08 12:00:00 AM","2022 Dec 09 12:00:00 AM","4.433181","-75.211139","1,191","Microgramos por metro cúbico","ug/m3","1,440","73","Tolima","73001","Ibagué","Fija"
"8258","CORTOLIMA","CORTOLIMA","PM10","26.74","2022 Nov 26 12:00:00 AM","2022 Nov 27 12:00:00 AM","4.433181","-75.211139","1,191","Microgramos por metro cúbico","ug/m3","1,440","73","Tolima","73001","Ibagué","Fija"
"8258","CORTOLIMA","CORTOLIMA","PM10","26.27","2022 Dec 21 12:00:00 AM","2022 Dec 22 12:00:00 AM","4.433181","-75.211139","1,191","Microgramos por metro cúbico","ug/m3","1,440","73","Tolima","73001","Ibagué","Fija"
"8258","CORTOLIMA","CORTOLIMA","PM10","25.67","2022 Jun 15 12:00:00 AM","2022 Jun 16 12:00:00 AM","4.433181","-75.211139","1,191","Microgramos por metro cúbico","ug/m3","1,440","73","Tolima","73001","Ibagué","Fija"
"8258","CORTOLIMA","CORTOLIMA","PM10","29.21","2022 Sep 01 12:00:00 AM","2022 Sep 02 12:00:00 AM","4.433181","-75.211139","1,191","Microgramos por metro cúbico","ug/m3","1,440","73","Tolima","73001","Ibagué","Fija"
"8258","CORTOLIMA","CORTOLIMA","PM10","28.17","2022 Jul 14 12:00:00 AM","2022 Jul 15 12:00:00 AM","4.433181","-75.211139","1,191","Microgramos por metro cúbico","ug/m3","1,440","73","Tolima","73001","Ibagué","Fija"
"8258","CORTOLIMA","CORTOLIMA","PM10","25.13","2022 Jun 08 12:00:00 AM","2022 Jun 09 12:00:00 AM","4.433181","-75.211139","1,191","Microgramos por metro cúbico","ug/m3","1,440","73","Tolima","73001","Ibagué","Fija"
"31477","CORTOLIMA","POLICÍA DE CARRETERAS","PM10","33.55","2022 Aug 08 12:00:00 AM","2022 Aug 09 12:00:00 AM","4.435278","-75.202222","1,126","Microgramos por metro cúbico","ug/m3","1,440","73","Tolima","73001","Ibagué","Fija"
"8258","CORTOLIMA","CORTOLIMA","PM10","23.6","2022 Mar 03 12:00:00 AM","2022 Mar 04 12:00:00 AM","4.433181","-75.211139","1,191","Microgramos por metro cúbico","ug/m3","1,440","73","Tolima","73001","Ibagué","Fija"
"31477","CORTOLIMA","POLICÍA DE CARRETERAS","PM10","24.27","2022 May 06 12:00:00 AM","2022 May 07 12:00:00 AM","4.435278","-75.202222","1,126","Microgramos por metro cúbico","ug/m3","1,440","73","Tolima","73001","Ibagué","Fija"
"8258","CORTOLIMA","CORTOLIMA","PM10","30.87","2022 Sep 14 12:00:00 AM","2022 Sep 15 12:00:00 AM","4.433181","-75.211139","1,191","Microgramos por metro cúbico","ug/m3","1,440","73","Tolima","73001","Ibagué","Fija"
"8258","CORTOLIMA","CORTOLIMA","PM10","21.27","2022 Apr 19 12:00:00 AM","2022 Apr 20 12:00:00 AM","4.433181","-75.211139","1,191","Microgramos por metro cúbico","ug/m3","1,440","73","Tolima","73001","Ibagué","Fija"
"8258","CORTOLIMA","CORTOLIMA","PM10","23.13","2022 Jul 02 12:00:00 AM","2022 Jul 03 12:00:00 AM","4.433181","-75.211139","1,191","Microgramos por metro cúbico","ug/m3","1,440","73","Tolima","73001","Ibagué","Fija"
"8258","CORTOLIMA","CORTOLIMA","PM10","21.73","2022 Dec 13 12:00:00 AM","2022 Dec 14 12:00:00 AM","4.433181","-75.211139","1,191","Microgramos por metro cúbico","ug/m3","1,440","73","Tolima","73001","Ibagué","Fija"
"8258","CORTOLIMA","CORTOLIMA","PM10","25.71","2022 Aug 13 12:00:00 AM","2022 Aug 14 12:00:00 AM","4.433181","-75.211139","1,191","Microgramos por metro cúbico","ug/m3","1,440","73","Tolima","73001","Ibagué","Fija"
"8258","CORTOLIMA","CORTOLIMA","PM10","24.08","2022 Dec 10 12:00:00 AM","2022 Dec 11 12:00:00 AM","4.433181","-75.211139","1,191","Microgramos por metro cúbico","ug/m3","1,440","73","Tolima","73001","Ibagué","Fija"
"8258","CORTOLIMA","CORTOLIMA","PM10","29.08","2022 Sep 13 12:00:00 AM","2022 Sep 14 12:00:00 AM","4.433181","-75.211139","1,191","Microgramos por metro cúbico","ug/m3","1,440","73","Tolima","73001","Ibagué","Fija"
"8258","CORTOLIMA","CORTOLIMA","PM10","27.82","2022 Jan 05 12:00:00 AM","2022 Jan 06 12:00:00 AM","4.433181","-75.211139","1,191","Microgramos por metro cúbico","ug/m3","1,440","73","Tolima","73001","Ibagué","Fija"
"31477","CORTOLIMA","POLICÍA DE CARRETERAS","PM10","32.96","2022 Jul 06 12:00:00 AM","2022 Jul 07 12:00:00 AM","4.435278","-75.202222","1,126","Microgramos por metro cúbico","ug/m3","1,440","73","Tolima","73001","Ibagué","Fija"
"8258","CORTOLIMA","CORTOLIMA","PM10","20.79","2022 Dec 17 12:00:00 AM","2022 Dec 18 12:00:00 AM","4.433181","-75.211139","1,191","Microgramos por metro cúbico","ug/m3","1,440","73","Tolima","73001","Ibagué","Fija"
"8258","CORTOLIMA","CORTOLIMA","PM10","22.12","2022 Jul 10 12:00:00 AM","2022 Jul 11 12:00:00 AM","4.433181","-75.211139","1,191","Microgramos por metro cúbico","ug/m3","1,440","73","Tolima","73001","Ibagué","Fija"
"31477","CORTOLIMA","POLICÍA DE CARRETERAS","PM10","25","2022 Jan 11 12:00:00 AM","2022 Jan 12 12:00:00 AM","4.435278","-75.202222","1,126","Microgramos por metro cúbico","ug/m3","1,440","73","Tolima","73001","Ibagué","Fija"
"8258","CORTOLIMA","CORTOLIMA","PM10","22.37","2022 Jun 27 12:00:00 AM","2022 Jun 28 12:00:00 AM","4.433181","-75.211139","1,191","Microgramos por metro cúbico","ug/m3","1,440","73","Tolima","73001","Ibagué","Fija"
"8258","CORTOLIMA","CORTOLIMA","PM10","28.14","2022 Aug 11 12:00:00 AM","2022 Aug 12 12:00:00 AM","4.433181","-75.211139","1,191","Microgramos por metro cúbico","ug/m3","1,440","73","Tolima","73001","Ibagué","Fija"
"8258","CORTOLIMA","CORTOLIMA","PM10","25.83","2022 Jul 22 12:00:00 AM","2022 Jul 23 12:00:00 AM","4.433181","-75.211139","1,191","Microgramos por metro cúbico","ug/m3","1,440","73","Tolima","73001","Ibagué","Fija"
"31477","CORTOLIMA","POLICÍA DE CARRETERAS","PM10","28.5","2022 Nov 30 12:00:00 AM","2022 Dec 01 12:00:00 AM","4.435278","-75.202222","1,126","Microgramos por metro cúbico","ug/m3","1,440","73","Tolima","73001","Ibagué","Fija"
"31477","CORTOLIMA","POLICÍA DE CARRETERAS","PM10","23.32","2022 Dec 24 12:00:00 AM","2022 Dec 25 12:00:00 AM","4.435278","-75.202222","1,126","Microgramos por metro cúbico","ug/m3","1,440","73","Tolima","73001","Ibagué","Fija"
"8258","CORTOLIMA","CORTOLIMA","PM10","24.77","2022 May 20 12:00:00 AM","2022 May 21 12:00:00 AM","4.433181","-75.211139","1,191","Microgramos por metro cúbico","ug/m3","1,440","73","Tolima","73001","Ibagué","Fija"
"8258","CORTOLIMA","CORTOLIMA","PM10","21.47","2022 Mar 27 12:00:00 AM","2022 Mar 28 12:00:00 AM","4.433181","-75.211139","1,191","Microgramos por metro cúbico","ug/m3","1,440","73","Tolima","73001","Ibagué","Fija"
"8258","CORTOLIMA","CORTOLIMA","PM10","26.24","2022 Jun 29 12:00:00 AM","2022 Jun 30 12:00:00 AM","4.433181","-75.211139","1,191","Microgramos por metro cúbico","ug/m3","1,440","73","Tolima","73001","Ibagué","Fija"
"31477","CORTOLIMA","POLICÍA DE CARRETERAS","PM10","21.08","2022 Oct 22 12:00:00 AM","2022 Oct 23 12:00:00 AM","4.435278","-75.202222","1,126","Microgramos por metro cúbico","ug/m3","1,440","73","Tolima","73001","Ibagué","Fija"
"8258","CORTOLIMA","CORTOLIMA","PM10","26.2","2022 Jan 12 12:00:00 AM","2022 Jan 13 12:00:00 AM","4.433181","-75.211139","1,191","Microgramos por metro cúbico","ug/m3","1,440","73","Tolima","73001","Ibagué","Fija"
"31477","CORTOLIMA","POLICÍA DE CARRETERAS","PM10","30.44","2022 Jul 21 12:00:00 AM","2022 Jul 22 12:00:00 AM","4.435278","-75.202222","1,126","Microgramos por metro cúbico","ug/m3","1,440","73","Tolima","73001","Ibagué","Fija"
"8258","CORTOLIMA","CORTOLIMA","PM10","28.61","2022 Aug 09 12:00:00 AM","2022 Aug 10 12:00:00 AM","4.433181","-75.211139","1,191","Microgramos por metro cúbico","ug/m3","1,440","73","Tolima","73001","Ibagué","Fija"
"8258","CORTOLIMA","CORTOLIMA","PM10","29.07","2022 Oct 07 12:00:00 AM","2022 Oct 08 12:00:00 AM","4.433181","-75.211139","1,191","Microgramos por metro cúbico","ug/m3","1,440","73","Tolima","73001","Ibagué","Fija"
"8258","CORTOLIMA","CORTOLIMA","PM10","21.44","2022 Apr 05 12:00:00 AM","2022 Apr 06 12:00:00 AM","4.433181","-75.211139","1,191","Microgramos por metro cúbico","ug/m3","1,440","73","Tolima","73001","Ibagué","Fija"
"8258","CORTOLIMA","CORTOLIMA","PM10","24.48","2022 Jan 28 12:00:00 AM","2022 Jan 29 12:00:00 AM","4.433181","-75.211139","1,191","Microgramos por metro cúbico","ug/m3","1,440","73","Tolima","73001","Ibagué","Fija"
"31477","CORTOLIMA","POLICÍA DE CARRETERAS","PM10","19.93","2022 May 15 12:00:00 AM","2022 May 16 12:00:00 AM","4.435278","-75.202222","1,126","Microgramos por metro cúbico","ug/m3","1,440","73","Tolima","73001","Ibagué","Fija"
"8258","CORTOLIMA","CORTOLIMA","PM10","28.77","2022 Oct 06 12:00:00 AM","2022 Oct 07 12:00:00 AM","4.433181","-75.211139","1,191","Microgramos por metro cúbico","ug/m3","1,440","73","Tolima","73001","Ibagué","Fija"
"8258","CORTOLIMA","CORTOLIMA","PM10","20.16","2022 Apr 17 12:00:00 AM","2022 Apr 18 12:00:00 AM","4.433181","-75.211139","1,191","Microgramos por metro cúbico","ug/m3","1,440","73","Tolima","73001","Ibagué","Fija"
"8258","CORTOLIMA","CORTOLIMA","PM10","23.82","2022 Feb 25 12:00:00 AM","2022 Feb 26 12:00:00 AM","4.433181","-75.211139","1,191","Microgramos por metro cúbico","ug/m3","1,440","73","Tolima","73001","Ibagué","Fija"
"8258","CORTOLIMA","CORTOLIMA","PM10","26.94","2022 Jul 18 12:00:00 AM","2022 Jul 19 12:00:00 AM","4.433181","-75.211139","1,191","Microgramos por metro cúbico","ug/m3","1,440","73","Tolima","73001","Ibagué","Fija"
"31477","CORTOLIMA","POLICÍA DE CARRETERAS","PM10","22.16","2022 Jun 03 12:00:00 AM","2022 Jun 04 12:00:00 AM","4.435278","-75.202222","1,126","Microgramos por metro cúbico","ug/m3","1,440","73","Tolima","73001","Ibagué","Fija"
"31477","CORTOLIMA","POLICÍA DE CARRETERAS","PM10","26.4","2022 Mar 15 12:00:00 AM","2022 Mar 16 12:00:00 AM","4.435278","-75.202222","1,126","Microgramos por metro cúbico","ug/m3","1,440","73","Tolima","73001","Ibagué","Fija"
"8258","CORTOLIMA","CORTOLIMA","PM10","22.59","2022 Jan 16 12:00:00 AM","2022 Jan 17 12:00:00 AM","4.433181","-75.211139","1,191","Microgramos por metro cúbico","ug/m3","1,440","73","Tolima","73001","Ibagué","Fija"
"8258","CORTOLIMA","CORTOLIMA","PM10","28.49","2022 Sep 05 12:00:00 AM","2022 Sep 06 12:00:00 AM","4.433181","-75.211139","1,191","Microgramos por metro cúbico","ug/m3","1,440","73","Tolima","73001","Ibagué","Fija"
"8258","CORTOLIMA","CORTOLIMA","PM10","27.47","2022 Sep 19 12:00:00 AM","2022 Sep 20 12:00:00 AM","4.433181","-75.211139","1,191","Microgramos por metro cúbico","ug/m3","1,440","73","Tolima","73001","Ibagué","Fija"
"8258","CORTOLIMA","CORTOLIMA","PM10","18.84","2022 May 29 12:00:00 AM","2022 May 30 12:00:00 AM","4.433181","-75.211139","1,191","Microgramos por metro cúbico","ug/m3","1,440","73","Tolima","73001","Ibagué","Fija"
"8258","CORTOLIMA","CORTOLIMA","PM10","21.17","2022 Mar 20 12:00:00 AM","2022 Mar 21 12:00:00 AM","4.433181","-75.211139","1,191","Microgramos por metro cúbico","ug/m3","1,440","73","Tolima","73001","Ibagué","Fija"
"8258","CORTOLIMA","CORTOLIMA","PM10","22.32","2022 Dec 09 12:00:00 AM","2022 Dec 10 12:00:00 AM","4.433181","-75.211139","1,191","Microgramos por metro cúbico","ug/m3","1,440","73","Tolima","73001","Ibagué","Fija"
"8258","CORTOLIMA","CORTOLIMA","PM10","26.35","2022 May 11 12:00:00 AM","2022 May 12 12:00:00 AM","4.433181","-75.211139","1,191","Microgramos por metro cúbico","ug/m3","1,440","73","Tolima","73001","Ibagué","Fija"
"8258","CORTOLIMA","CORTOLIMA","PM10","22.32","2022 May 28 12:00:00 AM","2022 May 29 12:00:00 AM","4.433181","-75.211139","1,191","Microgramos por metro cúbico","ug/m3","1,440","73","Tolima","73001","Ibagué","Fija"
"8258","CORTOLIMA","CORTOLIMA","PM10","31.56","2022 Oct 04 12:00:00 AM","2022 Oct 05 12:00:00 AM","4.433181","-75.211139","1,191","Microgramos por metro cúbico","ug/m3","1,440","73","Tolima","73001","Ibagué","Fija"
"8258","CORTOLIMA","CORTOLIMA","PM10","24.33","2022 Nov 20 12:00:00 AM","2022 Nov 21 12:00:00 AM","4.433181","-75.211139","1,191","Microgramos por metro cúbico","ug/m3","1,440","73","Tolima","73001","Ibagué","Fija"
"8258","CORTOLIMA","CORTOLIMA","PM10","23.43","2022 Nov 09 12:00:00 AM","2022 Nov 10 12:00:00 AM","4.433181","-75.211139","1,191","Microgramos por metro cúbico","ug/m3","1,440","73","Tolima","73001","Ibagué","Fija"
"31477","CORTOLIMA","POLICÍA DE CARRETERAS","PM10","28.03","2022 Jun 06 12:00:00 AM","2022 Jun 07 12:00:00 AM","4.435278","-75.202222","1,126","Microgramos por metro cúbico","ug/m3","1,440","73","Tolima","73001","Ibagué","Fija"
"31477","CORTOLIMA","POLICÍA DE CARRETERAS","PM10","17.73","2022 Jul 03 12:00:00 AM","2022 Jul 04 12:00:00 AM","4.435278","-75.202222","1,126","Microgramos por metro cúbico","ug/m3","1,440","73","Tolima","73001","Ibagué","Fija"
"31477","CORTOLIMA","POLICÍA DE CARRETERAS","PM10","22","2022 Feb 07 12:00:00 AM","2022 Feb 08 12:00:00 AM","4.435278","-75.202222","1,126","Microgramos por metro cúbico","ug/m3","1,440","73","Tolima","73001","Ibagué","Fija"
"8258","CORTOLIMA","CORTOLIMA","PM10","20.24","2022 Apr 24 12:00:00 AM","2022 Apr 25 12:00:00 AM","4.433181","-75.211139","1,191","Microgramos por metro cúbico","ug/m3","1,440","73","Tolima","73001","Ibagué","Fija"
"8258","CORTOLIMA","CORTOLIMA","PM10","25.26","2022 Jul 08 12:00:00 AM","2022 Jul 09 12:00:00 AM","4.433181","-75.211139","1,191","Microgramos por metro cúbico","ug/m3","1,440","73","Tolima","73001","Ibagué","Fija"
"8258","CORTOLIMA","CORTOLIMA","PM10","22.94","2022 Mar 24 12:00:00 AM","2022 Mar 25 12:00:00 AM","4.433181","-75.211139","1,191","Microgramos por metro cúbico","ug/m3","1,440","73","Tolima","73001","Ibagué","Fija"
"8258","CORTOLIMA","CORTOLIMA","PM10","24.2","2022 Mar 15 12:00:00 AM","2022 Mar 16 12:00:00 AM","4.433181","-75.211139","1,191","Microgramos por metro cúbico","ug/m3","1,440","73","Tolima","73001","Ibagué","Fija"
"8258","CORTOLIMA","CORTOLIMA","PM10","29.98","2022 Oct 12 12:00:00 AM","2022 Oct 13 12:00:00 AM","4.433181","-75.211139","1,191","Microgramos por metro cúbico","ug/m3","1,440","73","Tolima","73001","Ibagué","Fija"
"31477","CORTOLIMA","POLICÍA DE CARRETERAS","PM10","27.01","2022 Apr 08 12:00:00 AM","2022 Apr 09 12:00:00 AM","4.435278","-75.202222","1,126","Microgramos por metro cúbico","ug/m3","1,440","73","Tolima","73001","Ibagué","Fija"
"31477","CORTOLIMA","POLICÍA DE CARRETERAS","PM10","16","2022 Jan 02 12:00:00 AM","2022 Jan 03 12:00:00 AM","4.435278","-75.202222","1,126","Microgramos por metro cúbico","ug/m3","1,440","73","Tolima","73001","Ibagué","Fija"
"31477","CORTOLIMA","POLICÍA DE CARRETERAS","PM10","21.05","2022 Apr 23 12:00:00 AM","2022 Apr 24 12:00:00 AM","4.435278","-75.202222","1,126","Microgramos por metro cúbico","ug/m3","1,440","73","Tolima","73001","Ibagué","Fija"
"8258","CORTOLIMA","CORTOLIMA","PM10","27.82","2022 Sep 15 12:00:00 AM","2022 Sep 16 12:00:00 AM","4.433181","-75.211139","1,191","Microgramos por metro cúbico","ug/m3","1,440","73","Tolima","73001","Ibagué","Fija"
"8258","CORTOLIMA","CORTOLIMA","PM10","26.12","2022 Feb 22 12:00:00 AM","2022 Feb 23 12:00:00 AM","4.433181","-75.211139","1,191","Microgramos por metro cúbico","ug/m3","1,440","73","Tolima","73001","Ibagué","Fija"
"8258","CORTOLIMA","CORTOLIMA","PM10","25.14","2022 Oct 27 12:00:00 AM","2022 Oct 28 12:00:00 AM","4.433181","-75.211139","1,191","Microgramos por metro cúbico","ug/m3","1,440","73","Tolima","73001","Ibagué","Fija"
"8258","CORTOLIMA","CORTOLIMA","PM10","29.41","2022 Jul 05 12:00:00 AM","2022 Jul 06 12:00:00 AM","4.433181","-75.211139","1,191","Microgramos por metro cúbico","ug/m3","1,440","73","Tolima","73001","Ibagué","Fija"
"8258","CORTOLIMA","CORTOLIMA","PM10","32.11","2022 Jul 25 12:00:00 AM","2022 Jul 26 12:00:00 AM","4.433181","-75.211139","1,191","Microgramos por metro cúbico","ug/m3","1,440","73","Tolima","73001","Ibagué","Fija"
"8258","CORTOLIMA","CORTOLIMA","PM10","25.37","2022 Feb 23 12:00:00 AM","2022 Feb 24 12:00:00 AM","4.433181","-75.211139","1,191","Microgramos por metro cúbico","ug/m3","1,440","73","Tolima","73001","Ibagué","Fija"
"8258","CORTOLIMA","CORTOLIMA","PM10","25.19","2022 May 14 12:00:00 AM","2022 May 15 12:00:00 AM","4.433181","-75.211139","1,191","Microgramos por metro cúbico","ug/m3","1,440","73","Tolima","73001","Ibagué","Fija"
"31477","CORTOLIMA","POLICÍA DE CARRETERAS","PM10","26","2022 Jan 23 12:00:00 AM","2022 Jan 24 12:00:00 AM","4.435278","-75.202222","1,126","Microgramos por metro cúbico","ug/m3","1,440","73","Tolima","73001","Ibagué","Fija"
"8258","CORTOLIMA","CORTOLIMA","PM10","25.55","2022 Jan 04 12:00:00 AM","2022 Jan 05 12:00:00 AM","4.433181","-75.211139","1,191","Microgramos por metro cúbico","ug/m3","1,440","73","Tolima","73001","Ibagué","Fija"
"8258","CORTOLIMA","CORTOLIMA","PM10","23.82","2022 Sep 18 12:00:00 AM","2022 Sep 19 12:00:00 AM","4.433181","-75.211139","1,191","Microgramos por metro cúbico","ug/m3","1,440","73","Tolima","73001","Ibagué","Fija"
"8258","CORTOLIMA","CORTOLIMA","PM10","18.4","2022 Dec 11 12:00:00 AM","2022 Dec 12 12:00:00 AM","4.433181","-75.211139","1,191","Microgramos por metro cúbico","ug/m3","1,440","73","Tolima","73001","Ibagué","Fija"
"8258","CORTOLIMA","CORTOLIMA","PM10","25.12","2022 Jun 23 12:00:00 AM","2022 Jun 24 12:00:00 AM","4.433181","-75.211139","1,191","Microgramos por metro cúbico","ug/m3","1,440","73","Tolima","73001","Ibagué","Fija"
"8258","CORTOLIMA","CORTOLIMA","PM10","27.39","2022 Nov 04 12:00:00 AM","2022 Nov 05 12:00:00 AM","4.433181","-75.211139","1,191","Microgramos por metro cúbico","ug/m3","1,440","73","Tolima","73001","Ibagué","Fija"
"8258","CORTOLIMA","CORTOLIMA","PM10","24.15","2022 Nov 16 12:00:00 AM","2022 Nov 17 12:00:00 AM","4.433181","-75.211139","1,191","Microgramos por metro cúbico","ug/m3","1,440","73","Tolima","73001","Ibagué","Fija"
"8258","CORTOLIMA","CORTOLIMA","PM10","20.18","2022 Apr 23 12:00:00 AM","2022 Apr 24 12:00:00 AM","4.433181","-75.211139","1,191","Microgramos por metro cúbico","ug/m3","1,440","73","Tolima","73001","Ibagué","Fija"
"8258","CORTOLIMA","CORTOLIMA","PM10","28.22","2022 Aug 02 12:00:00 AM","2022 Aug 03 12:00:00 AM","4.433181","-75.211139","1,191","Microgramos por metro cúbico","ug/m3","1,440","73","Tolima","73001","Ibagué","Fija"
"31477","CORTOLIMA","POLICÍA DE CARRETERAS","PM10","24.2","2022 Oct 31 12:00:00 AM","2022 Nov 01 12:00:00 AM","4.435278","-75.202222","1,126","Microgramos por metro cúbico","ug/m3","1,440","73","Tolima","73001","Ibagué","Fija"
"31477","CORTOLIMA","POLICÍA DE CARRETERAS","PM10","32","2022 Jan 14 12:00:00 AM","2022 Jan 15 12:00:00 AM","4.435278","-75.202222","1,126","Microgramos por metro cúbico","ug/m3","1,440","73","Tolima","73001","Ibagué","Fija"
"8258","CORTOLIMA","CORTOLIMA","PM10","29.85","2022 Aug 22 12:00:00 AM","2022 Aug 23 12:00:00 AM","4.433181","-75.211139","1,191","Microgramos por metro cúbico","ug/m3","1,440","73","Tolima","73001","Ibagué","Fija"
"31477","CORTOLIMA","POLICÍA DE CARRETERAS","PM10","24.5","2022 Mar 12 12:00:00 AM","2022 Mar 13 12:00:00 AM","4.435278","-75.202222","1,126","Microgramos por metro cúbico","ug/m3","1,440","73","Tolima","73001","Ibagué","Fija"
"8258","CORTOLIMA","CORTOLIMA","PM10","28.36","2022 Nov 12 12:00:00 AM","2022 Nov 13 12:00:00 AM","4.433181","-75.211139","1,191","Microgramos por metro cúbico","ug/m3","1,440","73","Tolima","73001","Ibagué","Fija"
"8258","CORTOLIMA","CORTOLIMA","PM10","30.96","2022 Oct 19 12:00:00 AM","2022 Oct 20 12:00:00 AM","4.433181","-75.211139","1,191","Microgramos por metro cúbico","ug/m3","1,440","73","Tolima","73001","Ibagué","Fija"
"8258","CORTOLIMA","CORTOLIMA","PM10","26.7","2022 Feb 16 12:00:00 AM","2022 Feb 17 12:00:00 AM","4.433181","-75.211139","1,191","Microgramos por metro cúbico","ug/m3","1,440","73","Tolima","73001","Ibagué","Fija"
"8258","CORTOLIMA","CORTOLIMA","PM10","20.69","2022 Apr 30 12:00:00 AM","2022 May 01 12:00:00 AM","4.433181","-75.211139","1,191","Microgramos por metro cúbico","ug/m3","1,440","73","Tolima","73001","Ibagué","Fija"
"8258","CORTOLIMA","CORTOLIMA","PM10","24.71","2022 Jun 07 12:00:00 AM","2022 Jun 08 12:00:00 AM","4.433181","-75.211139","1,191","Microgramos por metro cúbico","ug/m3","1,440","73","Tolima","73001","Ibagué","Fija"
"8258","CORTOLIMA","CORTOLIMA","PM10","26.56","2022 Dec 28 12:00:00 AM","2022 Dec 29 12:00:00 AM","4.433181","-75.211139","1,191","Microgramos por metro cúbico","ug/m3","1,440","73","Tolima","73001","Ibagué","Fija"
"8258","CORTOLIMA","CORTOLIMA","PM10","25.76","2022 Jan 18 12:00:00 AM","2022 Jan 19 12:00:00 AM","4.433181","-75.211139","1,191","Microgramos por metro cúbico","ug/m3","1,440","73","Tolima","73001","Ibagué","Fija"
"8258","CORTOLIMA","CORTOLIMA","PM10","23.83","2022 Jan 27 12:00:00 AM","2022 Jan 28 12:00:00 AM","4.433181","-75.211139","1,191","Microgramos por metro cúbico","ug/m3","1,440","73","Tolima","73001","Ibagué","Fija"
"31477","CORTOLIMA","POLICÍA DE CARRETERAS","PM10","20","2022 Feb 19 12:00:00 AM","2022 Feb 20 12:00:00 AM","4.435278","-75.202222","1,126","Microgramos por metro cúbico","ug/m3","1,440","73","Tolima","73001","Ibagué","Fija"
"8258","CORTOLIMA","CORTOLIMA","PM10","25.24","2022 Dec 07 12:00:00 AM","2022 Dec 08 12:00:00 AM","4.433181","-75.211139","1,191","Microgramos por metro cúbico","ug/m3","1,440","73","Tolima","73001","Ibagué","Fija"
"8258","CORTOLIMA","CORTOLIMA","PM10","24.44","2022 Mar 18 12:00:00 AM","2022 Mar 19 12:00:00 AM","4.433181","-75.211139","1,191","Microgramos por metro cúbico","ug/m3","1,440","73","Tolima","73001","Ibagué","Fija"
"8258","CORTOLIMA","CORTOLIMA","PM10","25.98","2022 Nov 27 12:00:00 AM","2022 Nov 28 12:00:00 AM","4.433181","-75.211139","1,191","Microgramos por metro cúbico","ug/m3","1,440","73","Tolima","73001","Ibagué","Fija"
"8258","CORTOLIMA","CORTOLIMA","PM10","26.42","2022 Aug 28 12:00:00 AM","2022 Aug 29 12:00:00 AM","4.433181","-75.211139","1,191","Microgramos por metro cúbico","ug/m3","1,440","73","Tolima","73001","Ibagué","Fija"
"8258","CORTOLIMA","CORTOLIMA","PM10","23.18","2022 Jun 17 12:00:00 AM","2022 Jun 18 12:00:00 AM","4.433181","-75.211139","1,191","Microgramos por metro cúbico","ug/m3","1,440","73","Tolima","73001","Ibagué","Fija"
"8258","CORTOLIMA","CORTOLIMA","PM10","26.8","2022 Sep 12 12:00:00 AM","2022 Sep 13 12:00:00 AM","4.433181","-75.211139","1,191","Microgramos por metro cúbico","ug/m3","1,440","73","Tolima","73001","Ibagué","Fija"
"8258","CORTOLIMA","CORTOLIMA","PM10","24.45","2022 Dec 12 12:00:00 AM","2022 Dec 13 12:00:00 AM","4.433181","-75.211139","1,191","Microgramos por metro cúbico","ug/m3","1,440","73","Tolima","73001","Ibagué","Fija"
"8258","CORTOLIMA","CORTOLIMA","PM10","26.42","2022 Aug 21 12:00:00 AM","2022 Aug 22 12:00:00 AM","4.433181","-75.211139","1,191","Microgramos por metro cúbico","ug/m3","1,440","73","Tolima","73001","Ibagué","Fija"
"8258","CORTOLIMA","CORTOLIMA","PM10","25.49","2022 Nov 07 12:00:00 AM","2022 Nov 08 12:00:00 AM","4.433181","-75.211139","1,191","Microgramos por metro cúbico","ug/m3","1,440","73","Tolima","73001","Ibagué","Fija"
"8258","CORTOLIMA","CORTOLIMA","PM10","23.79","2022 Dec 19 12:00:00 AM","2022 Dec 20 12:00:00 AM","4.433181","-75.211139","1,191","Microgramos por metro cúbico","ug/m3","1,440","73","Tolima","73001","Ibagué","Fija"
"8258","CORTOLIMA","CORTOLIMA","PM10","23.8","2022 Feb 10 12:00:00 AM","2022 Feb 11 12:00:00 AM","4.433181","-75.211139","1,191","Microgramos por metro cúbico","ug/m3","1,440","73","Tolima","73001","Ibagué","Fija"
"8258","CORTOLIMA","CORTOLIMA","PM10","23.49","2022 Sep 29 12:00:00 AM","2022 Sep 30 12:00:00 AM","4.433181","-75.211139","1,191","Microgramos por metro cúbico","ug/m3","1,440","73","Tolima","73001","Ibagué","Fija"
"8258","CORTOLIMA","CORTOLIMA","PM10","22.28","2022 Oct 30 12:00:00 AM","2022 Oct 31 12:00:00 AM","4.433181","-75.211139","1,191","Microgramos por metro cúbico","ug/m3","1,440","73","Tolima","73001","Ibagué","Fija"
"8258","CORTOLIMA","CORTOLIMA","PM10","28.53","2022 Aug 01 12:00:00 AM","2022 Aug 02 12:00:00 AM","4.433181","-75.211139","1,191","Microgramos por metro cúbico","ug/m3","1,440","73","Tolima","73001","Ibagué","Fija"
"31477","CORTOLIMA","POLICÍA DE CARRETERAS","PM10","22.99","2022 Dec 06 12:00:00 AM","2022 Dec 07 12:00:00 AM","4.435278","-75.202222","1,126","Microgramos por metro cúbico","ug/m3","1,440","73","Tolima","73001","Ibagué","Fija"
"31477","CORTOLIMA","POLICÍA DE CARRETERAS","PM10","24.19","2022 Jun 21 12:00:00 AM","2022 Jun 22 12:00:00 AM","4.435278","-75.202222","1,126","Microgramos por metro cúbico","ug/m3","1,440","73","Tolima","73001","Ibagué","Fija"
"8258","CORTOLIMA","CORTOLIMA","PM10","26.8","2022 Jul 30 12:00:00 AM","2022 Jul 31 12:00:00 AM","4.433181","-75.211139","1,191","Microgramos por metro cúbico","ug/m3","1,440","73","Tolima","73001","Ibagué","Fija"
"31477","CORTOLIMA","POLICÍA DE CARRETERAS","PM10","25.25","2022 Apr 26 12:00:00 AM","2022 Apr 27 12:00:00 AM","4.435278","-75.202222","1,126","Microgramos por metro cúbico","ug/m3","1,440","73","Tolima","73001","Ibagué","Fija"
"8258","CORTOLIMA","CORTOLIMA","PM10","22.77","2022 Dec 03 12:00:00 AM","2022 Dec 04 12:00:00 AM","4.433181","-75.211139","1,191","Microgramos por metro cúbico","ug/m3","1,440","73","Tolima","73001","Ibagué","Fija"
"8258","CORTOLIMA","CORTOLIMA","PM10","25.01","2022 Mar 17 12:00:00 AM","2022 Mar 18 12:00:00 AM","4.433181","-75.211139","1,191","Microgramos por metro cúbico","ug/m3","1,440","73","Tolima","73001","Ibagué","Fija"
"8258","CORTOLIMA","CORTOLIMA","PM10","24.58","2022 Feb 01 12:00:00 AM","2022 Feb 02 12:00:00 AM","4.433181","-75.211139","1,191","Microgramos por metro cúbico","ug/m3","1,440","73","Tolima","73001","Ibagué","Fija"
"8258","CORTOLIMA","CORTOLIMA","PM10","22.39","2022 Dec 04 12:00:00 AM","2022 Dec 05 12:00:00 AM","4.433181","-75.211139","1,191","Microgramos por metro cúbico","ug/m3","1,440","73","Tolima","73001","Ibagué","Fija"
"8258","CORTOLIMA","CORTOLIMA","PM10","24.54","2022 May 09 12:00:00 AM","2022 May 10 12:00:00 AM","4.433181","-75.211139","1,191","Microgramos por metro cúbico","ug/m3","1,440","73","Tolima","73001","Ibagué","Fija"
"8258","CORTOLIMA","CORTOLIMA","PM10","23.62","2022 Sep 30 12:00:00 AM","2022 Oct 01 12:00:00 AM","4.433181","-75.211139","1,191","Microgramos por metro cúbico","ug/m3","1,440","73","Tolima","73001","Ibagué","Fija"
"31477","CORTOLIMA","POLICÍA DE CARRETERAS","PM10","23","2022 Jan 17 12:00:00 AM","2022 Jan 18 12:00:00 AM","4.435278","-75.202222","1,126","Microgramos por metro cúbico","ug/m3","1,440","73","Tolima","73001","Ibagué","Fija"
"8258","CORTOLIMA","CORTOLIMA","PM10","25.84","2022 May 25 12:00:00 AM","2022 May 26 12:00:00 AM","4.433181","-75.211139","1,191","Microgramos por metro cúbico","ug/m3","1,440","73","Tolima","73001","Ibagué","Fija"
"8258","CORTOLIMA","CORTOLIMA","PM10","24.8","2022 May 26 12:00:00 AM","2022 May 27 12:00:00 AM","4.433181","-75.211139","1,191","Microgramos por metro cúbico","ug/m3","1,440","73","Tolima","73001","Ibagué","Fija"
"8258","CORTOLIMA","CORTOLIMA","PM10","22.01","2022 Apr 11 12:00:00 AM","2022 Apr 12 12:00:00 AM","4.433181","-75.211139","1,191","Microgramos por metro cúbico","ug/m3","1,440","73","Tolima","73001","Ibagué","Fija"
"8258","CORTOLIMA","CORTOLIMA","PM10","27.67","2022 Nov 19 12:00:00 AM","2022 Nov 20 12:00:00 AM","4.433181","-75.211139","1,191","Microgramos por metro cúbico","ug/m3","1,440","73","Tolima","73001","Ibagué","Fija"
"8258","CORTOLIMA","CORTOLIMA","PM10","22.69","2022 Mar 10 12:00:00 AM","2022 Mar 11 12:00:00 AM","4.433181","-75.211139","1,191","Microgramos por metro cúbico","ug/m3","1,440","73","Tolima","73001","Ibagué","Fija"
"8258","CORTOLIMA","CORTOLIMA","PM10","25.39","2022 Jan 17 12:00:00 AM","2022 Jan 18 12:00:00 AM","4.433181","-75.211139","1,191","Microgramos por metro cúbico","ug/m3","1,440","73","Tolima","73001","Ibagué","Fija"
"31477","CORTOLIMA","POLICÍA DE CARRETERAS","PM10","31.61","2022 Nov 03 12:00:00 AM","2022 Nov 04 12:00:00 AM","4.435278","-75.202222","1,126","Microgramos por metro cúbico","ug/m3","1,440","73","Tolima","73001","Ibagué","Fija"
"8258","CORTOLIMA","CORTOLIMA","PM10","22.96","2022 May 07 12:00:00 AM","2022 May 08 12:00:00 AM","4.433181","-75.211139","1,191","Microgramos por metro cúbico","ug/m3","1,440","73","Tolima","73001","Ibagué","Fija"
"8258","CORTOLIMA","CORTOLIMA","PM10","25.2","2022 Feb 15 12:00:00 AM","2022 Feb 16 12:00:00 AM","4.433181","-75.211139","1,191","Microgramos por metro cúbico","ug/m3","1,440","73","Tolima","73001","Ibagué","Fija"
"31477","CORTOLIMA","POLICÍA DE CARRETERAS","PM10","30.74","2022 Jun 09 12:00:00 AM","2022 Jun 10 12:00:00 AM","4.435278","-75.202222","1,126","Microgramos por metro cúbico","ug/m3","1,440","73","Tolima","73001","Ibagué","Fija"
"8258","CORTOLIMA","CORTOLIMA","PM10","20.36","2022 Jun 12 12:00:00 AM","2022 Jun 13 12:00:00 AM","4.433181","-75.211139","1,191","Microgramos por metro cúbico","ug/m3","1,440","73","Tolima","73001","Ibagué","Fija"
"8258","CORTOLIMA","CORTOLIMA","PM10","30.53","2022 Aug 04 12:00:00 AM","2022 Aug 05 12:00:00 AM","4.433181","-75.211139","1,191","Microgramos por metro cúbico","ug/m3","1,440","73","Tolima","73001","Ibagué","Fija"
"8258","CORTOLIMA","CORTOLIMA","PM10","26.95","2022 Sep 10 12:00:00 AM","2022 Sep 11 12:00:00 AM","4.433181","-75.211139","1,191","Microgramos por metro cúbico","ug/m3","1,440","73","Tolima","73001","Ibagué","Fija"
"8258","CORTOLIMA","CORTOLIMA","PM10","24.69","2022 Jan 10 12:00:00 AM","2022 Jan 11 12:00:00 AM","4.433181","-75.211139","1,191","Microgramos por metro cúbico","ug/m3","1,440","73","Tolima","73001","Ibagué","Fija"
"8258","CORTOLIMA","CORTOLIMA","PM10","26.19","2022 Mar 02 12:00:00 AM","2022 Mar 03 12:00:00 AM","4.433181","-75.211139","1,191","Microgramos por metro cúbico","ug/m3","1,440","73","Tolima","73001","Ibagué","Fija"
"8258","CORTOLIMA","CORTOLIMA","PM10","26.65","2022 Oct 20 12:00:00 AM","2022 Oct 21 12:00:00 AM","4.433181","-75.211139","1,191","Microgramos por metro cúbico","ug/m3","1,440","73","Tolima","73001","Ibagué","Fija"
"8258","CORTOLIMA","CORTOLIMA","PM10","24.18","2022 Jan 03 12:00:00 AM","2022 Jan 04 12:00:00 AM","4.433181","-75.211139","1,191","Microgramos por metro cúbico","ug/m3","1,440","73","Tolima","73001","Ibagué","Fija"
"8258","CORTOLIMA","CORTOLIMA","PM10","26.84","2022 May 18 12:00:00 AM","2022 May 19 12:00:00 AM","4.433181","-75.211139","1,191","Microgramos por metro cúbico","ug/m3","1,440","73","Tolima","73001","Ibagué","Fija"
"31477","CORTOLIMA","POLICÍA DE CARRETERAS","PM10","29.47","2022 Oct 16 12:00:00 AM","2022 Oct 17 12:00:00 AM","4.435278","-75.202222","1,126","Microgramos por metro cúbico","ug/m3","1,440","73","Tolima","73001","Ibagué","Fija"
"8258","CORTOLIMA","CORTOLIMA","PM10","19.94","2022 Apr 18 12:00:00 AM","2022 Apr 19 12:00:00 AM","4.433181","-75.211139","1,191","Microgramos por metro cúbico","ug/m3","1,440","73","Tolima","73001","Ibagué","Fija"
"8258","CORTOLIMA","CORTOLIMA","PM10","21.41","2022 Feb 06 12:00:00 AM","2022 Feb 07 12:00:00 AM","4.433181","-75.211139","1,191","Microgramos por metro cúbico","ug/m3","1,440","73","Tolima","73001","Ibagué","Fija"
"8258","CORTOLIMA","CORTOLIMA","PM10","26.16","2022 Nov 03 12:00:00 AM","2022 Nov 04 12:00:00 AM","4.433181","-75.211139","1,191","Microgramos por metro cúbico","ug/m3","1,440","73","Tolima","73001","Ibagué","Fija"
"31477","CORTOLIMA","POLICÍA DE CARRETERAS","PM10","31","2022 Jan 20 12:00:00 AM","2022 Jan 21 12:00:00 AM","4.435278","-75.202222","1,126","Microgramos por metro cúbico","ug/m3","1,440","73","Tolima","73001","Ibagué","Fija"
"31477","CORTOLIMA","POLICÍA DE CARRETERAS","PM10","20","2022 Feb 01 12:00:00 AM","2022 Feb 02 12:00:00 AM","4.435278","-75.202222","1,126","Microgramos por metro cúbico","ug/m3","1,440","73","Tolima","73001","Ibagué","Fija"
"31477","CORTOLIMA","POLICÍA DE CARRETERAS","PM10","28.52","2022 Jul 18 12:00:00 AM","2022 Jul 19 12:00:00 AM","4.435278","-75.202222","1,126","Microgramos por metro cúbico","ug/m3","1,440","73","Tolima","73001","Ibagué","Fija"
"31477","CORTOLIMA","POLICÍA DE CARRETERAS","PM10","21.51","2022 Sep 19 12:00:00 AM","2022 Sep 20 12:00:00 AM","4.435278","-75.202222","1,126","Microgramos por metro cúbico","ug/m3","1,440","73","Tolima","73001","Ibagué","Fija"
"31477","CORTOLIMA","POLICÍA DE CARRETERAS","PM10","28.17","2022 May 27 12:00:00 AM","2022 May 28 12:00:00 AM","4.435278","-75.202222","1,126","Microgramos por metro cúbico","ug/m3","1,440","73","Tolima","73001","Ibagué","Fija"
"8258","CORTOLIMA","CORTOLIMA","PM10","24.02","2022 Jun 21 12:00:00 AM","2022 Jun 22 12:00:00 AM","4.433181","-75.211139","1,191","Microgramos por metro cúbico","ug/m3","1,440","73","Tolima","73001","Ibagué","Fija"
"8258","CORTOLIMA","CORTOLIMA","PM10","28.35","2022 Aug 29 12:00:00 AM","2022 Aug 30 12:00:00 AM","4.433181","-75.211139","1,191","Microgramos por metro cúbico","ug/m3","1,440","73","Tolima","73001","Ibagué","Fija"
"8258","CORTOLIMA","CORTOLIMA","PM10","20.03","2022 Nov 22 12:00:00 AM","2022 Nov 23 12:00:00 AM","4.433181","-75.211139","1,191","Microgramos por metro cúbico","ug/m3","1,440","73","Tolima","73001","Ibagué","Fija"
"8258","CORTOLIMA","CORTOLIMA","PM10","28.28","2022 Aug 05 12:00:00 AM","2022 Aug 06 12:00:00 AM","4.433181","-75.211139","1,191","Microgramos por metro cúbico","ug/m3","1,440","73","Tolima","73001","Ibagué","Fija"
"8258","CORTOLIMA","CORTOLIMA","PM10","25.48","2022 Feb 09 12:00:00 AM","2022 Feb 10 12:00:00 AM","4.433181","-75.211139","1,191","Microgramos por metro cúbico","ug/m3","1,440","73","Tolima","73001","Ibagué","Fija"
"8258","CORTOLIMA","CORTOLIMA","PM10","26.09","2022 Dec 29 12:00:00 AM","2022 Dec 30 12:00:00 AM","4.433181","-75.211139","1,191","Microgramos por metro cúbico","ug/m3","1,440","73","Tolima","73001","Ibagué","Fija"
"8258","CORTOLIMA","CORTOLIMA","PM10","18.39","2022 Nov 23 12:00:00 AM","2022 Nov 24 12:00:00 AM","4.433181","-75.211139","1,191","Microgramos por metro cúbico","ug/m3","1,440","73","Tolima","73001","Ibagué","Fija"
"31477","CORTOLIMA","POLICÍA DE CARRETERAS","PM10","22.5","2022 Aug 26 12:00:00 AM","2022 Aug 27 12:00:00 AM","4.435278","-75.202222","1,126","Microgramos por metro cúbico","ug/m3","1,440","73","Tolima","73001","Ibagué","Fija"
"8258","CORTOLIMA","CORTOLIMA","PM10","21.53","2022 Jan 30 12:00:00 AM","2022 Jan 31 12:00:00 AM","4.433181","-75.211139","1,191","Microgramos por metro cúbico","ug/m3","1,440","73","Tolima","73001","Ibagué","Fija"
"8258","CORTOLIMA","CORTOLIMA","PM10","26.03","2022 Oct 14 12:00:00 AM","2022 Oct 15 12:00:00 AM","4.433181","-75.211139","1,191","Microgramos por metro cúbico","ug/m3","1,440","73","Tolima","73001","Ibagué","Fija"
"31477","CORTOLIMA","POLICÍA DE CARRETERAS","PM10","30.31","2022 Oct 04 12:00:00 AM","2022 Oct 05 12:00:00 AM","4.435278","-75.202222","1,126","Microgramos por metro cúbico","ug/m3","1,440","73","Tolima","73001","Ibagué","Fija"
"8258","CORTOLIMA","CORTOLIMA","PM10","26.35","2022 Jul 09 12:00:00 AM","2022 Jul 10 12:00:00 AM","4.433181","-75.211139","1,191","Microgramos por metro cúbico","ug/m3","1,440","73","Tolima","73001","Ibagué","Fija"
"8258","CORTOLIMA","CORTOLIMA","PM10","21.63","2022 Jun 05 12:00:00 AM","2022 Jun 06 12:00:00 AM","4.433181","-75.211139","1,191","Microgramos por metro cúbico","ug/m3","1,440","73","Tolima","73001","Ibagué","Fija"
"8258","CORTOLIMA","CORTOLIMA","PM10","23.38","2022 Mar 14 12:00:00 AM","2022 Mar 15 12:00:00 AM","4.433181","-75.211139","1,191","Microgramos por metro cúbico","ug/m3","1,440","73","Tolima","73001","Ibagué","Fija"
"8258","CORTOLIMA","CORTOLIMA","PM10","27.1","2022 Dec 27 12:00:00 AM","2022 Dec 28 12:00:00 AM","4.433181","-75.211139","1,191","Microgramos por metro cúbico","ug/m3","1,440","73","Tolima","73001","Ibagué","Fija"
"8258","CORTOLIMA","CORTOLIMA","PM10","28.65","2022 Aug 08 12:00:00 AM","2022 Aug 09 12:00:00 AM","4.433181","-75.211139","1,191","Microgramos por metro cúbico","ug/m3","1,440","73","Tolima","73001","Ibagué","Fija"
"8258","CORTOLIMA","CORTOLIMA","PM10","28.17","2022 Aug 25 12:00:00 AM","2022 Aug 26 12:00:00 AM","4.433181","-75.211139","1,191","Microgramos por metro cúbico","ug/m3","1,440","73","Tolima","73001","Ibagué","Fija"
"8258","CORTOLIMA","CORTOLIMA","PM10","24.26","2022 Jan 14 12:00:00 AM","2022 Jan 15 12:00:00 AM","4.433181","-75.211139","1,191","Microgramos por metro cúbico","ug/m3","1,440","73","Tolima","73001","Ibagué","Fija"
"8258","CORTOLIMA","CORTOLIMA","PM10","20.42","2022 Apr 15 12:00:00 AM","2022 Apr 16 12:00:00 AM","4.433181","-75.211139","1,191","Microgramos por metro cúbico","ug/m3","1,440","73","Tolima","73001","Ibagué","Fija"
"8258","CORTOLIMA","CORTOLIMA","PM10","18.67","2022 Apr 25 12:00:00 AM","2022 Apr 26 12:00:00 AM","4.433181","-75.211139","1,191","Microgramos por metro cúbico","ug/m3","1,440","73","Tolima","73001","Ibagué","Fija"
"31477","CORTOLIMA","POLICÍA DE CARRETERAS","PM10","21.25","2022 Oct 01 12:00:00 AM","2022 Oct 02 12:00:00 AM","4.435278","-75.202222","1,126","Microgramos por metro cúbico","ug/m3","1,440","73","Tolima","73001","Ibagué","Fija"
"8258","CORTOLIMA","CORTOLIMA","PM10","25.93","2022 Jun 22 12:00:00 AM","2022 Jun 23 12:00:00 AM","4.433181","-75.211139","1,191","Microgramos por metro cúbico","ug/m3","1,440","73","Tolima","73001","Ibagué","Fija"
"8258","CORTOLIMA","CORTOLIMA","PM10","25.61","2022 Jun 14 12:00:00 AM","2022 Jun 15 12:00:00 AM","4.433181","-75.211139","1,191","Microgramos por metro cúbico","ug/m3","1,440","73","Tolima","73001","Ibagué","Fija"
"8258","CORTOLIMA","CORTOLIMA","PM10","28.49","2022 Jul 24 12:00:00 AM","2022 Jul 25 12:00:00 AM","4.433181","-75.211139","1,191","Microgramos por metro cúbico","ug/m3","1,440","73","Tolima","73001","Ibagué","Fija"
"8258","CORTOLIMA","CORTOLIMA","PM10","23.19","2022 Jan 21 12:00:00 AM","2022 Jan 22 12:00:00 AM","4.433181","-75.211139","1,191","Microgramos por metro cúbico","ug/m3","1,440","73","Tolima","73001","Ibagué","Fija"
"8258","CORTOLIMA","CORTOLIMA","PM10","27.96","2022 Jul 04 12:00:00 AM","2022 Jul 05 12:00:00 AM","4.433181","-75.211139","1,191","Microgramos por metro cúbico","ug/m3","1,440","73","Tolima","73001","Ibagué","Fija"
"8258","CORTOLIMA","CORTOLIMA","PM10","25.78","2022 Nov 14 12:00:00 AM","2022 Nov 15 12:00:00 AM","4.433181","-75.211139","1,191","Microgramos por metro cúbico","ug/m3","1,440","73","Tolima","73001","Ibagué","Fija"
"31477","CORTOLIMA","POLICÍA DE CARRETERAS","PM10","33.49","2022 Oct 25 12:00:00 AM","2022 Oct 26 12:00:00 AM","4.435278","-75.202222","1,126","Microgramos por metro cúbico","ug/m3","1,440","73","Tolima","73001","Ibagué","Fija"
"8258","CORTOLIMA","CORTOLIMA","PM10","23.88","2022 Dec 30 12:00:00 AM","2022 Dec 31 12:00:00 AM","4.433181","-75.211139","1,191","Microgramos por metro cúbico","ug/m3","1,440","73","Tolima","73001","Ibagué","Fija"
"8258","CORTOLIMA","CORTOLIMA","PM10","22.95","2022 Feb 05 12:00:00 AM","2022 Feb 06 12:00:00 AM","4.433181","-75.211139","1,191","Microgramos por metro cúbico","ug/m3","1,440","73","Tolima","73001","Ibagué","Fija"
"8258","CORTOLIMA","CORTOLIMA","PM10","23.31","2022 Apr 28 12:00:00 AM","2022 Apr 29 12:00:00 AM","4.433181","-75.211139","1,191","Microgramos por metro cúbico","ug/m3","1,440","73","Tolima","73001","Ibagué","Fija"
"8258","CORTOLIMA","CORTOLIMA","PM10","26.31","2022 Nov 06 12:00:00 AM","2022 Nov 07 12:00:00 AM","4.433181","-75.211139","1,191","Microgramos por metro cúbico","ug/m3","1,440","73","Tolima","73001","Ibagué","Fija"
"8258","CORTOLIMA","CORTOLIMA","PM10","29.5","2022 Sep 08 12:00:00 AM","2022 Sep 09 12:00:00 AM","4.433181","-75.211139","1,191","Microgramos por metro cúbico","ug/m3","1,440","73","Tolima","73001","Ibagué","Fija"
"8258","CORTOLIMA","CORTOLIMA","PM10","22.51","2022 Jun 03 12:00:00 AM","2022 Jun 04 12:00:00 AM","4.433181","-75.211139","1,191","Microgramos por metro cúbico","ug/m3","1,440","73","Tolima","73001","Ibagué","Fija"
"31477","CORTOLIMA","POLICÍA DE CARRETERAS","PM10","27.22","2022 Apr 20 12:00:00 AM","2022 Apr 21 12:00:00 AM","4.435278","-75.202222","1,126","Microgramos por metro cúbico","ug/m3","1,440","73","Tolima","73001","Ibagué","Fija"
"8258","CORTOLIMA","CORTOLIMA","PM10","27.27","2022 Jul 07 12:00:00 AM","2022 Jul 08 12:00:00 AM","4.433181","-75.211139","1,191","Microgramos por metro cúbico","ug/m3","1,440","73","Tolima","73001","Ibagué","Fija"
"8258","CORTOLIMA","CORTOLIMA","PM10","18.84","2022 Mar 26 12:00:00 AM","2022 Mar 27 12:00:00 AM","4.433181","-75.211139","1,191","Microgramos por metro cúbico","ug/m3","1,440","73","Tolima","73001","Ibagué","Fija"
"8258","CORTOLIMA","CORTOLIMA","PM10","21.89","2022 Feb 20 12:00:00 AM","2022 Feb 21 12:00:00 AM","4.433181","-75.211139","1,191","Microgramos por metro cúbico","ug/m3","1,440","73","Tolima","73001","Ibagué","Fija"
"8258","CORTOLIMA","CORTOLIMA","PM10","29.42","2022 Jul 12 12:00:00 AM","2022 Jul 13 12:00:00 AM","4.433181","-75.211139","1,191","Microgramos por metro cúbico","ug/m3","1,440","73","Tolima","73001","Ibagué","Fija"
"8258","CORTOLIMA","CORTOLIMA","PM10","24.42","2022 Jun 02 12:00:00 AM","2022 Jun 03 12:00:00 AM","4.433181","-75.211139","1,191","Microgramos por metro cúbico","ug/m3","1,440","73","Tolima","73001","Ibagué","Fija"
"8258","CORTOLIMA","CORTOLIMA","PM10","17.59","2022 Apr 20 12:00:00 AM","2022 Apr 21 12:00:00 AM","4.433181","-75.211139","1,191","Microgramos por metro cúbico","ug/m3","1,440","73","Tolima","73001","Ibagué","Fija"
"8258","CORTOLIMA","CORTOLIMA","PM10","23.18","2022 Apr 07 12:00:00 AM","2022 Apr 08 12:00:00 AM","4.433181","-75.211139","1,191","Microgramos por metro cúbico","ug/m3","1,440","73","Tolima","73001","Ibagué","Fija"
"8258","CORTOLIMA","CORTOLIMA","PM10","26.7","2022 Oct 08 12:00:00 AM","2022 Oct 09 12:00:00 AM","4.433181","-75.211139","1,191","Microgramos por metro cúbico","ug/m3","1,440","73","Tolima","73001","Ibagué","Fija"
"8258","CORTOLIMA","CORTOLIMA","PM10","20.4","2022 Apr 29 12:00:00 AM","2022 Apr 30 12:00:00 AM","4.433181","-75.211139","1,191","Microgramos por metro cúbico","ug/m3","1,440","73","Tolima","73001","Ibagué","Fija"
"8258","CORTOLIMA","CORTOLIMA","PM10","22.06","2022 Mar 29 12:00:00 AM","2022 Mar 30 12:00:00 AM","4.433181","-75.211139","1,191","Microgramos por metro cúbico","ug/m3","1,440","73","Tolima","73001","Ibagué","Fija"
"8258","CORTOLIMA","CORTOLIMA","PM10","27.32","2022 Oct 26 12:00:00 AM","2022 Oct 27 12:00:00 AM","4.433181","-75.211139","1,191","Microgramos por metro cúbico","ug/m3","1,440","73","Tolima","73001","Ibagué","Fija"
"31477","CORTOLIMA","POLICÍA DE CARRETERAS","PM10","27.7","2022 May 03 12:00:00 AM","2022 May 04 12:00:00 AM","4.435278","-75.202222","1,126","Microgramos por metro cúbico","ug/m3","1,440","73","Tolima","73001","Ibagué","Fija"
"31477","CORTOLIMA","POLICÍA DE CARRETERAS","PM10","25.04","2022 Mar 30 12:00:00 AM","2022 Mar 31 12:00:00 AM","4.435278","-75.202222","1,126","Microgramos por metro cúbico","ug/m3","1,440","73","Tolima","73001","Ibagué","Fija"
"8258","CORTOLIMA","CORTOLIMA","PM10","29.52","2022 Aug 31 12:00:00 AM","2022 Sep 01 12:00:00 AM","4.433181","-75.211139","1,191","Microgramos por metro cúbico","ug/m3","1,440","73","Tolima","73001","Ibagué","Fija"
"8258","CORTOLIMA","CORTOLIMA","PM10","24.85","2022 May 24 12:00:00 AM","2022 May 25 12:00:00 AM","4.433181","-75.211139","1,191","Microgramos por metro cúbico","ug/m3","1,440","73","Tolima","73001","Ibagué","Fija"
"31477","CORTOLIMA","POLICÍA DE CARRETERAS","PM10","28.21","2022 Mar 09 12:00:00 AM","2022 Mar 10 12:00:00 AM","4.435278","-75.202222","1,126","Microgramos por metro cúbico","ug/m3","1,440","73","Tolima","73001","Ibagué","Fija"
"8258","CORTOLIMA","CORTOLIMA","PM10","31.09","2022 Oct 05 12:00:00 AM","2022 Oct 06 12:00:00 AM","4.433181","-75.211139","1,191","Microgramos por metro cúbico","ug/m3","1,440","73","Tolima","73001","Ibagué","Fija"
"8258","CORTOLIMA","CORTOLIMA","PM10","23.07","2022 Dec 02 12:00:00 AM","2022 Dec 03 12:00:00 AM","4.433181","-75.211139","1,191","Microgramos por metro cúbico","ug/m3","1,440","73","Tolima","73001","Ibagué","Fija"
"8258","CORTOLIMA","CORTOLIMA","PM10","24.57","2022 Dec 01 12:00:00 AM","2022 Dec 02 12:00:00 AM","4.433181","-75.211139","1,191","Microgramos por metro cúbico","ug/m3","1,440","73","Tolima","73001","Ibagué","Fija"
"8258","CORTOLIMA","CORTOLIMA","PM10","23.99","2022 Feb 11 12:00:00 AM","2022 Feb 12 12:00:00 AM","4.433181","-75.211139","1,191","Microgramos por metro cúbico","ug/m3","1,440","73","Tolima","73001","Ibagué","Fija"
"31477","CORTOLIMA","POLICÍA DE CARRETERAS","PM10","20.99","2022 Apr 05 12:00:00 AM","2022 Apr 06 12:00:00 AM","4.435278","-75.202222","1,126","Microgramos por metro cúbico","ug/m3","1,440","73","Tolima","73001","Ibagué","Fija"
"8258","CORTOLIMA","CORTOLIMA","PM10","28.55","2022 Aug 23 12:00:00 AM","2022 Aug 24 12:00:00 AM","4.433181","-75.211139","1,191","Microgramos por metro cúbico","ug/m3","1,440","73","Tolima","73001","Ibagué","Fija"
"31477","CORTOLIMA","POLICÍA DE CARRETERAS","PM10","28.61","2022 Apr 29 12:00:00 AM","2022 Apr 30 12:00:00 AM","4.435278","-75.202222","1,126","Microgramos por metro cúbico","ug/m3","1,440","73","Tolima","73001","Ibagué","Fija"
"8258","CORTOLIMA","CORTOLIMA","PM10","24.77","2022 Jan 31 12:00:00 AM","2022 Feb 01 12:00:00 AM","4.433181","-75.211139","1,191","Microgramos por metro cúbico","ug/m3","1,440","73","Tolima","73001","Ibagué","Fija"
"8258","CORTOLIMA","CORTOLIMA","PM10","24.5","2022 Mar 28 12:00:00 AM","2022 Mar 29 12:00:00 AM","4.433181","-75.211139","1,191","Microgramos por metro cúbico","ug/m3","1,440","73","Tolima","73001","Ibagué","Fija"
"31477","CORTOLIMA","POLICÍA DE CARRETERAS","PM10","33.36","2022 Jul 30 12:00:00 AM","2022 Jul 31 12:00:00 AM","4.435278","-75.202222","1,126","Microgramos por metro cúbico","ug/m3","1,440","73","Tolima","73001","Ibagué","Fija"
"8258","CORTOLIMA","CORTOLIMA","PM10","27.6","2022 Jul 21 12:00:00 AM","2022 Jul 22 12:00:00 AM","4.433181","-75.211139","1,191","Microgramos por metro cúbico","ug/m3","1,440","73","Tolima","73001","Ibagué","Fija"
"31477","CORTOLIMA","POLICÍA DE CARRETERAS","PM10","23.04","2022 Mar 06 12:00:00 AM","2022 Mar 07 12:00:00 AM","4.435278","-75.202222","1,126","Microgramos por metro cúbico","ug/m3","1,440","73","Tolima","73001","Ibagué","Fija"
"8258","CORTOLIMA","CORTOLIMA","PM10","27.08","2022 Jul 11 12:00:00 AM","2022 Jul 12 12:00:00 AM","4.433181","-75.211139","1,191","Microgramos por metro cúbico","ug/m3","1,440","73","Tolima","73001","Ibagué","Fija"
"8258","CORTOLIMA","CORTOLIMA","PM10","20.2","2022 Apr 26 12:00:00 AM","2022 Apr 27 12:00:00 AM","4.433181","-75.211139","1,191","Microgramos por metro cúbico","ug/m3","1,440","73","Tolima","73001","Ibagué","Fija"
"8258","CORTOLIMA","CORTOLIMA","PM10","23.77","2022 Jan 11 12:00:00 AM","2022 Jan 12 12:00:00 AM","4.433181","-75.211139","1,191","Microgramos por metro cúbico","ug/m3","1,440","73","Tolima","73001","Ibagué","Fija"
"8258","CORTOLIMA","CORTOLIMA","PM10","23.17","2022 Mar 25 12:00:00 AM","2022 Mar 26 12:00:00 AM","4.433181","-75.211139","1,191","Microgramos por metro cúbico","ug/m3","1,440","73","Tolima","73001","Ibagué","Fija"
"31477","CORTOLIMA","POLICÍA DE CARRETERAS","PM10","27.13","2022 Nov 06 12:00:00 AM","2022 Nov 07 12:00:00 AM","4.435278","-75.202222","1,126","Microgramos por metro cúbico","ug/m3","1,440","73","Tolima","73001","Ibagué","Fija"
"31477","CORTOLIMA","POLICÍA DE CARRETERAS","PM10","22.92","2022 Nov 15 12:00:00 AM","2022 Nov 16 12:00:00 AM","4.435278","-75.202222","1,126","Microgramos por metro cúbico","ug/m3","1,440","73","Tolima","73001","Ibagué","Fija"
"31477","CORTOLIMA","POLICÍA DE CARRETERAS","PM10","24.07","2022 Dec 18 12:00:00 AM","2022 Dec 19 12:00:00 AM","4.435278","-75.202222","1,126","Microgramos por metro cúbico","ug/m3","1,440","73","Tolima","73001","Ibagué","Fija"
"8258","CORTOLIMA","CORTOLIMA","PM10","25.99","2022 Sep 26 12:00:00 AM","2022 Sep 27 12:00:00 AM","4.433181","-75.211139","1,191","Microgramos por metro cúbico","ug/m3","1,440","73","Tolima","73001","Ibagué","Fija"
"8258","CORTOLIMA","CORTOLIMA","PM10","24.48","2022 Jun 09 12:00:00 AM","2022 Jun 10 12:00:00 AM","4.433181","-75.211139","1,191","Microgramos por metro cúbico","ug/m3","1,440","73","Tolima","73001","Ibagué","Fija"
"8258","CORTOLIMA","CORTOLIMA","PM10","26.99","2022 Jul 23 12:00:00 AM","2022 Jul 24 12:00:00 AM","4.433181","-75.211139","1,191","Microgramos por metro cúbico","ug/m3","1,440","73","Tolima","73001","Ibagué","Fija"
"8258","CORTOLIMA","CORTOLIMA","PM10","21.78","2022 Jun 18 12:00:00 AM","2022 Jun 19 12:00:00 AM","4.433181","-75.211139","1,191","Microgramos por metro cúbico","ug/m3","1,440","73","Tolima","73001","Ibagué","Fija"
"8258","CORTOLIMA","CORTOLIMA","PM10","23.88","2022 Dec 23 12:00:00 AM","2022 Dec 24 12:00:00 AM","4.433181","-75.211139","1,191","Microgramos por metro cúbico","ug/m3","1,440","73","Tolima","73001","Ibagué","Fija"
"31477","CORTOLIMA","POLICÍA DE CARRETERAS","PM10","23","2022 Feb 04 12:00:00 AM","2022 Feb 05 12:00:00 AM","4.435278","-75.202222","1,126","Microgramos por metro cúbico","ug/m3","1,440","73","Tolima","73001","Ibagué","Fija"
"8258","CORTOLIMA","CORTOLIMA","PM10","23.36","2022 Nov 24 12:00:00 AM","2022 Nov 25 12:00:00 AM","4.433181","-75.211139","1,191","Microgramos por metro cúbico","ug/m3","1,440","73","Tolima","73001","Ibagué","Fija"
"31477","CORTOLIMA","POLICÍA DE CARRETERAS","PM10","22.56","2022 Sep 25 12:00:00 AM","2022 Sep 26 12:00:00 AM","4.435278","-75.202222","1,126","Microgramos por metro cúbico","ug/m3","1,440","73","Tolima","73001","Ibagué","Fija"
"8258","CORTOLIMA","CORTOLIMA","PM10","23.98","2022 Feb 21 12:00:00 AM","2022 Feb 22 12:00:00 AM","4.433181","-75.211139","1,191","Microgramos por metro cúbico","ug/m3","1,440","73","Tolima","73001","Ibagué","Fija"
"8258","CORTOLIMA","CORTOLIMA","PM10","26.92","2022 Mar 16 12:00:00 AM","2022 Mar 17 12:00:00 AM","4.433181","-75.211139","1,191","Microgramos por metro cúbico","ug/m3","1,440","73","Tolima","73001","Ibagué","Fija"
"31477","CORTOLIMA","POLICÍA DE CARRETERAS","PM10","23.27","2022 Aug 23 12:00:00 AM","2022 Aug 24 12:00:00 AM","4.435278","-75.202222","1,126","Microgramos por metro cúbico","ug/m3","1,440","73","Tolima","73001","Ibagué","Fija"
"8258","CORTOLIMA","CORTOLIMA","PM10","21.81","2022 Jun 19 12:00:00 AM","2022 Jun 20 12:00:00 AM","4.433181","-75.211139","1,191","Microgramos por metro cúbico","ug/m3","1,440","73","Tolima","73001","Ibagué","Fija"
"8258","CORTOLIMA","CORTOLIMA","PM10","24.18","2022 Feb 24 12:00:00 AM","2022 Feb 25 12:00:00 AM","4.433181","-75.211139","1,191","Microgramos por metro cúbico","ug/m3","1,440","73","Tolima","73001","Ibagué","Fija"
"31477","CORTOLIMA","POLICÍA DE CARRETERAS","PM10","19.99","2022 Aug 02 12:00:00 AM","2022 Aug 03 12:00:00 AM","4.435278","-75.202222","1,126","Microgramos por metro cúbico","ug/m3","1,440","73","Tolima","73001","Ibagué","Fija"
"31477","CORTOLIMA","POLICÍA DE CARRETERAS","PM10","18","2022 Feb 22 12:00:00 AM","2022 Feb 23 12:00:00 AM","4.435278","-75.202222","1,126","Microgramos por metro cúbico","ug/m3","1,440","73","Tolima","73001","Ibagué","Fija"
"8258","CORTOLIMA","CORTOLIMA","PM10","20.81","2022 Mar 12 12:00:00 AM","2022 Mar 13 12:00:00 AM","4.433181","-75.211139","1,191","Microgramos por metro cúbico","ug/m3","1,440","73","Tolima","73001","Ibagué","Fija"
"8258","CORTOLIMA","CORTOLIMA","PM10","21.03","2022 Apr 12 12:00:00 AM","2022 Apr 13 12:00:00 AM","4.433181","-75.211139","1,191","Microgramos por metro cúbico","ug/m3","1,440","73","Tolima","73001","Ibagué","Fija"
"31477","CORTOLIMA","POLICÍA DE CARRETERAS","PM10","22","2022 Jan 29 12:00:00 AM","2022 Jan 30 12:00:00 AM","4.435278","-75.202222","1,126","Microgramos por metro cúbico","ug/m3","1,440","73","Tolima","73001","Ibagué","Fija"
"31477","CORTOLIMA","POLICÍA DE CARRETERAS","PM10","25.17","2022 Dec 15 12:00:00 AM","2022 Dec 16 12:00:00 AM","4.435278","-75.202222","1,126","Microgramos por metro cúbico","ug/m3","1,440","73","Tolima","73001","Ibagué","Fija"
"31477","CORTOLIMA","POLICÍA DE CARRETERAS","PM10","23.23","2022 May 21 12:00:00 AM","2022 May 22 12:00:00 AM","4.435278","-75.202222","1,126","Microgramos por metro cúbico","ug/m3","1,440","73","Tolima","73001","Ibagué","Fija"
"31477","CORTOLIMA","POLICÍA DE CARRETERAS","PM10","26.39","2022 May 18 12:00:00 AM","2022 May 19 12:00:00 AM","4.435278","-75.202222","1,126","Microgramos por metro cúbico","ug/m3","1,440","73","Tolima","73001","Ibagué","Fija"
"8258","CORTOLIMA","CORTOLIMA","PM10","22.88","2022 Oct 09 12:00:00 AM","2022 Oct 10 12:00:00 AM","4.433181","-75.211139","1,191","Microgramos por metro cúbico","ug/m3","1,440","73","Tolima","73001","Ibagué","Fija"
"8258","CORTOLIMA","CORTOLIMA","PM10","26.09","2022 Jan 19 12:00:00 AM","2022 Jan 20 12:00:00 AM","4.433181","-75.211139","1,191","Microgramos por metro cúbico","ug/m3","1,440","73","Tolima","73001","Ibagué","Fija"
"8258","CORTOLIMA","CORTOLIMA","PM10","20.15","2022 Mar 30 12:00:00 AM","2022 Mar 31 12:00:00 AM","4.433181","-75.211139","1,191","Microgramos por metro cúbico","ug/m3","1,440","73","Tolima","73001","Ibagué","Fija"
"31477","CORTOLIMA","POLICÍA DE CARRETERAS","PM10","17.2","2022 Jun 12 12:00:00 AM","2022 Jun 13 12:00:00 AM","4.435278","-75.202222","1,126","Microgramos por metro cúbico","ug/m3","1,440","73","Tolima","73001","Ibagué","Fija"
"8258","CORTOLIMA","CORTOLIMA","PM10","20.54","2022 Apr 09 12:00:00 AM","2022 Apr 10 12:00:00 AM","4.433181","-75.211139","1,191","Microgramos por metro cúbico","ug/m3","1,440","73","Tolima","73001","Ibagué","Fija"
"8258","CORTOLIMA","CORTOLIMA","PM10","25.12","2022 Feb 07 12:00:00 AM","2022 Feb 08 12:00:00 AM","4.433181","-75.211139","1,191","Microgramos por metro cúbico","ug/m3","1,440","73","Tolima","73001","Ibagué","Fija"
"8258","CORTOLIMA","CORTOLIMA","PM10","25.11","2022 May 12 12:00:00 AM","2022 May 13 12:00:00 AM","4.433181","-75.211139","1,191","Microgramos por metro cúbico","ug/m3","1,440","73","Tolima","73001","Ibagué","Fija"
"8258","CORTOLIMA","CORTOLIMA","PM10","26.55","2022 Oct 11 12:00:00 AM","2022 Oct 12 12:00:00 AM","4.433181","-75.211139","1,191","Microgramos por metro cúbico","ug/m3","1,440","73","Tolima","73001","Ibagué","Fija"
"8258","CORTOLIMA","CORTOLIMA","PM10","22.76","2022 Mar 01 12:00:00 AM","2022 Mar 02 12:00:00 AM","4.433181","-75.211139","1,191","Microgramos por metro cúbico","ug/m3","1,440","73","Tolima","73001","Ibagué","Fija"
"8258","CORTOLIMA","CORTOLIMA","PM10","23.33","2022 Mar 07 12:00:00 AM","2022 Mar 08 12:00:00 AM","4.433181","-75.211139","1,191","Microgramos por metro cúbico","ug/m3","1,440","73","Tolima","73001","Ibagué","Fija"
"8258","CORTOLIMA","CORTOLIMA","PM10","22.39","2022 Feb 12 12:00:00 AM","2022 Feb 13 12:00:00 AM","4.433181","-75.211139","1,191","Microgramos por metro cúbico","ug/m3","1,440","73","Tolima","73001","Ibagué","Fija"
"8258","CORTOLIMA","CORTOLIMA","PM10","20.65","2022 Mar 06 12:00:00 AM","2022 Mar 07 12:00:00 AM","4.433181","-75.211139","1,191","Microgramos por metro cúbico","ug/m3","1,440","73","Tolima","73001","Ibagué","Fija"
"8258","CORTOLIMA","CORTOLIMA","PM10","22.74","2022 Dec 24 12:00:00 AM","2022 Dec 25 12:00:00 AM","4.433181","-75.211139","1,191","Microgramos por metro cúbico","ug/m3","1,440","73","Tolima","73001","Ibagué","Fija"
"8258","CORTOLIMA","CORTOLIMA","PM10","24","2022 May 16 12:00:00 AM","2022 May 17 12:00:00 AM","4.433181","-75.211139","1,191","Microgramos por metro cúbico","ug/m3","1,440","73","Tolima","73001","Ibagué","Fija"
"8258","CORTOLIMA","CORTOLIMA","PM10","24.66","2022 May 23 12:00:00 AM","2022 May 24 12:00:00 AM","4.433181","-75.211139","1,191","Microgramos por metro cúbico","ug/m3","1,440","73","Tolima","73001","Ibagué","Fija"
"8258","CORTOLIMA","CORTOLIMA","PM10","21.47","2022 May 06 12:00:00 AM","2022 May 07 12:00:00 AM","4.433181","-75.211139","1,191","Microgramos por metro cúbico","ug/m3","1,440","73","Tolima","73001","Ibagué","Fija"
"8258","CORTOLIMA","CORTOLIMA","PM10","22.05","2022 Jan 07 12:00:00 AM","2022 Jan 08 12:00:00 AM","4.433181","-75.211139","1,191","Microgramos por metro cúbico","ug/m3","1,440","73","Tolima","73001","Ibagué","Fija"
"8258","CORTOLIMA","CORTOLIMA","PM10","24.5","2022 Feb 28 12:00:00 AM","2022 Mar 01 12:00:00 AM","4.433181","-75.211139","1,191","Microgramos por metro cúbico","ug/m3","1,440","73","Tolima","73001","Ibagué","Fija"
"8258","CORTOLIMA","CORTOLIMA","PM10","27.42","2022 Aug 07 12:00:00 AM","2022 Aug 08 12:00:00 AM","4.433181","-75.211139","1,191","Microgramos por metro cúbico","ug/m3","1,440","73","Tolima","73001","Ibagué","Fija"
"31477","CORTOLIMA","POLICÍA DE CARRETERAS","PM10","22.71","2022 Oct 13 12:00:00 AM","2022 Oct 14 12:00:00 AM","4.435278","-75.202222","1,126","Microgramos por metro cúbico","ug/m3","1,440","73","Tolima","73001","Ibagué","Fija"
"8258","CORTOLIMA","CORTOLIMA","PM10","26.79","2022 Nov 10 12:00:00 AM","2022 Nov 11 12:00:00 AM","4.433181","-75.211139","1,191","Microgramos por metro cúbico","ug/m3","1,440","73","Tolima","73001","Ibagué","Fija"
"8258","CORTOLIMA","CORTOLIMA","PM10","27.07","2022 Nov 18 12:00:00 AM","2022 Nov 19 12:00:00 AM","4.433181","-75.211139","1,191","Microgramos por metro cúbico","ug/m3","1,440","73","Tolima","73001","Ibagué","Fija"
"8258","CORTOLIMA","CORTOLIMA","PM10","27.73","2022 Sep 16 12:00:00 AM","2022 Sep 17 12:00:00 AM","4.433181","-75.211139","1,191","Microgramos por metro cúbico","ug/m3","1,440","73","Tolima","73001","Ibagué","Fija"
"8258","CORTOLIMA","CORTOLIMA","PM10","30.83","2022 Aug 03 12:00:00 AM","2022 Aug 04 12:00:00 AM","4.433181","-75.211139","1,191","Microgramos por metro cúbico","ug/m3","1,440","73","Tolima","73001","Ibagué","Fija"
"8258","CORTOLIMA","CORTOLIMA","PM10","28.64","2022 Nov 05 12:00:00 AM","2022 Nov 06 12:00:00 AM","4.433181","-75.211139","1,191","Microgramos por metro cúbico","ug/m3","1,440","73","Tolima","73001","Ibagué","Fija"
"8258","CORTOLIMA","CORTOLIMA","PM10","24.09","2022 Jun 30 12:00:00 AM","2022 Jul 01 12:00:00 AM","4.433181","-75.211139","1,191","Microgramos por metro cúbico","ug/m3","1,440","73","Tolima","73001","Ibagué","Fija"
"8258","CORTOLIMA","CORTOLIMA","PM10","22.13","2022 Jan 22 12:00:00 AM","2022 Jan 23 12:00:00 AM","4.433181","-75.211139","1,191","Microgramos por metro cúbico","ug/m3","1,440","73","Tolima","73001","Ibagué","Fija"
"8258","CORTOLIMA","CORTOLIMA","PM10","23.09","2022 Nov 28 12:00:00 AM","2022 Nov 29 12:00:00 AM","4.433181","-75.211139","1,191","Microgramos por metro cúbico","ug/m3","1,440","73","Tolima","73001","Ibagué","Fija"
"8258","CORTOLIMA","CORTOLIMA","PM10","22.35","2022 Jun 20 12:00:00 AM","2022 Jun 21 12:00:00 AM","4.433181","-75.211139","1,191","Microgramos por metro cúbico","ug/m3","1,440","73","Tolima","73001","Ibagué","Fija"
"8258","CORTOLIMA","CORTOLIMA","PM10","24.5","2022 Dec 14 12:00:00 AM","2022 Dec 15 12:00:00 AM","4.433181","-75.211139","1,191","Microgramos por metro cúbico","ug/m3","1,440","73","Tolima","73001","Ibagué","Fija"
"8258","CORTOLIMA","CORTOLIMA","PM10","26.62","2022 Nov 11 12:00:00 AM","2022 Nov 12 12:00:00 AM","4.433181","-75.211139","1,191","Microgramos por metro cúbico","ug/m3","1,440","73","Tolima","73001","Ibagué","Fija"
"8258","CORTOLIMA","CORTOLIMA","PM10","26.47","2022 Jun 06 12:00:00 AM","2022 Jun 07 12:00:00 AM","4.433181","-75.211139","1,191","Microgramos por metro cúbico","ug/m3","1,440","73","Tolima","73001","Ibagué","Fija"
"8258","CORTOLIMA","CORTOLIMA","PM10","20.82","2022 Apr 08 12:00:00 AM","2022 Apr 09 12:00:00 AM","4.433181","-75.211139","1,191","Microgramos por metro cúbico","ug/m3","1,440","73","Tolima","73001","Ibagué","Fija"
"8258","CORTOLIMA","CORTOLIMA","PM10","24.31","2022 Jan 06 12:00:00 AM","2022 Jan 07 12:00:00 AM","4.433181","-75.211139","1,191","Microgramos por metro cúbico","ug/m3","1,440","73","Tolima","73001","Ibagué","Fija"
"31477","CORTOLIMA","POLICÍA DE CARRETERAS","PM10","28.24","2022 Nov 24 12:00:00 AM","2022 Nov 25 12:00:00 AM","4.435278","-75.202222","1,126","Microgramos por metro cúbico","ug/m3","1,440","73","Tolima","73001","Ibagué","Fija"
"8258","CORTOLIMA","CORTOLIMA","PM10","24.9","2022 Jan 13 12:00:00 AM","2022 Jan 14 12:00:00 AM","4.433181","-75.211139","1,191","Microgramos por metro cúbico","ug/m3","1,440","73","Tolima","73001","Ibagué","Fija"
"8258","CORTOLIMA","CORTOLIMA","PM10","24.17","2022 May 30 12:00:00 AM","2022 May 31 12:00:00 AM","4.433181","-75.211139","1,191","Microgramos por metro cúbico","ug/m3","1,440","73","Tolima","73001","Ibagué","Fija"
"31477","CORTOLIMA","POLICÍA DE CARRETERAS","PM10","24.55","2022 Jun 18 12:00:00 AM","2022 Jun 19 12:00:00 AM","4.435278","-75.202222","1,126","Microgramos por metro cúbico","ug/m3","1,440","73","Tolima","73001","Ibagué","Fija"
"31477","CORTOLIMA","POLICÍA DE CARRETERAS","PM10","25.21","2022 Dec 21 12:00:00 AM","2022 Dec 22 12:00:00 AM","4.435278","-75.202222","1,126","Microgramos por metro cúbico","ug/m3","1,440","73","Tolima","73001","Ibagué","Fija"
"8258","CORTOLIMA","CORTOLIMA","PM10","21.63","2022 Mar 19 12:00:00 AM","2022 Mar 20 12:00:00 AM","4.433181","-75.211139","1,191","Microgramos por metro cúbico","ug/m3","1,440","73","Tolima","73001","Ibagué","Fija"
"8258","CORTOLIMA","CORTOLIMA","PM10","19.01","2022 Apr 16 12:00:00 AM","2022 Apr 17 12:00:00 AM","4.433181","-75.211139","1,191","Microgramos por metro cúbico","ug/m3","1,440","73","Tolima","73001","Ibagué","Fija"
"8258","CORTOLIMA","CORTOLIMA","PM10","31.77","2023 May 22 12:00:00 AM","2023 May 23 12:00:00 AM","4.433181","-75.211139","1,191","Microgramos por metro cúbico","ug/m3","1,440","73","Tolima","73001","Ibagué","Fija"
"8258","CORTOLIMA","CORTOLIMA","PM10","31.89","2023 Aug 21 12:00:00 AM","2023 Aug 22 12:00:00 AM","4.433181","-75.211139","1,191","Microgramos por metro cúbico","ug/m3","1,440","73","Tolima","73001","Ibagué","Fija"
"8258","CORTOLIMA","CORTOLIMA","PM10","28","2023 Dec 14 12:00:00 AM","2023 Dec 15 12:00:00 AM","4.433181","-75.211139","1,191","Microgramos por metro cúbico","ug/m3","1,440","73","Tolima","73001","Ibagué","Fija"
"8258","CORTOLIMA","CORTOLIMA","PM10","34.77","2023 Jul 04 12:00:00 AM","2023 Jul 05 12:00:00 AM","4.433181","-75.211139","1,191","Microgramos por metro cúbico","ug/m3","1,440","73","Tolima","73001","Ibagué","Fija"
"8258","CORTOLIMA","CORTOLIMA","PM10","34.22","2023 Jun 27 12:00:00 AM","2023 Jun 28 12:00:00 AM","4.433181","-75.211139","1,191","Microgramos por metro cúbico","ug/m3","1,440","73","Tolima","73001","Ibagué","Fija"
"8258","CORTOLIMA","CORTOLIMA","PM10","39.7","2023 Jul 31 12:00:00 AM","2023 Aug 01 12:00:00 AM","4.433181","-75.211139","1,191","Microgramos por metro cúbico","ug/m3","1,440","73","Tolima","73001","Ibagué","Fija"
"8258","CORTOLIMA","CORTOLIMA","PM10","32.89","2023 May 13 12:00:00 AM","2023 May 14 12:00:00 AM","4.433181","-75.211139","1,191","Microgramos por metro cúbico","ug/m3","1,440","73","Tolima","73001","Ibagué","Fija"
"8258","CORTOLIMA","CORTOLIMA","PM10","27.05","2023 Oct 06 12:00:00 AM","2023 Oct 07 12:00:00 AM","4.433181","-75.211139","1,191","Microgramos por metro cúbico","ug/m3","1,440","73","Tolima","73001","Ibagué","Fija"
"8258","CORTOLIMA","CORTOLIMA","PM10","30.72","2023 Dec 18 12:00:00 AM","2023 Dec 19 12:00:00 AM","4.433181","-75.211139","1,191","Microgramos por metro cúbico","ug/m3","1,440","73","Tolima","73001","Ibagué","Fija"
"8258","CORTOLIMA","CORTOLIMA","PM10","24.31","2023 Jan 02 12:00:00 AM","2023 Jan 03 12:00:00 AM","4.433181","-75.211139","1,191","Microgramos por metro cúbico","ug/m3","1,440","73","Tolima","73001","Ibagué","Fija"
"8258","CORTOLIMA","CORTOLIMA","PM10","28.91","2023 Oct 31 12:00:00 AM","2023 Nov 01 12:00:00 AM","4.433181","-75.211139","1,191","Microgramos por metro cúbico","ug/m3","1,440","73","Tolima","73001","Ibagué","Fija"
"8258","CORTOLIMA","CORTOLIMA","PM10","32.38","2023 Nov 02 12:00:00 AM","2023 Nov 03 12:00:00 AM","4.433181","-75.211139","1,191","Microgramos por metro cúbico","ug/m3","1,440","73","Tolima","73001","Ibagué","Fija"
"8258","CORTOLIMA","CORTOLIMA","PM10","31.57","2023 Aug 19 12:00:00 AM","2023 Aug 20 12:00:00 AM","4.433181","-75.211139","1,191","Microgramos por metro cúbico","ug/m3","1,440","73","Tolima","73001","Ibagué","Fija"
"8258","CORTOLIMA","CORTOLIMA","PM10","24.45","2023 Apr 30 12:00:00 AM","2023 May 01 12:00:00 AM","4.433181","-75.211139","1,191","Microgramos por metro cúbico","ug/m3","1,440","73","Tolima","73001","Ibagué","Fija"
"8258","CORTOLIMA","CORTOLIMA","PM10","33.94","2023 May 30 12:00:00 AM","2023 May 31 12:00:00 AM","4.433181","-75.211139","1,191","Microgramos por metro cúbico","ug/m3","1,440","73","Tolima","73001","Ibagué","Fija"
"8258","CORTOLIMA","CORTOLIMA","PM10","26.85","2023 Jul 01 12:00:00 AM","2023 Jul 02 12:00:00 AM","4.433181","-75.211139","1,191","Microgramos por metro cúbico","ug/m3","1,440","73","Tolima","73001","Ibagué","Fija"
"8258","CORTOLIMA","CORTOLIMA","PM10","30.16","2023 May 01 12:00:00 AM","2023 May 02 12:00:00 AM","4.433181","-75.211139","1,191","Microgramos por metro cúbico","ug/m3","1,440","73","Tolima","73001","Ibagué","Fija"
"8258","CORTOLIMA","CORTOLIMA","PM10","28.02","2023 Dec 26 12:00:00 AM","2023 Dec 27 12:00:00 AM","4.433181","-75.211139","1,191","Microgramos por metro cúbico","ug/m3","1,440","73","Tolima","73001","Ibagué","Fija"
"8258","CORTOLIMA","CORTOLIMA","PM10","29.88","2023 Mar 17 12:00:00 AM","2023 Mar 18 12:00:00 AM","4.433181","-75.211139","1,191","Microgramos por metro cúbico","ug/m3","1,440","73","Tolima","73001","Ibagué","Fija"
"8258","CORTOLIMA","CORTOLIMA","PM10","28.81","2023 Jan 24 12:00:00 AM","2023 Jan 25 12:00:00 AM","4.433181","-75.211139","1,191","Microgramos por metro cúbico","ug/m3","1,440","73","Tolima","73001","Ibagué","Fija"
"8258","CORTOLIMA","CORTOLIMA","PM10","26.26","2023 Oct 01 12:00:00 AM","2023 Oct 02 12:00:00 AM","4.433181","-75.211139","1,191","Microgramos por metro cúbico","ug/m3","1,440","73","Tolima","73001","Ibagué","Fija"
"8258","CORTOLIMA","CORTOLIMA","PM10","27.92","2023 Oct 10 12:00:00 AM","2023 Oct 11 12:00:00 AM","4.433181","-75.211139","1,191","Microgramos por metro cúbico","ug/m3","1,440","73","Tolima","73001","Ibagué","Fija"
"8258","CORTOLIMA","CORTOLIMA","PM10","29.64","2023 Nov 08 12:00:00 AM","2023 Nov 09 12:00:00 AM","4.433181","-75.211139","1,191","Microgramos por metro cúbico","ug/m3","1,440","73","Tolima","73001","Ibagué","Fija"
"8258","CORTOLIMA","CORTOLIMA","PM10","27.05","2023 Nov 19 12:00:00 AM","2023 Nov 20 12:00:00 AM","4.433181","-75.211139","1,191","Microgramos por metro cúbico","ug/m3","1,440","73","Tolima","73001","Ibagué","Fija"
"8258","CORTOLIMA","CORTOLIMA","PM10","26.26","2023 Feb 02 12:00:00 AM","2023 Feb 03 12:00:00 AM","4.433181","-75.211139","1,191","Microgramos por metro cúbico","ug/m3","1,440","73","Tolima","73001","Ibagué","Fija"
"8258","CORTOLIMA","CORTOLIMA","PM10","27.01","2023 Oct 09 12:00:00 AM","2023 Oct 10 12:00:00 AM","4.433181","-75.211139","1,191","Microgramos por metro cúbico","ug/m3","1,440","73","Tolima","73001","Ibagué","Fija"
"8258","CORTOLIMA","CORTOLIMA","PM10","34.63","2023 Aug 23 12:00:00 AM","2023 Aug 24 12:00:00 AM","4.433181","-75.211139","1,191","Microgramos por metro cúbico","ug/m3","1,440","73","Tolima","73001","Ibagué","Fija"
"8258","CORTOLIMA","CORTOLIMA","PM10","33.75","2023 May 16 12:00:00 AM","2023 May 17 12:00:00 AM","4.433181","-75.211139","1,191","Microgramos por metro cúbico","ug/m3","1,440","73","Tolima","73001","Ibagué","Fija"
"8258","CORTOLIMA","CORTOLIMA","PM10","35.41","2023 Sep 29 12:00:00 AM","2023 Sep 30 12:00:00 AM","4.433181","-75.211139","1,191","Microgramos por metro cúbico","ug/m3","1,440","73","Tolima","73001","Ibagué","Fija"
"8258","CORTOLIMA","CORTOLIMA","PM10","31.12","2023 Sep 22 12:00:00 AM","2023 Sep 23 12:00:00 AM","4.433181","-75.211139","1,191","Microgramos por metro cúbico","ug/m3","1,440","73","Tolima","73001","Ibagué","Fija"
"8258","CORTOLIMA","CORTOLIMA","PM10","30.38","2023 Jun 25 12:00:00 AM","2023 Jun 26 12:00:00 AM","4.433181","-75.211139","1,191","Microgramos por metro cúbico","ug/m3","1,440","73","Tolima","73001","Ibagué","Fija"
"8258","CORTOLIMA","CORTOLIMA","PM10","24.35","2023 Jan 29 12:00:00 AM","2023 Jan 30 12:00:00 AM","4.433181","-75.211139","1,191","Microgramos por metro cúbico","ug/m3","1,440","73","Tolima","73001","Ibagué","Fija"
"8258","CORTOLIMA","CORTOLIMA","PM10","38.86","2023 Jul 19 12:00:00 AM","2023 Jul 20 12:00:00 AM","4.433181","-75.211139","1,191","Microgramos por metro cúbico","ug/m3","1,440","73","Tolima","73001","Ibagué","Fija"
"8258","CORTOLIMA","CORTOLIMA","PM10","33.99","2023 Jul 11 12:00:00 AM","2023 Jul 12 12:00:00 AM","4.433181","-75.211139","1,191","Microgramos por metro cúbico","ug/m3","1,440","73","Tolima","73001","Ibagué","Fija"
"8258","CORTOLIMA","CORTOLIMA","PM10","32.15","2023 Aug 18 12:00:00 AM","2023 Aug 19 12:00:00 AM","4.433181","-75.211139","1,191","Microgramos por metro cúbico","ug/m3","1,440","73","Tolima","73001","Ibagué","Fija"
"8258","CORTOLIMA","CORTOLIMA","PM10","32.34","2023 Dec 20 12:00:00 AM","2023 Dec 21 12:00:00 AM","4.433181","-75.211139","1,191","Microgramos por metro cúbico","ug/m3","1,440","73","Tolima","73001","Ibagué","Fija"
"8258","CORTOLIMA","CORTOLIMA","PM10","24.68","2023 Jan 16 12:00:00 AM","2023 Jan 17 12:00:00 AM","4.433181","-75.211139","1,191","Microgramos por metro cúbico","ug/m3","1,440","73","Tolima","73001","Ibagué","Fija"
"8258","CORTOLIMA","CORTOLIMA","PM10","28.67","2023 Dec 01 12:00:00 AM","2023 Dec 02 12:00:00 AM","4.433181","-75.211139","1,191","Microgramos por metro cúbico","ug/m3","1,440","73","Tolima","73001","Ibagué","Fija"
"8258","CORTOLIMA","CORTOLIMA","PM10","37.41","2023 Sep 25 12:00:00 AM","2023 Sep 26 12:00:00 AM","4.433181","-75.211139","1,191","Microgramos por metro cúbico","ug/m3","1,440","73","Tolima","73001","Ibagué","Fija"
"8258","CORTOLIMA","CORTOLIMA","PM10","26.97","2023 Apr 20 12:00:00 AM","2023 Apr 21 12:00:00 AM","4.433181","-75.211139","1,191","Microgramos por metro cúbico","ug/m3","1,440","73","Tolima","73001","Ibagué","Fija"
"8258","CORTOLIMA","CORTOLIMA","PM10","30.18","2023 Jul 23 12:00:00 AM","2023 Jul 24 12:00:00 AM","4.433181","-75.211139","1,191","Microgramos por metro cúbico","ug/m3","1,440","73","Tolima","73001","Ibagué","Fija"
"8258","CORTOLIMA","CORTOLIMA","PM10","32.74","2023 Dec 19 12:00:00 AM","2023 Dec 20 12:00:00 AM","4.433181","-75.211139","1,191","Microgramos por metro cúbico","ug/m3","1,440","73","Tolima","73001","Ibagué","Fija"
"8258","CORTOLIMA","CORTOLIMA","PM10","23.15","2023 Jan 07 12:00:00 AM","2023 Jan 08 12:00:00 AM","4.433181","-75.211139","1,191","Microgramos por metro cúbico","ug/m3","1,440","73","Tolima","73001","Ibagué","Fija"
"8258","CORTOLIMA","CORTOLIMA","PM10","30.7","2023 Apr 10 12:00:00 AM","2023 Apr 11 12:00:00 AM","4.433181","-75.211139","1,191","Microgramos por metro cúbico","ug/m3","1,440","73","Tolima","73001","Ibagué","Fija"
"8258","CORTOLIMA","CORTOLIMA","PM10","24.3","2023 Jan 05 12:00:00 AM","2023 Jan 06 12:00:00 AM","4.433181","-75.211139","1,191","Microgramos por metro cúbico","ug/m3","1,440","73","Tolima","73001","Ibagué","Fija"
"8258","CORTOLIMA","CORTOLIMA","PM10","30.34","2023 Dec 27 12:00:00 AM","2023 Dec 28 12:00:00 AM","4.433181","-75.211139","1,191","Microgramos por metro cúbico","ug/m3","1,440","73","Tolima","73001","Ibagué","Fija"
"8258","CORTOLIMA","CORTOLIMA","PM10","25.93","2023 Jan 23 12:00:00 AM","2023 Jan 24 12:00:00 AM","4.433181","-75.211139","1,191","Microgramos por metro cúbico","ug/m3","1,440","73","Tolima","73001","Ibagué","Fija"
"8258","CORTOLIMA","CORTOLIMA","PM10","28.21","2023 May 06 12:00:00 AM","2023 May 07 12:00:00 AM","4.433181","-75.211139","1,191","Microgramos por metro cúbico","ug/m3","1,440","73","Tolima","73001","Ibagué","Fija"
"8258","CORTOLIMA","CORTOLIMA","PM10","26.82","2023 Jan 30 12:00:00 AM","2023 Jan 31 12:00:00 AM","4.433181","-75.211139","1,191","Microgramos por metro cúbico","ug/m3","1,440","73","Tolima","73001","Ibagué","Fija"
"8258","CORTOLIMA","CORTOLIMA","PM10","27.53","2023 Feb 23 12:00:00 AM","2023 Feb 24 12:00:00 AM","4.433181","-75.211139","1,191","Microgramos por metro cúbico","ug/m3","1,440","73","Tolima","73001","Ibagué","Fija"
"8258","CORTOLIMA","CORTOLIMA","PM10","31.47","2023 Sep 09 12:00:00 AM","2023 Sep 10 12:00:00 AM","4.433181","-75.211139","1,191","Microgramos por metro cúbico","ug/m3","1,440","73","Tolima","73001","Ibagué","Fija"
"8258","CORTOLIMA","CORTOLIMA","PM10","28.28","2023 Dec 28 12:00:00 AM","2023 Dec 29 12:00:00 AM","4.433181","-75.211139","1,191","Microgramos por metro cúbico","ug/m3","1,440","73","Tolima","73001","Ibagué","Fija"
"8258","CORTOLIMA","CORTOLIMA","PM10","22.6","2023 Feb 18 12:00:00 AM","2023 Feb 19 12:00:00 AM","4.433181","-75.211139","1,191","Microgramos por metro cúbico","ug/m3","1,440","73","Tolima","73001","Ibagué","Fija"
"8258","CORTOLIMA","CORTOLIMA","PM10","35.63","2023 Sep 08 12:00:00 AM","2023 Sep 09 12:00:00 AM","4.433181","-75.211139","1,191","Microgramos por metro cúbico","ug/m3","1,440","73","Tolima","73001","Ibagué","Fija"
"8258","CORTOLIMA","CORTOLIMA","PM10","34.23","2023 May 15 12:00:00 AM","2023 May 16 12:00:00 AM","4.433181","-75.211139","1,191","Microgramos por metro cúbico","ug/m3","1,440","73","Tolima","73001","Ibagué","Fija"
"8258","CORTOLIMA","CORTOLIMA","PM10","25.2","2023 Feb 24 12:00:00 AM","2023 Feb 25 12:00:00 AM","4.433181","-75.211139","1,191","Microgramos por metro cúbico","ug/m3","1,440","73","Tolima","73001","Ibagué","Fija"
"8258","CORTOLIMA","CORTOLIMA","PM10","25.14","2023 Oct 07 12:00:00 AM","2023 Oct 08 12:00:00 AM","4.433181","-75.211139","1,191","Microgramos por metro cúbico","ug/m3","1,440","73","Tolima","73001","Ibagué","Fija"
"8258","CORTOLIMA","CORTOLIMA","PM10","32.52","2023 Jun 14 12:00:00 AM","2023 Jun 15 12:00:00 AM","4.433181","-75.211139","1,191","Microgramos por metro cúbico","ug/m3","1,440","73","Tolima","73001","Ibagué","Fija"
"8258","CORTOLIMA","CORTOLIMA","PM10","30.83","2023 Mar 03 12:00:00 AM","2023 Mar 04 12:00:00 AM","4.433181","-75.211139","1,191","Microgramos por metro cúbico","ug/m3","1,440","73","Tolima","73001","Ibagué","Fija"
"8258","CORTOLIMA","CORTOLIMA","PM10","25.76","2023 Aug 04 12:00:00 AM","2023 Aug 05 12:00:00 AM","4.433181","-75.211139","1,191","Microgramos por metro cúbico","ug/m3","1,440","73","Tolima","73001","Ibagué","Fija"
"8258","CORTOLIMA","CORTOLIMA","PM10","25.79","2023 Dec 17 12:00:00 AM","2023 Dec 18 12:00:00 AM","4.433181","-75.211139","1,191","Microgramos por metro cúbico","ug/m3","1,440","73","Tolima","73001","Ibagué","Fija"
"8258","CORTOLIMA","CORTOLIMA","PM10","30.6","2023 Nov 20 12:00:00 AM","2023 Nov 21 12:00:00 AM","4.433181","-75.211139","1,191","Microgramos por metro cúbico","ug/m3","1,440","73","Tolima","73001","Ibagué","Fija"
"8258","CORTOLIMA","CORTOLIMA","PM10","27.93","2023 Feb 27 12:00:00 AM","2023 Feb 28 12:00:00 AM","4.433181","-75.211139","1,191","Microgramos por metro cúbico","ug/m3","1,440","73","Tolima","73001","Ibagué","Fija"
"8258","CORTOLIMA","CORTOLIMA","PM10","27","2023 Jun 18 12:00:00 AM","2023 Jun 19 12:00:00 AM","4.433181","-75.211139","1,191","Microgramos por metro cúbico","ug/m3","1,440","73","Tolima","73001","Ibagué","Fija"
"8258","CORTOLIMA","CORTOLIMA","PM10","29.92","2023 Aug 25 12:00:00 AM","2023 Aug 26 12:00:00 AM","4.433181","-75.211139","1,191","Microgramos por metro cúbico","ug/m3","1,440","73","Tolima","73001","Ibagué","Fija"
"8258","CORTOLIMA","CORTOLIMA","PM10","25.5","2023 Feb 09 12:00:00 AM","2023 Feb 10 12:00:00 AM","4.433181","-75.211139","1,191","Microgramos por metro cúbico","ug/m3","1,440","73","Tolima","73001","Ibagué","Fija"
"8258","CORTOLIMA","CORTOLIMA","PM10","21.89","2023 Jan 08 12:00:00 AM","2023 Jan 09 12:00:00 AM","4.433181","-75.211139","1,191","Microgramos por metro cúbico","ug/m3","1,440","73","Tolima","73001","Ibagué","Fija"
"8258","CORTOLIMA","CORTOLIMA","PM10","30.44","2023 Sep 16 12:00:00 AM","2023 Sep 17 12:00:00 AM","4.433181","-75.211139","1,191","Microgramos por metro cúbico","ug/m3","1,440","73","Tolima","73001","Ibagué","Fija"
"8258","CORTOLIMA","CORTOLIMA","PM10","23.31","2023 Feb 11 12:00:00 AM","2023 Feb 12 12:00:00 AM","4.433181","-75.211139","1,191","Microgramos por metro cúbico","ug/m3","1,440","73","Tolima","73001","Ibagué","Fija"
"8258","CORTOLIMA","CORTOLIMA","PM10","35.91","2023 May 31 12:00:00 AM","2023 Jun 01 12:00:00 AM","4.433181","-75.211139","1,191","Microgramos por metro cúbico","ug/m3","1,440","73","Tolima","73001","Ibagué","Fija"
"8258","CORTOLIMA","CORTOLIMA","PM10","36.57","2023 Sep 28 12:00:00 AM","2023 Sep 29 12:00:00 AM","4.433181","-75.211139","1,191","Microgramos por metro cúbico","ug/m3","1,440","73","Tolima","73001","Ibagué","Fija"
"8258","CORTOLIMA","CORTOLIMA","PM10","27.07","2023 Apr 08 12:00:00 AM","2023 Apr 09 12:00:00 AM","4.433181","-75.211139","1,191","Microgramos por metro cúbico","ug/m3","1,440","73","Tolima","73001","Ibagué","Fija"
"8258","CORTOLIMA","CORTOLIMA","PM10","21.45","2023 Jan 01 12:00:00 AM","2023 Jan 02 12:00:00 AM","4.433181","-75.211139","1,191","Microgramos por metro cúbico","ug/m3","1,440","73","Tolima","73001","Ibagué","Fija"
"8258","CORTOLIMA","CORTOLIMA","PM10","36.87","2023 Jul 10 12:00:00 AM","2023 Jul 11 12:00:00 AM","4.433181","-75.211139","1,191","Microgramos por metro cúbico","ug/m3","1,440","73","Tolima","73001","Ibagué","Fija"
"8258","CORTOLIMA","CORTOLIMA","PM10","33.88","2023 Dec 12 12:00:00 AM","2023 Dec 13 12:00:00 AM","4.433181","-75.211139","1,191","Microgramos por metro cúbico","ug/m3","1,440","73","Tolima","73001","Ibagué","Fija"
"8258","CORTOLIMA","CORTOLIMA","PM10","25.39","2023 Apr 21 12:00:00 AM","2023 Apr 22 12:00:00 AM","4.433181","-75.211139","1,191","Microgramos por metro cúbico","ug/m3","1,440","73","Tolima","73001","Ibagué","Fija"
"8258","CORTOLIMA","CORTOLIMA","PM10","32.37","2023 Jul 06 12:00:00 AM","2023 Jul 07 12:00:00 AM","4.433181","-75.211139","1,191","Microgramos por metro cúbico","ug/m3","1,440","73","Tolima","73001","Ibagué","Fija"
"8258","CORTOLIMA","CORTOLIMA","PM10","28.75","2023 Nov 27 12:00:00 AM","2023 Nov 28 12:00:00 AM","4.433181","-75.211139","1,191","Microgramos por metro cúbico","ug/m3","1,440","73","Tolima","73001","Ibagué","Fija"
"8258","CORTOLIMA","CORTOLIMA","PM10","21.7","2023 Feb 26 12:00:00 AM","2023 Feb 27 12:00:00 AM","4.433181","-75.211139","1,191","Microgramos por metro cúbico","ug/m3","1,440","73","Tolima","73001","Ibagué","Fija"
"8258","CORTOLIMA","CORTOLIMA","PM10","29.71","2023 Mar 07 12:00:00 AM","2023 Mar 08 12:00:00 AM","4.433181","-75.211139","1,191","Microgramos por metro cúbico","ug/m3","1,440","73","Tolima","73001","Ibagué","Fija"
"8258","CORTOLIMA","CORTOLIMA","PM10","27.7","2023 Nov 28 12:00:00 AM","2023 Nov 29 12:00:00 AM","4.433181","-75.211139","1,191","Microgramos por metro cúbico","ug/m3","1,440","73","Tolima","73001","Ibagué","Fija"
"8258","CORTOLIMA","CORTOLIMA","PM10","28.79","2023 Nov 01 12:00:00 AM","2023 Nov 02 12:00:00 AM","4.433181","-75.211139","1,191","Microgramos por metro cúbico","ug/m3","1,440","73","Tolima","73001","Ibagué","Fija"
"8258","CORTOLIMA","CORTOLIMA","PM10","31.82","2023 Dec 06 12:00:00 AM","2023 Dec 07 12:00:00 AM","4.433181","-75.211139","1,191","Microgramos por metro cúbico","ug/m3","1,440","73","Tolima","73001","Ibagué","Fija"
"8258","CORTOLIMA","CORTOLIMA","PM10","39.24","2023 Sep 07 12:00:00 AM","2023 Sep 08 12:00:00 AM","4.433181","-75.211139","1,191","Microgramos por metro cúbico","ug/m3","1,440","73","Tolima","73001","Ibagué","Fija"
"8258","CORTOLIMA","CORTOLIMA","PM10","35.35","2023 Sep 11 12:00:00 AM","2023 Sep 12 12:00:00 AM","4.433181","-75.211139","1,191","Microgramos por metro cúbico","ug/m3","1,440","73","Tolima","73001","Ibagué","Fija"
"8258","CORTOLIMA","CORTOLIMA","PM10","31.56","2023 Jun 30 12:00:00 AM","2023 Jul 01 12:00:00 AM","4.433181","-75.211139","1,191","Microgramos por metro cúbico","ug/m3","1,440","73","Tolima","73001","Ibagué","Fija"
"8258","CORTOLIMA","CORTOLIMA","PM10","32.27","2023 May 25 12:00:00 AM","2023 May 26 12:00:00 AM","4.433181","-75.211139","1,191","Microgramos por metro cúbico","ug/m3","1,440","73","Tolima","73001","Ibagué","Fija"
"8258","CORTOLIMA","CORTOLIMA","PM10","27.87","2023 Nov 06 12:00:00 AM","2023 Nov 07 12:00:00 AM","4.433181","-75.211139","1,191","Microgramos por metro cúbico","ug/m3","1,440","73","Tolima","73001","Ibagué","Fija"
"8258","CORTOLIMA","CORTOLIMA","PM10","27.3","2023 Oct 30 12:00:00 AM","2023 Oct 31 12:00:00 AM","4.433181","-75.211139","1,191","Microgramos por metro cúbico","ug/m3","1,440","73","Tolima","73001","Ibagué","Fija"
"8258","CORTOLIMA","CORTOLIMA","PM10","34.48","2023 Sep 14 12:00:00 AM","2023 Sep 15 12:00:00 AM","4.433181","-75.211139","1,191","Microgramos por metro cúbico","ug/m3","1,440","73","Tolima","73001","Ibagué","Fija"
"8258","CORTOLIMA","CORTOLIMA","PM10","33.17","2023 Mar 29 12:00:00 AM","2023 Mar 30 12:00:00 AM","4.433181","-75.211139","1,191","Microgramos por metro cúbico","ug/m3","1,440","73","Tolima","73001","Ibagué","Fija"
"8258","CORTOLIMA","CORTOLIMA","PM10","37.86","2023 Jul 28 12:00:00 AM","2023 Jul 29 12:00:00 AM","4.433181","-75.211139","1,191","Microgramos por metro cúbico","ug/m3","1,440","73","Tolima","73001","Ibagué","Fija"
"8258","CORTOLIMA","CORTOLIMA","PM10","21.56","2023 Feb 19 12:00:00 AM","2023 Feb 20 12:00:00 AM","4.433181","-75.211139","1,191","Microgramos por metro cúbico","ug/m3","1,440","73","Tolima","73001","Ibagué","Fija"
"8258","CORTOLIMA","CORTOLIMA","PM10","23.34","2023 Jan 09 12:00:00 AM","2023 Jan 10 12:00:00 AM","4.433181","-75.211139","1,191","Microgramos por metro cúbico","ug/m3","1,440","73","Tolima","73001","Ibagué","Fija"
"8258","CORTOLIMA","CORTOLIMA","PM10","37.5","2023 Jul 20 12:00:00 AM","2023 Jul 21 12:00:00 AM","4.433181","-75.211139","1,191","Microgramos por metro cúbico","ug/m3","1,440","73","Tolima","73001","Ibagué","Fija"
"8258","CORTOLIMA","CORTOLIMA","PM10","36.52","2023 Jun 28 12:00:00 AM","2023 Jun 29 12:00:00 AM","4.433181","-75.211139","1,191","Microgramos por metro cúbico","ug/m3","1,440","73","Tolima","73001","Ibagué","Fija"
"8258","CORTOLIMA","CORTOLIMA","PM10","27.18","2023 Feb 06 12:00:00 AM","2023 Feb 07 12:00:00 AM","4.433181","-75.211139","1,191","Microgramos por metro cúbico","ug/m3","1,440","73","Tolima","73001","Ibagué","Fija"
"8258","CORTOLIMA","CORTOLIMA","PM10","25.78","2023 Apr 09 12:00:00 AM","2023 Apr 10 12:00:00 AM","4.433181","-75.211139","1,191","Microgramos por metro cúbico","ug/m3","1,440","73","Tolima","73001","Ibagué","Fija"
"8258","CORTOLIMA","CORTOLIMA","PM10","26.73","2023 Oct 24 12:00:00 AM","2023 Oct 25 12:00:00 AM","4.433181","-75.211139","1,191","Microgramos por metro cúbico","ug/m3","1,440","73","Tolima","73001","Ibagué","Fija"
"8258","CORTOLIMA","CORTOLIMA","PM10","32.46","2023 May 03 12:00:00 AM","2023 May 04 12:00:00 AM","4.433181","-75.211139","1,191","Microgramos por metro cúbico","ug/m3","1,440","73","Tolima","73001","Ibagué","Fija"
"8258","CORTOLIMA","CORTOLIMA","PM10","26.03","2023 Nov 17 12:00:00 AM","2023 Nov 18 12:00:00 AM","4.433181","-75.211139","1,191","Microgramos por metro cúbico","ug/m3","1,440","73","Tolima","73001","Ibagué","Fija"
"8258","CORTOLIMA","CORTOLIMA","PM10","34.78","2023 Sep 27 12:00:00 AM","2023 Sep 28 12:00:00 AM","4.433181","-75.211139","1,191","Microgramos por metro cúbico","ug/m3","1,440","73","Tolima","73001","Ibagué","Fija"
"8258","CORTOLIMA","CORTOLIMA","PM10","31.74","2023 Jun 19 12:00:00 AM","2023 Jun 20 12:00:00 AM","4.433181","-75.211139","1,191","Microgramos por metro cúbico","ug/m3","1,440","73","Tolima","73001","Ibagué","Fija"
"8258","CORTOLIMA","CORTOLIMA","PM10","34.95","2023 Jun 20 12:00:00 AM","2023 Jun 21 12:00:00 AM","4.433181","-75.211139","1,191","Microgramos por metro cúbico","ug/m3","1,440","73","Tolima","73001","Ibagué","Fija"
"8258","CORTOLIMA","CORTOLIMA","PM10","37.44","2023 Aug 09 12:00:00 AM","2023 Aug 10 12:00:00 AM","4.433181","-75.211139","1,191","Microgramos por metro cúbico","ug/m3","1,440","73","Tolima","73001","Ibagué","Fija"
"8258","CORTOLIMA","CORTOLIMA","PM10","30.67","2023 Mar 10 12:00:00 AM","2023 Mar 11 12:00:00 AM","4.433181","-75.211139","1,191","Microgramos por metro cúbico","ug/m3","1,440","73","Tolima","73001","Ibagué","Fija"
"8258","CORTOLIMA","CORTOLIMA","PM10","34.04","2023 May 19 12:00:00 AM","2023 May 20 12:00:00 AM","4.433181","-75.211139","1,191","Microgramos por metro cúbico","ug/m3","1,440","73","Tolima","73001","Ibagué","Fija"
"8258","CORTOLIMA","CORTOLIMA","PM10","23.54","2023 Apr 16 12:00:00 AM","2023 Apr 17 12:00:00 AM","4.433181","-75.211139","1,191","Microgramos por metro cúbico","ug/m3","1,440","73","Tolima","73001","Ibagué","Fija"
"8258","CORTOLIMA","CORTOLIMA","PM10","22.25","2023 Apr 23 12:00:00 AM","2023 Apr 24 12:00:00 AM","4.433181","-75.211139","1,191","Microgramos por metro cúbico","ug/m3","1,440","73","Tolima","73001","Ibagué","Fija"
"8258","CORTOLIMA","CORTOLIMA","PM10","27.9","2023 Aug 30 12:00:00 AM","2023 Aug 31 12:00:00 AM","4.433181","-75.211139","1,191","Microgramos por metro cúbico","ug/m3","1,440","73","Tolima","73001","Ibagué","Fija"
"8258","CORTOLIMA","CORTOLIMA","PM10","26.05","2023 Oct 28 12:00:00 AM","2023 Oct 29 12:00:00 AM","4.433181","-75.211139","1,191","Microgramos por metro cúbico","ug/m3","1,440","73","Tolima","73001","Ibagué","Fija"
"8258","CORTOLIMA","CORTOLIMA","PM10","37.78","2023 Sep 19 12:00:00 AM","2023 Sep 20 12:00:00 AM","4.433181","-75.211139","1,191","Microgramos por metro cúbico","ug/m3","1,440","73","Tolima","73001","Ibagué","Fija"
"8258","CORTOLIMA","CORTOLIMA","PM10","34.15","2023 Sep 10 12:00:00 AM","2023 Sep 11 12:00:00 AM","4.433181","-75.211139","1,191","Microgramos por metro cúbico","ug/m3","1,440","73","Tolima","73001","Ibagué","Fija"
"8258","CORTOLIMA","CORTOLIMA","PM10","27.41","2023 Jun 03 12:00:00 AM","2023 Jun 04 12:00:00 AM","4.433181","-75.211139","1,191","Microgramos por metro cúbico","ug/m3","1,440","73","Tolima","73001","Ibagué","Fija"
"8258","CORTOLIMA","CORTOLIMA","PM10","33.52","2023 Jun 22 12:00:00 AM","2023 Jun 23 12:00:00 AM","4.433181","-75.211139","1,191","Microgramos por metro cúbico","ug/m3","1,440","73","Tolima","73001","Ibagué","Fija"
"8258","CORTOLIMA","CORTOLIMA","PM10","29.88","2023 Apr 18 12:00:00 AM","2023 Apr 19 12:00:00 AM","4.433181","-75.211139","1,191","Microgramos por metro cúbico","ug/m3","1,440","73","Tolima","73001","Ibagué","Fija"
"8258","CORTOLIMA","CORTOLIMA","PM10","31.4","2023 Jul 08 12:00:00 AM","2023 Jul 09 12:00:00 AM","4.433181","-75.211139","1,191","Microgramos por metro cúbico","ug/m3","1,440","73","Tolima","73001","Ibagué","Fija"
"8258","CORTOLIMA","CORTOLIMA","PM10","33.16","2023 Apr 05 12:00:00 AM","2023 Apr 06 12:00:00 AM","4.433181","-75.211139","1,191","Microgramos por metro cúbico","ug/m3","1,440","73","Tolima","73001","Ibagué","Fija"
"8258","CORTOLIMA","CORTOLIMA","PM10","32.33","2023 Jun 10 12:00:00 AM","2023 Jun 11 12:00:00 AM","4.433181","-75.211139","1,191","Microgramos por metro cúbico","ug/m3","1,440","73","Tolima","73001","Ibagué","Fija"
"8258","CORTOLIMA","CORTOLIMA","PM10","31.57","2023 Jun 23 12:00:00 AM","2023 Jun 24 12:00:00 AM","4.433181","-75.211139","1,191","Microgramos por metro cúbico","ug/m3","1,440","73","Tolima","73001","Ibagué","Fija"
"8258","CORTOLIMA","CORTOLIMA","PM10","29.8","2023 Oct 26 12:00:00 AM","2023 Oct 27 12:00:00 AM","4.433181","-75.211139","1,191","Microgramos por metro cúbico","ug/m3","1,440","73","Tolima","73001","Ibagué","Fija"
"8258","CORTOLIMA","CORTOLIMA","PM10","26.02","2023 Nov 05 12:00:00 AM","2023 Nov 06 12:00:00 AM","4.433181","-75.211139","1,191","Microgramos por metro cúbico","ug/m3","1,440","73","Tolima","73001","Ibagué","Fija"
"8258","CORTOLIMA","CORTOLIMA","PM10","37.23","2023 May 24 12:00:00 AM","2023 May 25 12:00:00 AM","4.433181","-75.211139","1,191","Microgramos por metro cúbico","ug/m3","1,440","73","Tolima","73001","Ibagué","Fija"
"8258","CORTOLIMA","CORTOLIMA","PM10","32.34","2023 Dec 05 12:00:00 AM","2023 Dec 06 12:00:00 AM","4.433181","-75.211139","1,191","Microgramos por metro cúbico","ug/m3","1,440","73","Tolima","73001","Ibagué","Fija"
"8258","CORTOLIMA","CORTOLIMA","PM10","29.42","2023 Mar 30 12:00:00 AM","2023 Mar 31 12:00:00 AM","4.433181","-75.211139","1,191","Microgramos por metro cúbico","ug/m3","1,440","73","Tolima","73001","Ibagué","Fija"
"8258","CORTOLIMA","CORTOLIMA","PM10","24.42","2023 Mar 01 12:00:00 AM","2023 Mar 02 12:00:00 AM","4.433181","-75.211139","1,191","Microgramos por metro cúbico","ug/m3","1,440","73","Tolima","73001","Ibagué","Fija"
"8258","CORTOLIMA","CORTOLIMA","PM10","27.42","2023 Mar 12 12:00:00 AM","2023 Mar 13 12:00:00 AM","4.433181","-75.211139","1,191","Microgramos por metro cúbico","ug/m3","1,440","73","Tolima","73001","Ibagué","Fija"
"8258","CORTOLIMA","CORTOLIMA","PM10","28.98","2023 Apr 07 12:00:00 AM","2023 Apr 08 12:00:00 AM","4.433181","-75.211139","1,191","Microgramos por metro cúbico","ug/m3","1,440","73","Tolima","73001","Ibagué","Fija"
"8258","CORTOLIMA","CORTOLIMA","PM10","25.2","2023 Jan 12 12:00:00 AM","2023 Jan 13 12:00:00 AM","4.433181","-75.211139","1,191","Microgramos por metro cúbico","ug/m3","1,440","73","Tolima","73001","Ibagué","Fija"
"8258","CORTOLIMA","CORTOLIMA","PM10","26.36","2023 Oct 13 12:00:00 AM","2023 Oct 14 12:00:00 AM","4.433181","-75.211139","1,191","Microgramos por metro cúbico","ug/m3","1,440","73","Tolima","73001","Ibagué","Fija"
"8258","CORTOLIMA","CORTOLIMA","PM10","22.67","2023 Jan 22 12:00:00 AM","2023 Jan 23 12:00:00 AM","4.433181","-75.211139","1,191","Microgramos por metro cúbico","ug/m3","1,440","73","Tolima","73001","Ibagué","Fija"
"8258","CORTOLIMA","CORTOLIMA","PM10","25.58","2023 Jan 18 12:00:00 AM","2023 Jan 19 12:00:00 AM","4.433181","-75.211139","1,191","Microgramos por metro cúbico","ug/m3","1,440","73","Tolima","73001","Ibagué","Fija"
"8258","CORTOLIMA","CORTOLIMA","PM10","29.35","2023 May 20 12:00:00 AM","2023 May 21 12:00:00 AM","4.433181","-75.211139","1,191","Microgramos por metro cúbico","ug/m3","1,440","73","Tolima","73001","Ibagué","Fija"
"8258","CORTOLIMA","CORTOLIMA","PM10","26.04","2023 Nov 11 12:00:00 AM","2023 Nov 12 12:00:00 AM","4.433181","-75.211139","1,191","Microgramos por metro cúbico","ug/m3","1,440","73","Tolima","73001","Ibagué","Fija"
"8258","CORTOLIMA","CORTOLIMA","PM10","26.92","2023 Mar 11 12:00:00 AM","2023 Mar 12 12:00:00 AM","4.433181","-75.211139","1,191","Microgramos por metro cúbico","ug/m3","1,440","73","Tolima","73001","Ibagué","Fija"
"8258","CORTOLIMA","CORTOLIMA","PM10","32.31","2023 Jun 09 12:00:00 AM","2023 Jun 10 12:00:00 AM","4.433181","-75.211139","1,191","Microgramos por metro cúbico","ug/m3","1,440","73","Tolima","73001","Ibagué","Fija"
"8258","CORTOLIMA","CORTOLIMA","PM10","29.17","2023 Mar 06 12:00:00 AM","2023 Mar 07 12:00:00 AM","4.433181","-75.211139","1,191","Microgramos por metro cúbico","ug/m3","1,440","73","Tolima","73001","Ibagué","Fija"
"8258","CORTOLIMA","CORTOLIMA","PM10","37.16","2023 Sep 18 12:00:00 AM","2023 Sep 19 12:00:00 AM","4.433181","-75.211139","1,191","Microgramos por metro cúbico","ug/m3","1,440","73","Tolima","73001","Ibagué","Fija"
"8258","CORTOLIMA","CORTOLIMA","PM10","33.99","2023 Jul 15 12:00:00 AM","2023 Jul 16 12:00:00 AM","4.433181","-75.211139","1,191","Microgramos por metro cúbico","ug/m3","1,440","73","Tolima","73001","Ibagué","Fija"
"8258","CORTOLIMA","CORTOLIMA","PM10","32.15","2023 Sep 01 12:00:00 AM","2023 Sep 02 12:00:00 AM","4.433181","-75.211139","1,191","Microgramos por metro cúbico","ug/m3","1,440","73","Tolima","73001","Ibagué","Fija"
"8258","CORTOLIMA","CORTOLIMA","PM10","30.75","2023 Sep 23 12:00:00 AM","2023 Sep 24 12:00:00 AM","4.433181","-75.211139","1,191","Microgramos por metro cúbico","ug/m3","1,440","73","Tolima","73001","Ibagué","Fija"
"8258","CORTOLIMA","CORTOLIMA","PM10","27.71","2023 Mar 26 12:00:00 AM","2023 Mar 27 12:00:00 AM","4.433181","-75.211139","1,191","Microgramos por metro cúbico","ug/m3","1,440","73","Tolima","73001","Ibagué","Fija"
"8258","CORTOLIMA","CORTOLIMA","PM10","34.77","2023 Jun 26 12:00:00 AM","2023 Jun 27 12:00:00 AM","4.433181","-75.211139","1,191","Microgramos por metro cúbico","ug/m3","1,440","73","Tolima","73001","Ibagué","Fija"
"8258","CORTOLIMA","CORTOLIMA","PM10","27.01","2023 Apr 29 12:00:00 AM","2023 Apr 30 12:00:00 AM","4.433181","-75.211139","1,191","Microgramos por metro cúbico","ug/m3","1,440","73","Tolima","73001","Ibagué","Fija"
"8258","CORTOLIMA","CORTOLIMA","PM10","25.58","2023 May 07 12:00:00 AM","2023 May 08 12:00:00 AM","4.433181","-75.211139","1,191","Microgramos por metro cúbico","ug/m3","1,440","73","Tolima","73001","Ibagué","Fija"
"8258","CORTOLIMA","CORTOLIMA","PM10","24.33","2023 Oct 15 12:00:00 AM","2023 Oct 16 12:00:00 AM","4.433181","-75.211139","1,191","Microgramos por metro cúbico","ug/m3","1,440","73","Tolima","73001","Ibagué","Fija"
"8258","CORTOLIMA","CORTOLIMA","PM10","29.26","2023 Oct 25 12:00:00 AM","2023 Oct 26 12:00:00 AM","4.433181","-75.211139","1,191","Microgramos por metro cúbico","ug/m3","1,440","73","Tolima","73001","Ibagué","Fija"
"8258","CORTOLIMA","CORTOLIMA","PM10","26.56","2023 Oct 27 12:00:00 AM","2023 Oct 28 12:00:00 AM","4.433181","-75.211139","1,191","Microgramos por metro cúbico","ug/m3","1,440","73","Tolima","73001","Ibagué","Fija"
"8258","CORTOLIMA","CORTOLIMA","PM10","25.8","2023 Dec 23 12:00:00 AM","2023 Dec 24 12:00:00 AM","4.433181","-75.211139","1,191","Microgramos por metro cúbico","ug/m3","1,440","73","Tolima","73001","Ibagué","Fija"
"8258","CORTOLIMA","CORTOLIMA","PM10","29.79","2023 Mar 13 12:00:00 AM","2023 Mar 14 12:00:00 AM","4.433181","-75.211139","1,191","Microgramos por metro cúbico","ug/m3","1,440","73","Tolima","73001","Ibagué","Fija"
"8258","CORTOLIMA","CORTOLIMA","PM10","32.59","2023 Apr 26 12:00:00 AM","2023 Apr 27 12:00:00 AM","4.433181","-75.211139","1,191","Microgramos por metro cúbico","ug/m3","1,440","73","Tolima","73001","Ibagué","Fija"
"8258","CORTOLIMA","CORTOLIMA","PM10","32.81","2023 Jul 07 12:00:00 AM","2023 Jul 08 12:00:00 AM","4.433181","-75.211139","1,191","Microgramos por metro cúbico","ug/m3","1,440","73","Tolima","73001","Ibagué","Fija"
"8258","CORTOLIMA","CORTOLIMA","PM10","27.96","2023 Mar 18 12:00:00 AM","2023 Mar 19 12:00:00 AM","4.433181","-75.211139","1,191","Microgramos por metro cúbico","ug/m3","1,440","73","Tolima","73001","Ibagué","Fija"
"8258","CORTOLIMA","CORTOLIMA","PM10","25.09","2023 Oct 08 12:00:00 AM","2023 Oct 09 12:00:00 AM","4.433181","-75.211139","1,191","Microgramos por metro cúbico","ug/m3","1,440","73","Tolima","73001","Ibagué","Fija"
"8258","CORTOLIMA","CORTOLIMA","PM10","23.67","2023 Jan 10 12:00:00 AM","2023 Jan 11 12:00:00 AM","4.433181","-75.211139","1,191","Microgramos por metro cúbico","ug/m3","1,440","73","Tolima","73001","Ibagué","Fija"
"8258","CORTOLIMA","CORTOLIMA","PM10","33.12","2023 Aug 31 12:00:00 AM","2023 Sep 01 12:00:00 AM","4.433181","-75.211139","1,191","Microgramos por metro cúbico","ug/m3","1,440","73","Tolima","73001","Ibagué","Fija"
"8258","CORTOLIMA","CORTOLIMA","PM10","27.49","2023 Nov 07 12:00:00 AM","2023 Nov 08 12:00:00 AM","4.433181","-75.211139","1,191","Microgramos por metro cúbico","ug/m3","1,440","73","Tolima","73001","Ibagué","Fija"
"8258","CORTOLIMA","CORTOLIMA","PM10","23.47","2023 Feb 10 12:00:00 AM","2023 Feb 11 12:00:00 AM","4.433181","-75.211139","1,191","Microgramos por metro cúbico","ug/m3","1,440","73","Tolima","73001","Ibagué","Fija"
"8258","CORTOLIMA","CORTOLIMA","PM10","30.06","2023 Apr 17 12:00:00 AM","2023 Apr 18 12:00:00 AM","4.433181","-75.211139","1,191","Microgramos por metro cúbico","ug/m3","1,440","73","Tolima","73001","Ibagué","Fija"
"8258","CORTOLIMA","CORTOLIMA","PM10","23.08","2023 Jan 19 12:00:00 AM","2023 Jan 20 12:00:00 AM","4.433181","-75.211139","1,191","Microgramos por metro cúbico","ug/m3","1,440","73","Tolima","73001","Ibagué","Fija"
"8258","CORTOLIMA","CORTOLIMA","PM10","29.25","2023 Mar 20 12:00:00 AM","2023 Mar 21 12:00:00 AM","4.433181","-75.211139","1,191","Microgramos por metro cúbico","ug/m3","1,440","73","Tolima","73001","Ibagué","Fija"
"8258","CORTOLIMA","CORTOLIMA","PM10","27.1","2023 Oct 20 12:00:00 AM","2023 Oct 21 12:00:00 AM","4.433181","-75.211139","1,191","Microgramos por metro cúbico","ug/m3","1,440","73","Tolima","73001","Ibagué","Fija"
"8258","CORTOLIMA","CORTOLIMA","PM10","34.96","2023 Mar 22 12:00:00 AM","2023 Mar 23 12:00:00 AM","4.433181","-75.211139","1,191","Microgramos por metro cúbico","ug/m3","1,440","73","Tolima","73001","Ibagué","Fija"
"8258","CORTOLIMA","CORTOLIMA","PM10","33.2","2023 Apr 19 12:00:00 AM","2023 Apr 20 12:00:00 AM","4.433181","-75.211139","1,191","Microgramos por metro cúbico","ug/m3","1,440","73","Tolima","73001","Ibagué","Fija"
"8258","CORTOLIMA","CORTOLIMA","PM10","27.9","2023 Oct 02 12:00:00 AM","2023 Oct 03 12:00:00 AM","4.433181","-75.211139","1,191","Microgramos por metro cúbico","ug/m3","1,440","73","Tolima","73001","Ibagué","Fija"
"8258","CORTOLIMA","CORTOLIMA","PM10","25.6","2023 Feb 21 12:00:00 AM","2023 Feb 22 12:00:00 AM","4.433181","-75.211139","1,191","Microgramos por metro cúbico","ug/m3","1,440","73","Tolima","73001","Ibagué","Fija"
"8258","CORTOLIMA","CORTOLIMA","PM10","31.58","2023 Apr 04 12:00:00 AM","2023 Apr 05 12:00:00 AM","4.433181","-75.211139","1,191","Microgramos por metro cúbico","ug/m3","1,440","73","Tolima","73001","Ibagué","Fija"
"8258","CORTOLIMA","CORTOLIMA","PM10","27.56","2023 Nov 12 12:00:00 AM","2023 Nov 13 12:00:00 AM","4.433181","-75.211139","1,191","Microgramos por metro cúbico","ug/m3","1,440","73","Tolima","73001","Ibagué","Fija"
"8258","CORTOLIMA","CORTOLIMA","PM10","25.24","2023 Nov 25 12:00:00 AM","2023 Nov 26 12:00:00 AM","4.433181","-75.211139","1,191","Microgramos por metro cúbico","ug/m3","1,440","73","Tolima","73001","Ibagué","Fija"
"8258","CORTOLIMA","CORTOLIMA","PM10","30.9","2023 Oct 04 12:00:00 AM","2023 Oct 05 12:00:00 AM","4.433181","-75.211139","1,191","Microgramos por metro cúbico","ug/m3","1,440","73","Tolima","73001","Ibagué","Fija"
"8258","CORTOLIMA","CORTOLIMA","PM10","24.94","2023 Oct 21 12:00:00 AM","2023 Oct 22 12:00:00 AM","4.433181","-75.211139","1,191","Microgramos por metro cúbico","ug/m3","1,440","73","Tolima","73001","Ibagué","Fija"
"8258","CORTOLIMA","CORTOLIMA","PM10","23.41","2023 Jan 17 12:00:00 AM","2023 Jan 18 12:00:00 AM","4.433181","-75.211139","1,191","Microgramos por metro cúbico","ug/m3","1,440","73","Tolima","73001","Ibagué","Fija"
"8258","CORTOLIMA","CORTOLIMA","PM10","29.24","2023 Sep 04 12:00:00 AM","2023 Sep 05 12:00:00 AM","4.433181","-75.211139","1,191","Microgramos por metro cúbico","ug/m3","1,440","73","Tolima","73001","Ibagué","Fija"
"8258","CORTOLIMA","CORTOLIMA","PM10","29.51","2023 Oct 17 12:00:00 AM","2023 Oct 18 12:00:00 AM","4.433181","-75.211139","1,191","Microgramos por metro cúbico","ug/m3","1,440","73","Tolima","73001","Ibagué","Fija"
"8258","CORTOLIMA","CORTOLIMA","PM10","27.03","2023 Dec 08 12:00:00 AM","2023 Dec 09 12:00:00 AM","4.433181","-75.211139","1,191","Microgramos por metro cúbico","ug/m3","1,440","73","Tolima","73001","Ibagué","Fija"
"8258","CORTOLIMA","CORTOLIMA","PM10","25.28","2023 Apr 22 12:00:00 AM","2023 Apr 23 12:00:00 AM","4.433181","-75.211139","1,191","Microgramos por metro cúbico","ug/m3","1,440","73","Tolima","73001","Ibagué","Fija"
"8258","CORTOLIMA","CORTOLIMA","PM10","37.97","2023 Jun 21 12:00:00 AM","2023 Jun 22 12:00:00 AM","4.433181","-75.211139","1,191","Microgramos por metro cúbico","ug/m3","1,440","73","Tolima","73001","Ibagué","Fija"
"8258","CORTOLIMA","CORTOLIMA","PM10","32.1","2023 Aug 28 12:00:00 AM","2023 Aug 29 12:00:00 AM","4.433181","-75.211139","1,191","Microgramos por metro cúbico","ug/m3","1,440","73","Tolima","73001","Ibagué","Fija"
"8258","CORTOLIMA","CORTOLIMA","PM10","35.84","2023 Jul 22 12:00:00 AM","2023 Jul 23 12:00:00 AM","4.433181","-75.211139","1,191","Microgramos por metro cúbico","ug/m3","1,440","73","Tolima","73001","Ibagué","Fija"
"8258","CORTOLIMA","CORTOLIMA","PM10","26.28","2023 Oct 05 12:00:00 AM","2023 Oct 06 12:00:00 AM","4.433181","-75.211139","1,191","Microgramos por metro cúbico","ug/m3","1,440","73","Tolima","73001","Ibagué","Fija"
"8258","CORTOLIMA","CORTOLIMA","PM10","25.54","2023 Mar 05 12:00:00 AM","2023 Mar 06 12:00:00 AM","4.433181","-75.211139","1,191","Microgramos por metro cúbico","ug/m3","1,440","73","Tolima","73001","Ibagué","Fija"
"8258","CORTOLIMA","CORTOLIMA","PM10","24.7","2023 Feb 13 12:00:00 AM","2023 Feb 14 12:00:00 AM","4.433181","-75.211139","1,191","Microgramos por metro cúbico","ug/m3","1,440","73","Tolima","73001","Ibagué","Fija"
"8258","CORTOLIMA","CORTOLIMA","PM10","30.19","2023 Jul 16 12:00:00 AM","2023 Jul 17 12:00:00 AM","4.433181","-75.211139","1,191","Microgramos por metro cúbico","ug/m3","1,440","73","Tolima","73001","Ibagué","Fija"
"8258","CORTOLIMA","CORTOLIMA","PM10","27.73","2023 Feb 03 12:00:00 AM","2023 Feb 04 12:00:00 AM","4.433181","-75.211139","1,191","Microgramos por metro cúbico","ug/m3","1,440","73","Tolima","73001","Ibagué","Fija"
"8258","CORTOLIMA","CORTOLIMA","PM10","27.84","2023 Dec 11 12:00:00 AM","2023 Dec 12 12:00:00 AM","4.433181","-75.211139","1,191","Microgramos por metro cúbico","ug/m3","1,440","73","Tolima","73001","Ibagué","Fija"
"8258","CORTOLIMA","CORTOLIMA","PM10","30.17","2023 Mar 28 12:00:00 AM","2023 Mar 29 12:00:00 AM","4.433181","-75.211139","1,191","Microgramos por metro cúbico","ug/m3","1,440","73","Tolima","73001","Ibagué","Fija"
"8258","CORTOLIMA","CORTOLIMA","PM10","33.25","2023 May 23 12:00:00 AM","2023 May 24 12:00:00 AM","4.433181","-75.211139","1,191","Microgramos por metro cúbico","ug/m3","1,440","73","Tolima","73001","Ibagué","Fija"
"8258","CORTOLIMA","CORTOLIMA","PM10","29.1","2023 Jan 26 12:00:00 AM","2023 Jan 27 12:00:00 AM","4.433181","-75.211139","1,191","Microgramos por metro cúbico","ug/m3","1,440","73","Tolima","73001","Ibagué","Fija"
"8258","CORTOLIMA","CORTOLIMA","PM10","24.88","2023 Jan 28 12:00:00 AM","2023 Jan 29 12:00:00 AM","4.433181","-75.211139","1,191","Microgramos por metro cúbico","ug/m3","1,440","73","Tolima","73001","Ibagué","Fija"
"8258","CORTOLIMA","CORTOLIMA","PM10","32.12","2023 Aug 22 12:00:00 AM","2023 Aug 23 12:00:00 AM","4.433181","-75.211139","1,191","Microgramos por metro cúbico","ug/m3","1,440","73","Tolima","73001","Ibagué","Fija"
"8258","CORTOLIMA","CORTOLIMA","PM10","23.39","2023 Dec 30 12:00:00 AM","2023 Dec 31 12:00:00 AM","4.433181","-75.211139","1,191","Microgramos por metro cúbico","ug/m3","1,440","73","Tolima","73001","Ibagué","Fija"
"8258","CORTOLIMA","CORTOLIMA","PM10","27.61","2023 Nov 21 12:00:00 AM","2023 Nov 22 12:00:00 AM","4.433181","-75.211139","1,191","Microgramos por metro cúbico","ug/m3","1,440","73","Tolima","73001","Ibagué","Fija"
"8258","CORTOLIMA","CORTOLIMA","PM10","28.79","2023 Aug 12 12:00:00 AM","2023 Aug 13 12:00:00 AM","4.433181","-75.211139","1,191","Microgramos por metro cúbico","ug/m3","1,440","73","Tolima","73001","Ibagué","Fija"
"8258","CORTOLIMA","CORTOLIMA","PM10","24.65","2023 Oct 22 12:00:00 AM","2023 Oct 23 12:00:00 AM","4.433181","-75.211139","1,191","Microgramos por metro cúbico","ug/m3","1,440","73","Tolima","73001","Ibagué","Fija"
"8258","CORTOLIMA","CORTOLIMA","PM10","30.04","2023 Apr 03 12:00:00 AM","2023 Apr 04 12:00:00 AM","4.433181","-75.211139","1,191","Microgramos por metro cúbico","ug/m3","1,440","73","Tolima","73001","Ibagué","Fija"
"8258","CORTOLIMA","CORTOLIMA","PM10","30.5","2023 Jun 01 12:00:00 AM","2023 Jun 02 12:00:00 AM","4.433181","-75.211139","1,191","Microgramos por metro cúbico","ug/m3","1,440","73","Tolima","73001","Ibagué","Fija"
"8258","CORTOLIMA","CORTOLIMA","PM10","34.4","2023 Aug 07 12:00:00 AM","2023 Aug 08 12:00:00 AM","4.433181","-75.211139","1,191","Microgramos por metro cúbico","ug/m3","1,440","73","Tolima","73001","Ibagué","Fija"
"8258","CORTOLIMA","CORTOLIMA","PM10","32.67","2023 Jul 03 12:00:00 AM","2023 Jul 04 12:00:00 AM","4.433181","-75.211139","1,191","Microgramos por metro cúbico","ug/m3","1,440","73","Tolima","73001","Ibagué","Fija"
"8258","CORTOLIMA","CORTOLIMA","PM10","31.33","2023 Aug 17 12:00:00 AM","2023 Aug 18 12:00:00 AM","4.433181","-75.211139","1,191","Microgramos por metro cúbico","ug/m3","1,440","73","Tolima","73001","Ibagué","Fija"
"8258","CORTOLIMA","CORTOLIMA","PM10","27.17","2023 Apr 11 12:00:00 AM","2023 Apr 12 12:00:00 AM","4.433181","-75.211139","1,191","Microgramos por metro cúbico","ug/m3","1,440","73","Tolima","73001","Ibagué","Fija"
"8258","CORTOLIMA","CORTOLIMA","PM10","37.35","2023 Jul 13 12:00:00 AM","2023 Jul 14 12:00:00 AM","4.433181","-75.211139","1,191","Microgramos por metro cúbico","ug/m3","1,440","73","Tolima","73001","Ibagué","Fija"
"8258","CORTOLIMA","CORTOLIMA","PM10","23.88","2023 Jun 11 12:00:00 AM","2023 Jun 12 12:00:00 AM","4.433181","-75.211139","1,191","Microgramos por metro cúbico","ug/m3","1,440","73","Tolima","73001","Ibagué","Fija"
"8258","CORTOLIMA","CORTOLIMA","PM10","35.09","2023 Jul 21 12:00:00 AM","2023 Jul 22 12:00:00 AM","4.433181","-75.211139","1,191","Microgramos por metro cúbico","ug/m3","1,440","73","Tolima","73001","Ibagué","Fija"
"8258","CORTOLIMA","CORTOLIMA","PM10","26.86","2023 Dec 09 12:00:00 AM","2023 Dec 10 12:00:00 AM","4.433181","-75.211139","1,191","Microgramos por metro cúbico","ug/m3","1,440","73","Tolima","73001","Ibagué","Fija"
"8258","CORTOLIMA","CORTOLIMA","PM10","25.96","2023 Oct 14 12:00:00 AM","2023 Oct 15 12:00:00 AM","4.433181","-75.211139","1,191","Microgramos por metro cúbico","ug/m3","1,440","73","Tolima","73001","Ibagué","Fija"
"8258","CORTOLIMA","CORTOLIMA","PM10","25.44","2023 Dec 21 12:00:00 AM","2023 Dec 22 12:00:00 AM","4.433181","-75.211139","1,191","Microgramos por metro cúbico","ug/m3","1,440","73","Tolima","73001","Ibagué","Fija"
"8258","CORTOLIMA","CORTOLIMA","PM10","35.52","2023 May 18 12:00:00 AM","2023 May 19 12:00:00 AM","4.433181","-75.211139","1,191","Microgramos por metro cúbico","ug/m3","1,440","73","Tolima","73001","Ibagué","Fija"
"8258","CORTOLIMA","CORTOLIMA","PM10","27.78","2023 Dec 03 12:00:00 AM","2023 Dec 04 12:00:00 AM","4.433181","-75.211139","1,191","Microgramos por metro cúbico","ug/m3","1,440","73","Tolima","73001","Ibagué","Fija"
"8258","CORTOLIMA","CORTOLIMA","PM10","22.79","2023 Apr 01 12:00:00 AM","2023 Apr 02 12:00:00 AM","4.433181","-75.211139","1,191","Microgramos por metro cúbico","ug/m3","1,440","73","Tolima","73001","Ibagué","Fija"
"8258","CORTOLIMA","CORTOLIMA","PM10","30.51","2023 Apr 12 12:00:00 AM","2023 Apr 13 12:00:00 AM","4.433181","-75.211139","1,191","Microgramos por metro cúbico","ug/m3","1,440","73","Tolima","73001","Ibagué","Fija"
"8258","CORTOLIMA","CORTOLIMA","PM10","24.11","2023 Jan 13 12:00:00 AM","2023 Jan 14 12:00:00 AM","4.433181","-75.211139","1,191","Microgramos por metro cúbico","ug/m3","1,440","73","Tolima","73001","Ibagué","Fija"
"8258","CORTOLIMA","CORTOLIMA","PM10","31.11","2023 Apr 06 12:00:00 AM","2023 Apr 07 12:00:00 AM","4.433181","-75.211139","1,191","Microgramos por metro cúbico","ug/m3","1,440","73","Tolima","73001","Ibagué","Fija"
"8258","CORTOLIMA","CORTOLIMA","PM10","35.03","2023 Jun 02 12:00:00 AM","2023 Jun 03 12:00:00 AM","4.433181","-75.211139","1,191","Microgramos por metro cúbico","ug/m3","1,440","73","Tolima","73001","Ibagué","Fija"
"8258","CORTOLIMA","CORTOLIMA","PM10","29.84","2023 Oct 11 12:00:00 AM","2023 Oct 12 12:00:00 AM","4.433181","-75.211139","1,191","Microgramos por metro cúbico","ug/m3","1,440","73","Tolima","73001","Ibagué","Fija"
"8258","CORTOLIMA","CORTOLIMA","PM10","23.41","2023 Jan 06 12:00:00 AM","2023 Jan 07 12:00:00 AM","4.433181","-75.211139","1,191","Microgramos por metro cúbico","ug/m3","1,440","73","Tolima","73001","Ibagué","Fija"
"8258","CORTOLIMA","CORTOLIMA","PM10","31.96","2023 Aug 14 12:00:00 AM","2023 Aug 15 12:00:00 AM","4.433181","-75.211139","1,191","Microgramos por metro cúbico","ug/m3","1,440","73","Tolima","73001","Ibagué","Fija"
"8258","CORTOLIMA","CORTOLIMA","PM10","27.43","2023 Nov 24 12:00:00 AM","2023 Nov 25 12:00:00 AM","4.433181","-75.211139","1,191","Microgramos por metro cúbico","ug/m3","1,440","73","Tolima","73001","Ibagué","Fija"
"8258","CORTOLIMA","CORTOLIMA","PM10","28.88","2023 Nov 18 12:00:00 AM","2023 Nov 19 12:00:00 AM","4.433181","-75.211139","1,191","Microgramos por metro cúbico","ug/m3","1,440","73","Tolima","73001","Ibagué","Fija"
"8258","CORTOLIMA","CORTOLIMA","PM10","28.89","2023 Feb 28 12:00:00 AM","2023 Mar 01 12:00:00 AM","4.433181","-75.211139","1,191","Microgramos por metro cúbico","ug/m3","1,440","73","Tolima","73001","Ibagué","Fija"
"8258","CORTOLIMA","CORTOLIMA","PM10","23.36","2023 Sep 03 12:00:00 AM","2023 Sep 04 12:00:00 AM","4.433181","-75.211139","1,191","Microgramos por metro cúbico","ug/m3","1,440","73","Tolima","73001","Ibagué","Fija"
"8258","CORTOLIMA","CORTOLIMA","PM10","25.57","2023 Feb 25 12:00:00 AM","2023 Feb 26 12:00:00 AM","4.433181","-75.211139","1,191","Microgramos por metro cúbico","ug/m3","1,440","73","Tolima","73001","Ibagué","Fija"
"8258","CORTOLIMA","CORTOLIMA","PM10","27.09","2023 Oct 23 12:00:00 AM","2023 Oct 24 12:00:00 AM","4.433181","-75.211139","1,191","Microgramos por metro cúbico","ug/m3","1,440","73","Tolima","73001","Ibagué","Fija"
"8258","CORTOLIMA","CORTOLIMA","PM10","27.46","2023 Aug 02 12:00:00 AM","2023 Aug 03 12:00:00 AM","4.433181","-75.211139","1,191","Microgramos por metro cúbico","ug/m3","1,440","73","Tolima","73001","Ibagué","Fija"
"8258","CORTOLIMA","CORTOLIMA","PM10","27.28","2023 Nov 23 12:00:00 AM","2023 Nov 24 12:00:00 AM","4.433181","-75.211139","1,191","Microgramos por metro cúbico","ug/m3","1,440","73","Tolima","73001","Ibagué","Fija"
"8258","CORTOLIMA","CORTOLIMA","PM10","30.38","2023 Mar 02 12:00:00 AM","2023 Mar 03 12:00:00 AM","4.433181","-75.211139","1,191","Microgramos por metro cúbico","ug/m3","1,440","73","Tolima","73001","Ibagué","Fija"
"8258","CORTOLIMA","CORTOLIMA","PM10","32.96","2023 May 12 12:00:00 AM","2023 May 13 12:00:00 AM","4.433181","-75.211139","1,191","Microgramos por metro cúbico","ug/m3","1,440","73","Tolima","73001","Ibagué","Fija"
"8258","CORTOLIMA","CORTOLIMA","PM10","33.34","2023 Jun 29 12:00:00 AM","2023 Jun 30 12:00:00 AM","4.433181","-75.211139","1,191","Microgramos por metro cúbico","ug/m3","1,440","73","Tolima","73001","Ibagué","Fija"
"8258","CORTOLIMA","CORTOLIMA","PM10","27.02","2023 Jun 17 12:00:00 AM","2023 Jun 18 12:00:00 AM","4.433181","-75.211139","1,191","Microgramos por metro cúbico","ug/m3","1,440","73","Tolima","73001","Ibagué","Fija"
"8258","CORTOLIMA","CORTOLIMA","PM10","32.88","2023 May 26 12:00:00 AM","2023 May 27 12:00:00 AM","4.433181","-75.211139","1,191","Microgramos por metro cúbico","ug/m3","1,440","73","Tolima","73001","Ibagué","Fija"
"8258","CORTOLIMA","CORTOLIMA","PM10","21.13","2023 Jan 14 12:00:00 AM","2023 Jan 15 12:00:00 AM","4.433181","-75.211139","1,191","Microgramos por metro cúbico","ug/m3","1,440","73","Tolima","73001","Ibagué","Fija"
"8258","CORTOLIMA","CORTOLIMA","PM10","23.75","2023 Feb 01 12:00:00 AM","2023 Feb 02 12:00:00 AM","4.433181","-75.211139","1,191","Microgramos por metro cúbico","ug/m3","1,440","73","Tolima","73001","Ibagué","Fija"
"8258","CORTOLIMA","CORTOLIMA","PM10","22.4","2023 Jan 15 12:00:00 AM","2023 Jan 16 12:00:00 AM","4.433181","-75.211139","1,191","Microgramos por metro cúbico","ug/m3","1,440","73","Tolima","73001","Ibagué","Fija"
"8258","CORTOLIMA","CORTOLIMA","PM10","24.58","2023 Mar 19 12:00:00 AM","2023 Mar 20 12:00:00 AM","4.433181","-75.211139","1,191","Microgramos por metro cúbico","ug/m3","1,440","73","Tolima","73001","Ibagué","Fija"
"8258","CORTOLIMA","CORTOLIMA","PM10","30.21","2023 Apr 02 12:00:00 AM","2023 Apr 03 12:00:00 AM","4.433181","-75.211139","1,191","Microgramos por metro cúbico","ug/m3","1,440","73","Tolima","73001","Ibagué","Fija"
"8258","CORTOLIMA","CORTOLIMA","PM10","27.82","2023 Jan 27 12:00:00 AM","2023 Jan 28 12:00:00 AM","4.433181","-75.211139","1,191","Microgramos por metro cúbico","ug/m3","1,440","73","Tolima","73001","Ibagué","Fija"
"8258","CORTOLIMA","CORTOLIMA","PM10","30.42","2023 Mar 27 12:00:00 AM","2023 Mar 28 12:00:00 AM","4.433181","-75.211139","1,191","Microgramos por metro cúbico","ug/m3","1,440","73","Tolima","73001","Ibagué","Fija"
"8258","CORTOLIMA","CORTOLIMA","PM10","26.18","2023 Dec 29 12:00:00 AM","2023 Dec 30 12:00:00 AM","4.433181","-75.211139","1,191","Microgramos por metro cúbico","ug/m3","1,440","73","Tolima","73001","Ibagué","Fija"
"8258","CORTOLIMA","CORTOLIMA","PM10","25.64","2023 Oct 29 12:00:00 AM","2023 Oct 30 12:00:00 AM","4.433181","-75.211139","1,191","Microgramos por metro cúbico","ug/m3","1,440","73","Tolima","73001","Ibagué","Fija"
"8258","CORTOLIMA","CORTOLIMA","PM10","25.28","2023 Jan 04 12:00:00 AM","2023 Jan 05 12:00:00 AM","4.433181","-75.211139","1,191","Microgramos por metro cúbico","ug/m3","1,440","73","Tolima","73001","Ibagué","Fija"
"8258","CORTOLIMA","CORTOLIMA","PM10","22.36","2023 Jan 20 12:00:00 AM","2023 Jan 21 12:00:00 AM","4.433181","-75.211139","1,191","Microgramos por metro cúbico","ug/m3","1,440","73","Tolima","73001","Ibagué","Fija"
"8258","CORTOLIMA","CORTOLIMA","PM10","25","2023 Feb 05 12:00:00 AM","2023 Feb 06 12:00:00 AM","4.433181","-75.211139","1,191","Microgramos por metro cúbico","ug/m3","1,440","73","Tolima","73001","Ibagué","Fija"
"8258","CORTOLIMA","CORTOLIMA","PM10","28.31","2023 Aug 26 12:00:00 AM","2023 Aug 27 12:00:00 AM","4.433181","-75.211139","1,191","Microgramos por metro cúbico","ug/m3","1,440","73","Tolima","73001","Ibagué","Fija"
"8258","CORTOLIMA","CORTOLIMA","PM10","28.92","2023 Mar 25 12:00:00 AM","2023 Mar 26 12:00:00 AM","4.433181","-75.211139","1,191","Microgramos por metro cúbico","ug/m3","1,440","73","Tolima","73001","Ibagué","Fija"
"8258","CORTOLIMA","CORTOLIMA","PM10","28.9","2023 Aug 27 12:00:00 AM","2023 Aug 28 12:00:00 AM","4.433181","-75.211139","1,191","Microgramos por metro cúbico","ug/m3","1,440","73","Tolima","73001","Ibagué","Fija"
"8258","CORTOLIMA","CORTOLIMA","PM10","26.65","2023 Feb 07 12:00:00 AM","2023 Feb 08 12:00:00 AM","4.433181","-75.211139","1,191","Microgramos por metro cúbico","ug/m3","1,440","73","Tolima","73001","Ibagué","Fija"
"8258","CORTOLIMA","CORTOLIMA","PM10","25.53","2023 Dec 10 12:00:00 AM","2023 Dec 11 12:00:00 AM","4.433181","-75.211139","1,191","Microgramos por metro cúbico","ug/m3","1,440","73","Tolima","73001","Ibagué","Fija"
"8258","CORTOLIMA","CORTOLIMA","PM10","33.87","2023 May 17 12:00:00 AM","2023 May 18 12:00:00 AM","4.433181","-75.211139","1,191","Microgramos por metro cúbico","ug/m3","1,440","73","Tolima","73001","Ibagué","Fija"
"8258","CORTOLIMA","CORTOLIMA","PM10","30.08","2023 Mar 16 12:00:00 AM","2023 Mar 17 12:00:00 AM","4.433181","-75.211139","1,191","Microgramos por metro cúbico","ug/m3","1,440","73","Tolima","73001","Ibagué","Fija"
"8258","CORTOLIMA","CORTOLIMA","PM10","31.83","2023 Sep 15 12:00:00 AM","2023 Sep 16 12:00:00 AM","4.433181","-75.211139","1,191","Microgramos por metro cúbico","ug/m3","1,440","73","Tolima","73001","Ibagué","Fija"
"8258","CORTOLIMA","CORTOLIMA","PM10","30.71","2023 Mar 09 12:00:00 AM","2023 Mar 10 12:00:00 AM","4.433181","-75.211139","1,191","Microgramos por metro cúbico","ug/m3","1,440","73","Tolima","73001","Ibagué","Fija"
"8258","CORTOLIMA","CORTOLIMA","PM10","29.75","2023 Mar 23 12:00:00 AM","2023 Mar 24 12:00:00 AM","4.433181","-75.211139","1,191","Microgramos por metro cúbico","ug/m3","1,440","73","Tolima","73001","Ibagué","Fija"
"8258","CORTOLIMA","CORTOLIMA","PM10","26.41","2023 Nov 03 12:00:00 AM","2023 Nov 04 12:00:00 AM","4.433181","-75.211139","1,191","Microgramos por metro cúbico","ug/m3","1,440","73","Tolima","73001","Ibagué","Fija"
"8258","CORTOLIMA","CORTOLIMA","PM10","25.37","2023 Feb 16 12:00:00 AM","2023 Feb 17 12:00:00 AM","4.433181","-75.211139","1,191","Microgramos por metro cúbico","ug/m3","1,440","73","Tolima","73001","Ibagué","Fija"
"8258","CORTOLIMA","CORTOLIMA","PM10","35.52","2023 May 05 12:00:00 AM","2023 May 06 12:00:00 AM","4.433181","-75.211139","1,191","Microgramos por metro cúbico","ug/m3","1,440","73","Tolima","73001","Ibagué","Fija"
"8258","CORTOLIMA","CORTOLIMA","PM10","25.03","2023 Feb 14 12:00:00 AM","2023 Feb 15 12:00:00 AM","4.433181","-75.211139","1,191","Microgramos por metro cúbico","ug/m3","1,440","73","Tolima","73001","Ibagué","Fija"
"8258","CORTOLIMA","CORTOLIMA","PM10","35.05","2023 Sep 20 12:00:00 AM","2023 Sep 21 12:00:00 AM","4.433181","-75.211139","1,191","Microgramos por metro cúbico","ug/m3","1,440","73","Tolima","73001","Ibagué","Fija"
"8258","CORTOLIMA","CORTOLIMA","PM10","33.45","2023 Jun 16 12:00:00 AM","2023 Jun 17 12:00:00 AM","4.433181","-75.211139","1,191","Microgramos por metro cúbico","ug/m3","1,440","73","Tolima","73001","Ibagué","Fija"
"8258","CORTOLIMA","CORTOLIMA","PM10","29.86","2023 Jun 24 12:00:00 AM","2023 Jun 25 12:00:00 AM","4.433181","-75.211139","1,191","Microgramos por metro cúbico","ug/m3","1,440","73","Tolima","73001","Ibagué","Fija"
"8258","CORTOLIMA","CORTOLIMA","PM10","31.51","2023 Jun 15 12:00:00 AM","2023 Jun 16 12:00:00 AM","4.433181","-75.211139","1,191","Microgramos por metro cúbico","ug/m3","1,440","73","Tolima","73001","Ibagué","Fija"
"8258","CORTOLIMA","CORTOLIMA","PM10","26.72","2023 Nov 30 12:00:00 AM","2023 Dec 01 12:00:00 AM","4.433181","-75.211139","1,191","Microgramos por metro cúbico","ug/m3","1,440","73","Tolima","73001","Ibagué","Fija"
"8258","CORTOLIMA","CORTOLIMA","PM10","30.29","2023 Feb 15 12:00:00 AM","2023 Feb 16 12:00:00 AM","4.433181","-75.211139","1,191","Microgramos por metro cúbico","ug/m3","1,440","73","Tolima","73001","Ibagué","Fija"
"8258","CORTOLIMA","CORTOLIMA","PM10","30.09","2023 Apr 24 12:00:00 AM","2023 Apr 25 12:00:00 AM","4.433181","-75.211139","1,191","Microgramos por metro cúbico","ug/m3","1,440","73","Tolima","73001","Ibagué","Fija"
"8258","CORTOLIMA","CORTOLIMA","PM10","29.52","2023 May 11 12:00:00 AM","2023 May 12 12:00:00 AM","4.433181","-75.211139","1,191","Microgramos por metro cúbico","ug/m3","1,440","73","Tolima","73001","Ibagué","Fija"
"8258","CORTOLIMA","CORTOLIMA","PM10","30.15","2023 May 04 12:00:00 AM","2023 May 05 12:00:00 AM","4.433181","-75.211139","1,191","Microgramos por metro cúbico","ug/m3","1,440","73","Tolima","73001","Ibagué","Fija"
"8258","CORTOLIMA","CORTOLIMA","PM10","28.63","2023 Mar 24 12:00:00 AM","2023 Mar 25 12:00:00 AM","4.433181","-75.211139","1,191","Microgramos por metro cúbico","ug/m3","1,440","73","Tolima","73001","Ibagué","Fija"
"8258","CORTOLIMA","CORTOLIMA","PM10","35.37","2023 May 10 12:00:00 AM","2023 May 11 12:00:00 AM","4.433181","-75.211139","1,191","Microgramos por metro cúbico","ug/m3","1,440","73","Tolima","73001","Ibagué","Fija"
"8258","CORTOLIMA","CORTOLIMA","PM10","30.02","2023 Oct 18 12:00:00 AM","2023 Oct 19 12:00:00 AM","4.433181","-75.211139","1,191","Microgramos por metro cúbico","ug/m3","1,440","73","Tolima","73001","Ibagué","Fija"
"8258","CORTOLIMA","CORTOLIMA","PM10","35.62","2023 Sep 13 12:00:00 AM","2023 Sep 14 12:00:00 AM","4.433181","-75.211139","1,191","Microgramos por metro cúbico","ug/m3","1,440","73","Tolima","73001","Ibagué","Fija"
"8258","CORTOLIMA","CORTOLIMA","PM10","33.99","2023 Aug 15 12:00:00 AM","2023 Aug 16 12:00:00 AM","4.433181","-75.211139","1,191","Microgramos por metro cúbico","ug/m3","1,440","73","Tolima","73001","Ibagué","Fija"
"8258","CORTOLIMA","CORTOLIMA","PM10","27.74","2023 Dec 07 12:00:00 AM","2023 Dec 08 12:00:00 AM","4.433181","-75.211139","1,191","Microgramos por metro cúbico","ug/m3","1,440","73","Tolima","73001","Ibagué","Fija"
"8258","CORTOLIMA","CORTOLIMA","PM10","28.92","2023 Mar 08 12:00:00 AM","2023 Mar 09 12:00:00 AM","4.433181","-75.211139","1,191","Microgramos por metro cúbico","ug/m3","1,440","73","Tolima","73001","Ibagué","Fija"
"8258","CORTOLIMA","CORTOLIMA","PM10","37.55","2023 Sep 26 12:00:00 AM","2023 Sep 27 12:00:00 AM","4.433181","-75.211139","1,191","Microgramos por metro cúbico","ug/m3","1,440","73","Tolima","73001","Ibagué","Fija"
"8258","CORTOLIMA","CORTOLIMA","PM10","29.09","2023 Jun 06 12:00:00 AM","2023 Jun 07 12:00:00 AM","4.433181","-75.211139","1,191","Microgramos por metro cúbico","ug/m3","1,440","73","Tolima","73001","Ibagué","Fija"
"8258","CORTOLIMA","CORTOLIMA","PM10","26.63","2023 Mar 04 12:00:00 AM","2023 Mar 05 12:00:00 AM","4.433181","-75.211139","1,191","Microgramos por metro cúbico","ug/m3","1,440","73","Tolima","73001","Ibagué","Fija"
"8258","CORTOLIMA","CORTOLIMA","PM10","31.07","2023 Nov 15 12:00:00 AM","2023 Nov 16 12:00:00 AM","4.433181","-75.211139","1,191","Microgramos por metro cúbico","ug/m3","1,440","73","Tolima","73001","Ibagué","Fija"
"8258","CORTOLIMA","CORTOLIMA","PM10","25.88","2023 Jun 04 12:00:00 AM","2023 Jun 05 12:00:00 AM","4.433181","-75.211139","1,191","Microgramos por metro cúbico","ug/m3","1,440","73","Tolima","73001","Ibagué","Fija"
"8258","CORTOLIMA","CORTOLIMA","PM10","27.3","2023 Jan 11 12:00:00 AM","2023 Jan 12 12:00:00 AM","4.433181","-75.211139","1,191","Microgramos por metro cúbico","ug/m3","1,440","73","Tolima","73001","Ibagué","Fija"
"8258","CORTOLIMA","CORTOLIMA","PM10","30.16","2023 Jan 25 12:00:00 AM","2023 Jan 26 12:00:00 AM","4.433181","-75.211139","1,191","Microgramos por metro cúbico","ug/m3","1,440","73","Tolima","73001","Ibagué","Fija"
"8258","CORTOLIMA","CORTOLIMA","PM10","22.46","2023 Feb 08 12:00:00 AM","2023 Feb 09 12:00:00 AM","4.433181","-75.211139","1,191","Microgramos por metro cúbico","ug/m3","1,440","73","Tolima","73001","Ibagué","Fija"
"8258","CORTOLIMA","CORTOLIMA","PM10","25.97","2023 Dec 16 12:00:00 AM","2023 Dec 17 12:00:00 AM","4.433181","-75.211139","1,191","Microgramos por metro cúbico","ug/m3","1,440","73","Tolima","73001","Ibagué","Fija"
"8258","CORTOLIMA","CORTOLIMA","PM10","29.24","2023 Apr 27 12:00:00 AM","2023 Apr 28 12:00:00 AM","4.433181","-75.211139","1,191","Microgramos por metro cúbico","ug/m3","1,440","73","Tolima","73001","Ibagué","Fija"
"8258","CORTOLIMA","CORTOLIMA","PM10","30.46","2023 Nov 13 12:00:00 AM","2023 Nov 14 12:00:00 AM","4.433181","-75.211139","1,191","Microgramos por metro cúbico","ug/m3","1,440","73","Tolima","73001","Ibagué","Fija"
"8258","CORTOLIMA","CORTOLIMA","PM10","29.77","2023 Nov 10 12:00:00 AM","2023 Nov 11 12:00:00 AM","4.433181","-75.211139","1,191","Microgramos por metro cúbico","ug/m3","1,440","73","Tolima","73001","Ibagué","Fija"
"8258","CORTOLIMA","CORTOLIMA","PM10","26.61","2023 Feb 04 12:00:00 AM","2023 Feb 05 12:00:00 AM","4.433181","-75.211139","1,191","Microgramos por metro cúbico","ug/m3","1,440","73","Tolima","73001","Ibagué","Fija"
"8258","CORTOLIMA","CORTOLIMA","PM10","20.07","2023 Feb 12 12:00:00 AM","2023 Feb 13 12:00:00 AM","4.433181","-75.211139","1,191","Microgramos por metro cúbico","ug/m3","1,440","73","Tolima","73001","Ibagué","Fija"
"8258","CORTOLIMA","CORTOLIMA","PM10","38.37","2023 Jul 18 12:00:00 AM","2023 Jul 19 12:00:00 AM","4.433181","-75.211139","1,191","Microgramos por metro cúbico","ug/m3","1,440","73","Tolima","73001","Ibagué","Fija"
"8258","CORTOLIMA","CORTOLIMA","PM10","28","2023 Nov 14 12:00:00 AM","2023 Nov 15 12:00:00 AM","4.433181","-75.211139","1,191","Microgramos por metro cúbico","ug/m3","1,440","73","Tolima","73001","Ibagué","Fija"
"8258","CORTOLIMA","CORTOLIMA","PM10","28.63","2023 May 21 12:00:00 AM","2023 May 22 12:00:00 AM","4.433181","-75.211139","1,191","Microgramos por metro cúbico","ug/m3","1,440","73","Tolima","73001","Ibagué","Fija"
"8258","CORTOLIMA","CORTOLIMA","PM10","32.31","2023 Dec 13 12:00:00 AM","2023 Dec 14 12:00:00 AM","4.433181","-75.211139","1,191","Microgramos por metro cúbico","ug/m3","1,440","73","Tolima","73001","Ibagué","Fija"
"8258","CORTOLIMA","CORTOLIMA","PM10","33.35","2023 Apr 13 12:00:00 AM","2023 Apr 14 12:00:00 AM","4.433181","-75.211139","1,191","Microgramos por metro cúbico","ug/m3","1,440","73","Tolima","73001","Ibagué","Fija"
"8258","CORTOLIMA","CORTOLIMA","PM10","29.07","2023 Feb 22 12:00:00 AM","2023 Feb 23 12:00:00 AM","4.433181","-75.211139","1,191","Microgramos por metro cúbico","ug/m3","1,440","73","Tolima","73001","Ibagué","Fija"
"8258","CORTOLIMA","CORTOLIMA","PM10","31.45","2023 May 08 12:00:00 AM","2023 May 09 12:00:00 AM","4.433181","-75.211139","1,191","Microgramos por metro cúbico","ug/m3","1,440","73","Tolima","73001","Ibagué","Fija"
"8258","CORTOLIMA","CORTOLIMA","PM10","24.64","2023 Jan 03 12:00:00 AM","2023 Jan 04 12:00:00 AM","4.433181","-75.211139","1,191","Microgramos por metro cúbico","ug/m3","1,440","73","Tolima","73001","Ibagué","Fija"
"8258","CORTOLIMA","CORTOLIMA","PM10","28.11","2023 Nov 16 12:00:00 AM","2023 Nov 17 12:00:00 AM","4.433181","-75.211139","1,191","Microgramos por metro cúbico","ug/m3","1,440","73","Tolima","73001","Ibagué","Fija"
"8258","CORTOLIMA","CORTOLIMA","PM10","28.05","2023 Dec 15 12:00:00 AM","2023 Dec 16 12:00:00 AM","4.433181","-75.211139","1,191","Microgramos por metro cúbico","ug/m3","1,440","73","Tolima","73001","Ibagué","Fija"
"8258","CORTOLIMA","CORTOLIMA","PM10","27.84","2023 Oct 16 12:00:00 AM","2023 Oct 17 12:00:00 AM","4.433181","-75.211139","1,191","Microgramos por metro cúbico","ug/m3","1,440","73","Tolima","73001","Ibagué","Fija"
"8258","CORTOLIMA","CORTOLIMA","PM10","23.75","2023 Nov 26 12:00:00 AM","2023 Nov 27 12:00:00 AM","4.433181","-75.211139","1,191","Microgramos por metro cúbico","ug/m3","1,440","73","Tolima","73001","Ibagué","Fija"
"8258","CORTOLIMA","CORTOLIMA","PM10","27.82","2023 Nov 29 12:00:00 AM","2023 Nov 30 12:00:00 AM","4.433181","-75.211139","1,191","Microgramos por metro cúbico","ug/m3","1,440","73","Tolima","73001","Ibagué","Fija"
"8258","CORTOLIMA","CORTOLIMA","PM10","28.83","2023 Apr 14 12:00:00 AM","2023 Apr 15 12:00:00 AM","4.433181","-75.211139","1,191","Microgramos por metro cúbico","ug/m3","1,440","73","Tolima","73001","Ibagué","Fija"
"8258","CORTOLIMA","CORTOLIMA","PM10","25.43","2023 Oct 12 12:00:00 AM","2023 Oct 13 12:00:00 AM","4.433181","-75.211139","1,191","Microgramos por metro cúbico","ug/m3","1,440","73","Tolima","73001","Ibagué","Fija"
"8258","CORTOLIMA","CORTOLIMA","PM10","31.17","2023 Mar 21 12:00:00 AM","2023 Mar 22 12:00:00 AM","4.433181","-75.211139","1,191","Microgramos por metro cúbico","ug/m3","1,440","73","Tolima","73001","Ibagué","Fija"
"8258","CORTOLIMA","CORTOLIMA","PM10","39.71","2023 Sep 12 12:00:00 AM","2023 Sep 13 12:00:00 AM","4.433181","-75.211139","1,191","Microgramos por metro cúbico","ug/m3","1,440","73","Tolima","73001","Ibagué","Fija"
"8258","CORTOLIMA","CORTOLIMA","PM10","23.31","2023 Feb 20 12:00:00 AM","2023 Feb 21 12:00:00 AM","4.433181","-75.211139","1,191","Microgramos por metro cúbico","ug/m3","1,440","73","Tolima","73001","Ibagué","Fija"
"8258","CORTOLIMA","CORTOLIMA","PM10","24.35","2023 Apr 15 12:00:00 AM","2023 Apr 16 12:00:00 AM","4.433181","-75.211139","1,191","Microgramos por metro cúbico","ug/m3","1,440","73","Tolima","73001","Ibagué","Fija"
"8258","CORTOLIMA","CORTOLIMA","PM10","32.92","2023 Aug 11 12:00:00 AM","2023 Aug 12 12:00:00 AM","4.433181","-75.211139","1,191","Microgramos por metro cúbico","ug/m3","1,440","73","Tolima","73001","Ibagué","Fija"
"8258","CORTOLIMA","CORTOLIMA","PM10","33.31","2023 Aug 08 12:00:00 AM","2023 Aug 09 12:00:00 AM","4.433181","-75.211139","1,191","Microgramos por metro cúbico","ug/m3","1,440","73","Tolima","73001","Ibagué","Fija"
"8258","CORTOLIMA","CORTOLIMA","PM10","23.32","2023 Jan 21 12:00:00 AM","2023 Jan 22 12:00:00 AM","4.433181","-75.211139","1,191","Microgramos por metro cúbico","ug/m3","1,440","73","Tolima","73001","Ibagué","Fija"
"8258","CORTOLIMA","CORTOLIMA","PM10","38.99","2023 Sep 17 12:00:00 AM","2023 Sep 18 12:00:00 AM","4.433181","-75.211139","1,191","Microgramos por metro cúbico","ug/m3","1,440","73","Tolima","73001","Ibagué","Fija"
"8258","CORTOLIMA","CORTOLIMA","PM10","33.89","2023 May 29 12:00:00 AM","2023 May 30 12:00:00 AM","4.433181","-75.211139","1,191","Microgramos por metro cúbico","ug/m3","1,440","73","Tolima","73001","Ibagué","Fija"
"8258","CORTOLIMA","CORTOLIMA","PM10","29.48","2023 Apr 28 12:00:00 AM","2023 Apr 29 12:00:00 AM","4.433181","-75.211139","1,191","Microgramos por metro cúbico","ug/m3","1,440","73","Tolima","73001","Ibagué","Fija"
"8258","CORTOLIMA","CORTOLIMA","PM10","37.23","2023 Jul 24 12:00:00 AM","2023 Jul 25 12:00:00 AM","4.433181","-75.211139","1,191","Microgramos por metro cúbico","ug/m3","1,440","73","Tolima","73001","Ibagué","Fija"
"8258","CORTOLIMA","CORTOLIMA","PM10","31.39","2023 Sep 30 12:00:00 AM","2023 Oct 01 12:00:00 AM","4.433181","-75.211139","1,191","Microgramos por metro cúbico","ug/m3","1,440","73","Tolima","73001","Ibagué","Fija"
"8258","CORTOLIMA","CORTOLIMA","PM10","37.17","2023 Jul 25 12:00:00 AM","2023 Jul 26 12:00:00 AM","4.433181","-75.211139","1,191","Microgramos por metro cúbico","ug/m3","1,440","73","Tolima","73001","Ibagué","Fija"
"8258","CORTOLIMA","CORTOLIMA","PM10","27.75","2023 Aug 13 12:00:00 AM","2023 Aug 14 12:00:00 AM","4.433181","-75.211139","1,191","Microgramos por metro cúbico","ug/m3","1,440","73","Tolima","73001","Ibagué","Fija"
"8258","CORTOLIMA","CORTOLIMA","PM10","35.45","2023 Aug 16 12:00:00 AM","2023 Aug 17 12:00:00 AM","4.433181","-75.211139","1,191","Microgramos por metro cúbico","ug/m3","1,440","73","Tolima","73001","Ibagué","Fija"
"8258","CORTOLIMA","CORTOLIMA","PM10","30.66","2023 Jul 09 12:00:00 AM","2023 Jul 10 12:00:00 AM","4.433181","-75.211139","1,191","Microgramos por metro cúbico","ug/m3","1,440","73","Tolima","73001","Ibagué","Fija"
"8258","CORTOLIMA","CORTOLIMA","PM10","34.52","2023 May 02 12:00:00 AM","2023 May 03 12:00:00 AM","4.433181","-75.211139","1,191","Microgramos por metro cúbico","ug/m3","1,440","73","Tolima","73001","Ibagué","Fija"
"8258","CORTOLIMA","CORTOLIMA","PM10","30.12","2023 Apr 25 12:00:00 AM","2023 Apr 26 12:00:00 AM","4.433181","-75.211139","1,191","Microgramos por metro cúbico","ug/m3","1,440","73","Tolima","73001","Ibagué","Fija"
"8258","CORTOLIMA","CORTOLIMA","PM10","39.98","2023 Aug 10 12:00:00 AM","2023 Aug 11 12:00:00 AM","4.433181","-75.211139","1,191","Microgramos por metro cúbico","ug/m3","1,440","73","Tolima","73001","Ibagué","Fija"
"8258","CORTOLIMA","CORTOLIMA","PM10","29.74","2023 Dec 22 12:00:00 AM","2023 Dec 23 12:00:00 AM","4.433181","-75.211139","1,191","Microgramos por metro cúbico","ug/m3","1,440","73","Tolima","73001","Ibagué","Fija"
"8258","CORTOLIMA","CORTOLIMA","PM10","24.95","2023 Aug 03 12:00:00 AM","2023 Aug 04 12:00:00 AM","4.433181","-75.211139","1,191","Microgramos por metro cúbico","ug/m3","1,440","73","Tolima","73001","Ibagué","Fija"
"8258","CORTOLIMA","CORTOLIMA","PM10","34.2","2023 Jul 17 12:00:00 AM","2023 Jul 18 12:00:00 AM","4.433181","-75.211139","1,191","Microgramos por metro cúbico","ug/m3","1,440","73","Tolima","73001","Ibagué","Fija"
"8258","CORTOLIMA","CORTOLIMA","PM10","27.88","2023 Dec 25 12:00:00 AM","2023 Dec 26 12:00:00 AM","4.433181","-75.211139","1,191","Microgramos por metro cúbico","ug/m3","1,440","73","Tolima","73001","Ibagué","Fija"
"8258","CORTOLIMA","CORTOLIMA","PM10","31.06","2023 Jul 14 12:00:00 AM","2023 Jul 15 12:00:00 AM","4.433181","-75.211139","1,191","Microgramos por metro cúbico","ug/m3","1,440","73","Tolima","73001","Ibagué","Fija"
"8258","CORTOLIMA","CORTOLIMA","PM10","31.16","2023 Jul 02 12:00:00 AM","2023 Jul 03 12:00:00 AM","4.433181","-75.211139","1,191","Microgramos por metro cúbico","ug/m3","1,440","73","Tolima","73001","Ibagué","Fija"
"8258","CORTOLIMA","CORTOLIMA","PM10","23.85","2023 Feb 17 12:00:00 AM","2023 Feb 18 12:00:00 AM","4.433181","-75.211139","1,191","Microgramos por metro cúbico","ug/m3","1,440","73","Tolima","73001","Ibagué","Fija"
"8258","CORTOLIMA","CORTOLIMA","PM10","28.41","2023 Oct 03 12:00:00 AM","2023 Oct 04 12:00:00 AM","4.433181","-75.211139","1,191","Microgramos por metro cúbico","ug/m3","1,440","73","Tolima","73001","Ibagué","Fija"
"8258","CORTOLIMA","CORTOLIMA","PM10","33.08","2023 Dec 04 12:00:00 AM","2023 Dec 05 12:00:00 AM","4.433181","-75.211139","1,191","Microgramos por metro cúbico","ug/m3","1,440","73","Tolima","73001","Ibagué","Fija"
"8258","CORTOLIMA","CORTOLIMA","PM10","33.36","2023 May 09 12:00:00 AM","2023 May 10 12:00:00 AM","4.433181","-75.211139","1,191","Microgramos por metro cúbico","ug/m3","1,440","73","Tolima","73001","Ibagué","Fija"
"8258","CORTOLIMA","CORTOLIMA","PM10","29","2023 Mar 31 12:00:00 AM","2023 Apr 01 12:00:00 AM","4.433181","-75.211139","1,191","Microgramos por metro cúbico","ug/m3","1,440","73","Tolima","73001","Ibagué","Fija"
"8258","CORTOLIMA","CORTOLIMA","PM10","31.7","2023 Nov 09 12:00:00 AM","2023 Nov 10 12:00:00 AM","4.433181","-75.211139","1,191","Microgramos por metro cúbico","ug/m3","1,440","73","Tolima","73001","Ibagué","Fija"
"8258","CORTOLIMA","CORTOLIMA","PM10","30.96","2023 Mar 15 12:00:00 AM","2023 Mar 16 12:00:00 AM","4.433181","-75.211139","1,191","Microgramos por metro cúbico","ug/m3","1,440","73","Tolima","73001","Ibagué","Fija"
"8258","CORTOLIMA","CORTOLIMA","PM10","23.93","2023 Nov 22 12:00:00 AM","2023 Nov 23 12:00:00 AM","4.433181","-75.211139","1,191","Microgramos por metro cúbico","ug/m3","1,440","73","Tolima","73001","Ibagué","Fija"
"8258","CORTOLIMA","CORTOLIMA","PM10","22.08","2023 Dec 24 12:00:00 AM","2023 Dec 25 12:00:00 AM","4.433181","-75.211139","1,191","Microgramos por metro cúbico","ug/m3","1,440","73","Tolima","73001","Ibagué","Fija"
"8258","CORTOLIMA","CORTOLIMA","PM10","37.45","2023 Jul 29 12:00:00 AM","2023 Jul 30 12:00:00 AM","4.433181","-75.211139","1,191","Microgramos por metro cúbico","ug/m3","1,440","73","Tolima","73001","Ibagué","Fija"
"8258","CORTOLIMA","CORTOLIMA","PM10","30.8","2023 Aug 24 12:00:00 AM","2023 Aug 25 12:00:00 AM","4.433181","-75.211139","1,191","Microgramos por metro cúbico","ug/m3","1,440","73","Tolima","73001","Ibagué","Fija"
"8258","CORTOLIMA","CORTOLIMA","PM10","38.64","2023 Jul 12 12:00:00 AM","2023 Jul 13 12:00:00 AM","4.433181","-75.211139","1,191","Microgramos por metro cúbico","ug/m3","1,440","73","Tolima","73001","Ibagué","Fija"
"8258","CORTOLIMA","CORTOLIMA","PM10","31.25","2023 Mar 14 12:00:00 AM","2023 Mar 15 12:00:00 AM","4.433181","-75.211139","1,191","Microgramos por metro cúbico","ug/m3","1,440","73","Tolima","73001","Ibagué","Fija"
"8258","CORTOLIMA","CORTOLIMA","PM10","35.89","2023 Jun 13 12:00:00 AM","2023 Jun 14 12:00:00 AM","4.433181","-75.211139","1,191","Microgramos por metro cúbico","ug/m3","1,440","73","Tolima","73001","Ibagué","Fija"
"8258","CORTOLIMA","CORTOLIMA","PM10","37.31","2023 Sep 24 12:00:00 AM","2023 Sep 25 12:00:00 AM","4.433181","-75.211139","1,191","Microgramos por metro cúbico","ug/m3","1,440","73","Tolima","73001","Ibagué","Fija"
"8258","CORTOLIMA","CORTOLIMA","PM10","25.76","2023 May 14 12:00:00 AM","2023 May 15 12:00:00 AM","4.433181","-75.211139","1,191","Microgramos por metro cúbico","ug/m3","1,440","73","Tolima","73001","Ibagué","Fija"
"8258","CORTOLIMA","CORTOLIMA","PM10","35.74","2023 Sep 21 12:00:00 AM","2023 Sep 22 12:00:00 AM","4.433181","-75.211139","1,191","Microgramos por metro cúbico","ug/m3","1,440","73","Tolima","73001","Ibagué","Fija"
"8258","CORTOLIMA","CORTOLIMA","PM10","30.01","2023 Oct 19 12:00:00 AM","2023 Oct 20 12:00:00 AM","4.433181","-75.211139","1,191","Microgramos por metro cúbico","ug/m3","1,440","73","Tolima","73001","Ibagué","Fija"
"8258","CORTOLIMA","CORTOLIMA","PM10","32.4","2023 Aug 29 12:00:00 AM","2023 Aug 30 12:00:00 AM","4.433181","-75.211139","1,191","Microgramos por metro cúbico","ug/m3","1,440","73","Tolima","73001","Ibagué","Fija"
"8258","CORTOLIMA","CORTOLIMA","PM10","30.27","2023 Jun 08 12:00:00 AM","2023 Jun 09 12:00:00 AM","4.433181","-75.211139","1,191","Microgramos por metro cúbico","ug/m3","1,440","73","Tolima","73001","Ibagué","Fija"
"8258","CORTOLIMA","CORTOLIMA","PM10","28.9","2023 Aug 20 12:00:00 AM","2023 Aug 21 12:00:00 AM","4.433181","-75.211139","1,191","Microgramos por metro cúbico","ug/m3","1,440","73","Tolima","73001","Ibagué","Fija"
"8258","CORTOLIMA","CORTOLIMA","PM10","32.12","2023 Jul 30 12:00:00 AM","2023 Jul 31 12:00:00 AM","4.433181","-75.211139","1,191","Microgramos por metro cúbico","ug/m3","1,440","73","Tolima","73001","Ibagué","Fija"
"8258","CORTOLIMA","CORTOLIMA","PM10","28.02","2023 Dec 02 12:00:00 AM","2023 Dec 03 12:00:00 AM","4.433181","-75.211139","1,191","Microgramos por metro cúbico","ug/m3","1,440","73","Tolima","73001","Ibagué","Fija"
"8258","CORTOLIMA","CORTOLIMA","PM10","26.41","2023 May 28 12:00:00 AM","2023 May 29 12:00:00 AM","4.433181","-75.211139","1,191","Microgramos por metro cúbico","ug/m3","1,440","73","Tolima","73001","Ibagué","Fija"
"8258","CORTOLIMA","CORTOLIMA","PM10","31.03","2023 Jun 07 12:00:00 AM","2023 Jun 08 12:00:00 AM","4.433181","-75.211139","1,191","Microgramos por metro cúbico","ug/m3","1,440","73","Tolima","73001","Ibagué","Fija"
"8258","CORTOLIMA","CORTOLIMA","PM10","30.64","2023 May 27 12:00:00 AM","2023 May 28 12:00:00 AM","4.433181","-75.211139","1,191","Microgramos por metro cúbico","ug/m3","1,440","73","Tolima","73001","Ibagué","Fija"
"8258","CORTOLIMA","CORTOLIMA","PM10","29.27","2023 Nov 04 12:00:00 AM","2023 Nov 05 12:00:00 AM","4.433181","-75.211139","1,191","Microgramos por metro cúbico","ug/m3","1,440","73","Tolima","73001","Ibagué","Fija"
"31477","CORTOLIMA","POLICÍA DE CARRETERAS","PM10","31.34","2024 Dec 23 12:00:00 AM","2024 Dec 24 12:00:00 AM","4.435278","-75.202222","1,126","Microgramos por metro cúbico","ug/m3","1,440","73","Tolima","73001","Ibagué","Fija"
"31477","CORTOLIMA","POLICÍA DE CARRETERAS","PM10","36.15","2024 Apr 02 12:00:00 AM","2024 Apr 03 12:00:00 AM","4.435278","-75.202222","1,126","Microgramos por metro cúbico","ug/m3","1,440","73","Tolima","73001","Ibagué","Fija"
"8258","CORTOLIMA","CORTOLIMA","PM10","32.69","2024 Feb 15 12:00:00 AM","2024 Feb 16 12:00:00 AM","4.433181","-75.211139","1,191","Microgramos por metro cúbico","ug/m3","1,440","73","Tolima","73001","Ibagué","Fija"
"8258","CORTOLIMA","CORTOLIMA","PM10","36.49","2024 Aug 15 12:00:00 AM","2024 Aug 16 12:00:00 AM","4.433181","-75.211139","1,191","Microgramos por metro cúbico","ug/m3","1,440","73","Tolima","73001","Ibagué","Fija"
"8258","CORTOLIMA","CORTOLIMA","PM10","40.18","2024 Mar 13 12:00:00 AM","2024 Mar 14 12:00:00 AM","4.433181","-75.211139","1,191","Microgramos por metro cúbico","ug/m3","1,440","73","Tolima","73001","Ibagué","Fija"
"8258","CORTOLIMA","CORTOLIMA","PM10","34.09","2024 Feb 23 12:00:00 AM","2024 Feb 24 12:00:00 AM","4.433181","-75.211139","1,191","Microgramos por metro cúbico","ug/m3","1,440","73","Tolima","73001","Ibagué","Fija"
"8258","CORTOLIMA","CORTOLIMA","PM10","38.17","2024 Oct 15 12:00:00 AM","2024 Oct 16 12:00:00 AM","4.433181","-75.211139","1,191","Microgramos por metro cúbico","ug/m3","1,440","73","Tolima","73001","Ibagué","Fija"
"8258","CORTOLIMA","CORTOLIMA","PM10","41.92","2024 Sep 23 12:00:00 AM","2024 Sep 24 12:00:00 AM","4.433181","-75.211139","1,191","Microgramos por metro cúbico","ug/m3","1,440","73","Tolima","73001","Ibagué","Fija"
"31477","CORTOLIMA","POLICÍA DE CARRETERAS","PM10","33.44","2024 Jul 27 12:00:00 AM","2024 Jul 28 12:00:00 AM","4.435278","-75.202222","1,126","Microgramos por metro cúbico","ug/m3","1,440","73","Tolima","73001","Ibagué","Fija"
"8258","CORTOLIMA","CORTOLIMA","PM10","25.5","2024 Oct 20 12:00:00 AM","2024 Oct 21 12:00:00 AM","4.433181","-75.211139","1,191","Microgramos por metro cúbico","ug/m3","1,440","73","Tolima","73001","Ibagué","Fija"
"31477","CORTOLIMA","POLICÍA DE CARRETERAS","PM10","30.94","2024 Aug 04 12:00:00 AM","2024 Aug 05 12:00:00 AM","4.435278","-75.202222","1,126","Microgramos por metro cúbico","ug/m3","1,440","73","Tolima","73001","Ibagué","Fija"
"8258","CORTOLIMA","CORTOLIMA","PM10","27.75","2024 Jan 08 12:00:00 AM","2024 Jan 09 12:00:00 AM","4.433181","-75.211139","1,191","Microgramos por metro cúbico","ug/m3","1,440","73","Tolima","73001","Ibagué","Fija"
"8258","CORTOLIMA","CORTOLIMA","PM10","39.17","2024 Oct 03 12:00:00 AM","2024 Oct 04 12:00:00 AM","4.433181","-75.211139","1,191","Microgramos por metro cúbico","ug/m3","1,440","73","Tolima","73001","Ibagué","Fija"
"8258","CORTOLIMA","CORTOLIMA","PM10","26.69","2024 Jun 02 12:00:00 AM","2024 Jun 03 12:00:00 AM","4.433181","-75.211139","1,191","Microgramos por metro cúbico","ug/m3","1,440","73","Tolima","73001","Ibagué","Fija"
"8258","CORTOLIMA","CORTOLIMA","PM10","35.92","2024 Sep 08 12:00:00 AM","2024 Sep 09 12:00:00 AM","4.433181","-75.211139","1,191","Microgramos por metro cúbico","ug/m3","1,440","73","Tolima","73001","Ibagué","Fija"
"8258","CORTOLIMA","CORTOLIMA","PM10","21.75","2024 Nov 16 12:00:00 AM","2024 Nov 17 12:00:00 AM","4.433181","-75.211139","1,191","Microgramos por metro cúbico","ug/m3","1,440","73","Tolima","73001","Ibagué","Fija"
"8258","CORTOLIMA","CORTOLIMA","PM10","38.15","2024 Mar 05 12:00:00 AM","2024 Mar 06 12:00:00 AM","4.433181","-75.211139","1,191","Microgramos por metro cúbico","ug/m3","1,440","73","Tolima","73001","Ibagué","Fija"
"8258","CORTOLIMA","CORTOLIMA","PM10","39.61","2024 Aug 30 12:00:00 AM","2024 Aug 31 12:00:00 AM","4.433181","-75.211139","1,191","Microgramos por metro cúbico","ug/m3","1,440","73","Tolima","73001","Ibagué","Fija"
"8258","CORTOLIMA","CORTOLIMA","PM10","31.54","2024 Aug 04 12:00:00 AM","2024 Aug 05 12:00:00 AM","4.433181","-75.211139","1,191","Microgramos por metro cúbico","ug/m3","1,440","73","Tolima","73001","Ibagué","Fija"
"31477","CORTOLIMA","POLICÍA DE CARRETERAS","PM10","30.01","2024 Nov 02 12:00:00 AM","2024 Nov 03 12:00:00 AM","4.435278","-75.202222","1,126","Microgramos por metro cúbico","ug/m3","1,440","73","Tolima","73001","Ibagué","Fija"
"31477","CORTOLIMA","POLICÍA DE CARRETERAS","PM10","44.07","2024 Sep 15 12:00:00 AM","2024 Sep 16 12:00:00 AM","4.435278","-75.202222","1,126","Microgramos por metro cúbico","ug/m3","1,440","73","Tolima","73001","Ibagué","Fija"
"8258","CORTOLIMA","CORTOLIMA","PM10","27.48","2024 May 15 12:00:00 AM","2024 May 16 12:00:00 AM","4.433181","-75.211139","1,191","Microgramos por metro cúbico","ug/m3","1,440","73","Tolima","73001","Ibagué","Fija"
"8258","CORTOLIMA","CORTOLIMA","PM10","26.17","2024 Dec 10 12:00:00 AM","2024 Dec 11 12:00:00 AM","4.433181","-75.211139","1,191","Microgramos por metro cúbico","ug/m3","1,440","73","Tolima","73001","Ibagué","Fija"
"8258","CORTOLIMA","CORTOLIMA","PM10","33.29","2024 Oct 23 12:00:00 AM","2024 Oct 24 12:00:00 AM","4.433181","-75.211139","1,191","Microgramos por metro cúbico","ug/m3","1,440","73","Tolima","73001","Ibagué","Fija"
"8258","CORTOLIMA","CORTOLIMA","PM10","29.65","2024 Apr 29 12:00:00 AM","2024 Apr 30 12:00:00 AM","4.433181","-75.211139","1,191","Microgramos por metro cúbico","ug/m3","1,440","73","Tolima","73001","Ibagué","Fija"
"8258","CORTOLIMA","CORTOLIMA","PM10","23.42","2024 Dec 14 12:00:00 AM","2024 Dec 15 12:00:00 AM","4.433181","-75.211139","1,191","Microgramos por metro cúbico","ug/m3","1,440","73","Tolima","73001","Ibagué","Fija"
"8258","CORTOLIMA","CORTOLIMA","PM10","32.96","2024 Feb 16 12:00:00 AM","2024 Feb 17 12:00:00 AM","4.433181","-75.211139","1,191","Microgramos por metro cúbico","ug/m3","1,440","73","Tolima","73001","Ibagué","Fija"
"31477","CORTOLIMA","POLICÍA DE CARRETERAS","PM10","31.46","2024 Feb 11 12:00:00 AM","2024 Feb 12 12:00:00 AM","4.435278","-75.202222","1,126","Microgramos por metro cúbico","ug/m3","1,440","73","Tolima","73001","Ibagué","Fija"
"8258","CORTOLIMA","CORTOLIMA","PM10","28.21","2024 Oct 25 12:00:00 AM","2024 Oct 26 12:00:00 AM","4.433181","-75.211139","1,191","Microgramos por metro cúbico","ug/m3","1,440","73","Tolima","73001","Ibagué","Fija"
"8258","CORTOLIMA","CORTOLIMA","PM10","32.83","2024 Jul 16 12:00:00 AM","2024 Jul 17 12:00:00 AM","4.433181","-75.211139","1,191","Microgramos por metro cúbico","ug/m3","1,440","73","Tolima","73001","Ibagué","Fija"
"31477","CORTOLIMA","POLICÍA DE CARRETERAS","PM10","28.09","2024 Jan 15 12:00:00 AM","2024 Jan 16 12:00:00 AM","4.435278","-75.202222","1,126","Microgramos por metro cúbico","ug/m3","1,440","73","Tolima","73001","Ibagué","Fija"
"8258","CORTOLIMA","CORTOLIMA","PM10","25.38","2024 Dec 09 12:00:00 AM","2024 Dec 10 12:00:00 AM","4.433181","-75.211139","1,191","Microgramos por metro cúbico","ug/m3","1,440","73","Tolima","73001","Ibagué","Fija"
"8258","CORTOLIMA","CORTOLIMA","PM10","25.21","2024 Nov 26 12:00:00 AM","2024 Nov 27 12:00:00 AM","4.433181","-75.211139","1,191","Microgramos por metro cúbico","ug/m3","1,440","73","Tolima","73001","Ibagué","Fija"
"31477","CORTOLIMA","POLICÍA DE CARRETERAS","PM10","38.46","2024 Aug 22 12:00:00 AM","2024 Aug 23 12:00:00 AM","4.435278","-75.202222","1,126","Microgramos por metro cúbico","ug/m3","1,440","73","Tolima","73001","Ibagué","Fija"
"31477","CORTOLIMA","POLICÍA DE CARRETERAS","PM10","26.57","2024 May 08 12:00:00 AM","2024 May 09 12:00:00 AM","4.435278","-75.202222","1,126","Microgramos por metro cúbico","ug/m3","1,440","73","Tolima","73001","Ibagué","Fija"
"8258","CORTOLIMA","CORTOLIMA","PM10","39.99","2024 Mar 20 12:00:00 AM","2024 Mar 21 12:00:00 AM","4.433181","-75.211139","1,191","Microgramos por metro cúbico","ug/m3","1,440","73","Tolima","73001","Ibagué","Fija"
"8258","CORTOLIMA","CORTOLIMA","PM10","36.78","2024 Apr 12 12:00:00 AM","2024 Apr 13 12:00:00 AM","4.433181","-75.211139","1,191","Microgramos por metro cúbico","ug/m3","1,440","73","Tolima","73001","Ibagué","Fija"
"8258","CORTOLIMA","CORTOLIMA","PM10","38.65","2024 Aug 29 12:00:00 AM","2024 Aug 30 12:00:00 AM","4.433181","-75.211139","1,191","Microgramos por metro cúbico","ug/m3","1,440","73","Tolima","73001","Ibagué","Fija"
"8258","CORTOLIMA","CORTOLIMA","PM10","32.49","2024 May 27 12:00:00 AM","2024 May 28 12:00:00 AM","4.433181","-75.211139","1,191","Microgramos por metro cúbico","ug/m3","1,440","73","Tolima","73001","Ibagué","Fija"
"8258","CORTOLIMA","CORTOLIMA","PM10","34.93","2024 Jun 05 12:00:00 AM","2024 Jun 06 12:00:00 AM","4.433181","-75.211139","1,191","Microgramos por metro cúbico","ug/m3","1,440","73","Tolima","73001","Ibagué","Fija"
"8258","CORTOLIMA","CORTOLIMA","PM10","29.6","2024 May 26 12:00:00 AM","2024 May 27 12:00:00 AM","4.433181","-75.211139","1,191","Microgramos por metro cúbico","ug/m3","1,440","73","Tolima","73001","Ibagué","Fija"
"8258","CORTOLIMA","CORTOLIMA","PM10","24.88","2024 Oct 27 12:00:00 AM","2024 Oct 28 12:00:00 AM","4.433181","-75.211139","1,191","Microgramos por metro cúbico","ug/m3","1,440","73","Tolima","73001","Ibagué","Fija"
"8258","CORTOLIMA","CORTOLIMA","PM10","40.73","2024 Mar 28 12:00:00 AM","2024 Mar 29 12:00:00 AM","4.433181","-75.211139","1,191","Microgramos por metro cúbico","ug/m3","1,440","73","Tolima","73001","Ibagué","Fija"
"31477","CORTOLIMA","POLICÍA DE CARRETERAS","PM10","34.01","2024 May 02 12:00:00 AM","2024 May 03 12:00:00 AM","4.435278","-75.202222","1,126","Microgramos por metro cúbico","ug/m3","1,440","73","Tolima","73001","Ibagué","Fija"
"8258","CORTOLIMA","CORTOLIMA","PM10","34.97","2024 Feb 19 12:00:00 AM","2024 Feb 20 12:00:00 AM","4.433181","-75.211139","1,191","Microgramos por metro cúbico","ug/m3","1,440","73","Tolima","73001","Ibagué","Fija"
"8258","CORTOLIMA","CORTOLIMA","PM10","25.17","2024 Dec 12 12:00:00 AM","2024 Dec 13 12:00:00 AM","4.433181","-75.211139","1,191","Microgramos por metro cúbico","ug/m3","1,440","73","Tolima","73001","Ibagué","Fija"
"8258","CORTOLIMA","CORTOLIMA","PM10","26.83","2024 Nov 12 12:00:00 AM","2024 Nov 13 12:00:00 AM","4.433181","-75.211139","1,191","Microgramos por metro cúbico","ug/m3","1,440","73","Tolima","73001","Ibagué","Fija"
"8258","CORTOLIMA","CORTOLIMA","PM10","29.31","2024 Feb 03 12:00:00 AM","2024 Feb 04 12:00:00 AM","4.433181","-75.211139","1,191","Microgramos por metro cúbico","ug/m3","1,440","73","Tolima","73001","Ibagué","Fija"
"8258","CORTOLIMA","CORTOLIMA","PM10","30.38","2024 Jan 22 12:00:00 AM","2024 Jan 23 12:00:00 AM","4.433181","-75.211139","1,191","Microgramos por metro cúbico","ug/m3","1,440","73","Tolima","73001","Ibagué","Fija"
"31477","CORTOLIMA","POLICÍA DE CARRETERAS","PM10","31.69","2024 Feb 14 12:00:00 AM","2024 Feb 15 12:00:00 AM","4.435278","-75.202222","1,126","Microgramos por metro cúbico","ug/m3","1,440","73","Tolima","73001","Ibagué","Fija"
"8258","CORTOLIMA","CORTOLIMA","PM10","28","2024 Dec 21 12:00:00 AM","2024 Dec 22 12:00:00 AM","4.433181","-75.211139","1,191","Microgramos por metro cúbico","ug/m3","1,440","73","Tolima","73001","Ibagué","Fija"
"8258","CORTOLIMA","CORTOLIMA","PM10","40.84","2024 Aug 28 12:00:00 AM","2024 Aug 29 12:00:00 AM","4.433181","-75.211139","1,191","Microgramos por metro cúbico","ug/m3","1,440","73","Tolima","73001","Ibagué","Fija"
"8258","CORTOLIMA","CORTOLIMA","PM10","39.07","2024 Aug 13 12:00:00 AM","2024 Aug 14 12:00:00 AM","4.433181","-75.211139","1,191","Microgramos por metro cúbico","ug/m3","1,440","73","Tolima","73001","Ibagué","Fija"
"8258","CORTOLIMA","CORTOLIMA","PM10","38.33","2024 Aug 01 12:00:00 AM","2024 Aug 02 12:00:00 AM","4.433181","-75.211139","1,191","Microgramos por metro cúbico","ug/m3","1,440","73","Tolima","73001","Ibagué","Fija"
"8258","CORTOLIMA","CORTOLIMA","PM10","26.75","2024 Dec 19 12:00:00 AM","2024 Dec 20 12:00:00 AM","4.433181","-75.211139","1,191","Microgramos por metro cúbico","ug/m3","1,440","73","Tolima","73001","Ibagué","Fija"
"8258","CORTOLIMA","CORTOLIMA","PM10","22.81","2024 Jul 06 12:00:00 AM","2024 Jul 07 12:00:00 AM","4.433181","-75.211139","1,191","Microgramos por metro cúbico","ug/m3","1,440","73","Tolima","73001","Ibagué","Fija"
"8258","CORTOLIMA","CORTOLIMA","PM10","28.21","2024 Dec 28 12:00:00 AM","2024 Dec 29 12:00:00 AM","4.433181","-75.211139","1,191","Microgramos por metro cúbico","ug/m3","1,440","73","Tolima","73001","Ibagué","Fija"
"31477","CORTOLIMA","POLICÍA DE CARRETERAS","PM10","35.26","2024 Mar 06 12:00:00 AM","2024 Mar 07 12:00:00 AM","4.435278","-75.202222","1,126","Microgramos por metro cúbico","ug/m3","1,440","73","Tolima","73001","Ibagué","Fija"
"8258","CORTOLIMA","CORTOLIMA","PM10","34.87","2024 Aug 17 12:00:00 AM","2024 Aug 18 12:00:00 AM","4.433181","-75.211139","1,191","Microgramos por metro cúbico","ug/m3","1,440","73","Tolima","73001","Ibagué","Fija"
"8258","CORTOLIMA","CORTOLIMA","PM10","36.76","2024 Feb 14 12:00:00 AM","2024 Feb 15 12:00:00 AM","4.433181","-75.211139","1,191","Microgramos por metro cúbico","ug/m3","1,440","73","Tolima","73001","Ibagué","Fija"
"31477","CORTOLIMA","POLICÍA DE CARRETERAS","PM10","34.14","2024 Dec 26 12:00:00 AM","2024 Dec 27 12:00:00 AM","4.435278","-75.202222","1,126","Microgramos por metro cúbico","ug/m3","1,440","73","Tolima","73001","Ibagué","Fija"
"8258","CORTOLIMA","CORTOLIMA","PM10","42.04","2024 Sep 11 12:00:00 AM","2024 Sep 12 12:00:00 AM","4.433181","-75.211139","1,191","Microgramos por metro cúbico","ug/m3","1,440","73","Tolima","73001","Ibagué","Fija"
"8258","CORTOLIMA","CORTOLIMA","PM10","32.19","2024 May 10 12:00:00 AM","2024 May 11 12:00:00 AM","4.433181","-75.211139","1,191","Microgramos por metro cúbico","ug/m3","1,440","73","Tolima","73001","Ibagué","Fija"
"8258","CORTOLIMA","CORTOLIMA","PM10","40.38","2024 Apr 03 12:00:00 AM","2024 Apr 04 12:00:00 AM","4.433181","-75.211139","1,191","Microgramos por metro cúbico","ug/m3","1,440","73","Tolima","73001","Ibagué","Fija"
"8258","CORTOLIMA","CORTOLIMA","PM10","24.75","2024 Dec 13 12:00:00 AM","2024 Dec 14 12:00:00 AM","4.433181","-75.211139","1,191","Microgramos por metro cúbico","ug/m3","1,440","73","Tolima","73001","Ibagué","Fija"
"8258","CORTOLIMA","CORTOLIMA","PM10","24.42","2024 Jun 25 12:00:00 AM","2024 Jun 26 12:00:00 AM","4.433181","-75.211139","1,191","Microgramos por metro cúbico","ug/m3","1,440","73","Tolima","73001","Ibagué","Fija"
"8258","CORTOLIMA","CORTOLIMA","PM10","27.94","2024 May 24 12:00:00 AM","2024 May 25 12:00:00 AM","4.433181","-75.211139","1,191","Microgramos por metro cúbico","ug/m3","1,440","73","Tolima","73001","Ibagué","Fija"
"8258","CORTOLIMA","CORTOLIMA","PM10","33.38","2024 May 28 12:00:00 AM","2024 May 29 12:00:00 AM","4.433181","-75.211139","1,191","Microgramos por metro cúbico","ug/m3","1,440","73","Tolima","73001","Ibagué","Fija"
"8258","CORTOLIMA","CORTOLIMA","PM10","20.93","2024 Jun 30 12:00:00 AM","2024 Jul 01 12:00:00 AM","4.433181","-75.211139","1,191","Microgramos por metro cúbico","ug/m3","1,440","73","Tolima","73001","Ibagué","Fija"
"8258","CORTOLIMA","CORTOLIMA","PM10","30.96","2024 Oct 10 12:00:00 AM","2024 Oct 11 12:00:00 AM","4.433181","-75.211139","1,191","Microgramos por metro cúbico","ug/m3","1,440","73","Tolima","73001","Ibagué","Fija"
"8258","CORTOLIMA","CORTOLIMA","PM10","28.46","2024 Oct 24 12:00:00 AM","2024 Oct 25 12:00:00 AM","4.433181","-75.211139","1,191","Microgramos por metro cúbico","ug/m3","1,440","73","Tolima","73001","Ibagué","Fija"
"8258","CORTOLIMA","CORTOLIMA","PM10","40.63","2024 Sep 09 12:00:00 AM","2024 Sep 10 12:00:00 AM","4.433181","-75.211139","1,191","Microgramos por metro cúbico","ug/m3","1,440","73","Tolima","73001","Ibagué","Fija"
"31477","CORTOLIMA","POLICÍA DE CARRETERAS","PM10","31.56","2024 May 29 12:00:00 AM","2024 May 30 12:00:00 AM","4.435278","-75.202222","1,126","Microgramos por metro cúbico","ug/m3","1,440","73","Tolima","73001","Ibagué","Fija"
"8258","CORTOLIMA","CORTOLIMA","PM10","37.13","2024 Mar 08 12:00:00 AM","2024 Mar 09 12:00:00 AM","4.433181","-75.211139","1,191","Microgramos por metro cúbico","ug/m3","1,440","73","Tolima","73001","Ibagué","Fija"
"8258","CORTOLIMA","CORTOLIMA","PM10","26.08","2024 Nov 14 12:00:00 AM","2024 Nov 15 12:00:00 AM","4.433181","-75.211139","1,191","Microgramos por metro cúbico","ug/m3","1,440","73","Tolima","73001","Ibagué","Fija"
"8258","CORTOLIMA","CORTOLIMA","PM10","23.88","2024 Jul 08 12:00:00 AM","2024 Jul 09 12:00:00 AM","4.433181","-75.211139","1,191","Microgramos por metro cúbico","ug/m3","1,440","73","Tolima","73001","Ibagué","Fija"
"8258","CORTOLIMA","CORTOLIMA","PM10","21.03","2024 Jun 23 12:00:00 AM","2024 Jun 24 12:00:00 AM","4.433181","-75.211139","1,191","Microgramos por metro cúbico","ug/m3","1,440","73","Tolima","73001","Ibagué","Fija"
"31477","CORTOLIMA","POLICÍA DE CARRETERAS","PM10","36.48","2024 Apr 08 12:00:00 AM","2024 Apr 09 12:00:00 AM","4.435278","-75.202222","1,126","Microgramos por metro cúbico","ug/m3","1,440","73","Tolima","73001","Ibagué","Fija"
"31477","CORTOLIMA","POLICÍA DE CARRETERAS","PM10","26.07","2024 Apr 23 12:00:00 AM","2024 Apr 24 12:00:00 AM","4.435278","-75.202222","1,126","Microgramos por metro cúbico","ug/m3","1,440","73","Tolima","73001","Ibagué","Fija"
"8258","CORTOLIMA","CORTOLIMA","PM10","33.83","2024 Oct 04 12:00:00 AM","2024 Oct 05 12:00:00 AM","4.433181","-75.211139","1,191","Microgramos por metro cúbico","ug/m3","1,440","73","Tolima","73001","Ibagué","Fija"
"8258","CORTOLIMA","CORTOLIMA","PM10","36.98","2024 Mar 18 12:00:00 AM","2024 Mar 19 12:00:00 AM","4.433181","-75.211139","1,191","Microgramos por metro cúbico","ug/m3","1,440","73","Tolima","73001","Ibagué","Fija"
"8258","CORTOLIMA","CORTOLIMA","PM10","32.29","2024 Oct 16 12:00:00 AM","2024 Oct 17 12:00:00 AM","4.433181","-75.211139","1,191","Microgramos por metro cúbico","ug/m3","1,440","73","Tolima","73001","Ibagué","Fija"
"31477","CORTOLIMA","POLICÍA DE CARRETERAS","PM10","30.91","2024 Apr 26 12:00:00 AM","2024 Apr 27 12:00:00 AM","4.435278","-75.202222","1,126","Microgramos por metro cúbico","ug/m3","1,440","73","Tolima","73001","Ibagué","Fija"
"8258","CORTOLIMA","CORTOLIMA","PM10","39.22","2024 Mar 19 12:00:00 AM","2024 Mar 20 12:00:00 AM","4.433181","-75.211139","1,191","Microgramos por metro cúbico","ug/m3","1,440","73","Tolima","73001","Ibagué","Fija"
"8258","CORTOLIMA","CORTOLIMA","PM10","19.75","2024 Nov 24 12:00:00 AM","2024 Nov 25 12:00:00 AM","4.433181","-75.211139","1,191","Microgramos por metro cúbico","ug/m3","1,440","73","Tolima","73001","Ibagué","Fija"
"8258","CORTOLIMA","CORTOLIMA","PM10","37.46","2024 Aug 24 12:00:00 AM","2024 Aug 25 12:00:00 AM","4.433181","-75.211139","1,191","Microgramos por metro cúbico","ug/m3","1,440","73","Tolima","73001","Ibagué","Fija"
"8258","CORTOLIMA","CORTOLIMA","PM10","23.73","2024 Jun 16 12:00:00 AM","2024 Jun 17 12:00:00 AM","4.433181","-75.211139","1,191","Microgramos por metro cúbico","ug/m3","1,440","73","Tolima","73001","Ibagué","Fija"
"8258","CORTOLIMA","CORTOLIMA","PM10","39.22","2024 Aug 26 12:00:00 AM","2024 Aug 27 12:00:00 AM","4.433181","-75.211139","1,191","Microgramos por metro cúbico","ug/m3","1,440","73","Tolima","73001","Ibagué","Fija"
"8258","CORTOLIMA","CORTOLIMA","PM10","37.06","2024 Aug 10 12:00:00 AM","2024 Aug 11 12:00:00 AM","4.433181","-75.211139","1,191","Microgramos por metro cúbico","ug/m3","1,440","73","Tolima","73001","Ibagué","Fija"
"8258","CORTOLIMA","CORTOLIMA","PM10","23.96","2024 Jan 26 12:00:00 AM","2024 Jan 27 12:00:00 AM","4.433181","-75.211139","1,191","Microgramos por metro cúbico","ug/m3","1,440","73","Tolima","73001","Ibagué","Fija"
"8258","CORTOLIMA","CORTOLIMA","PM10","45.98","2024 Mar 27 12:00:00 AM","2024 Mar 28 12:00:00 AM","4.433181","-75.211139","1,191","Microgramos por metro cúbico","ug/m3","1,440","73","Tolima","73001","Ibagué","Fija"
"31477","CORTOLIMA","POLICÍA DE CARRETERAS","PM10","33.45","2024 Feb 20 12:00:00 AM","2024 Feb 21 12:00:00 AM","4.435278","-75.202222","1,126","Microgramos por metro cúbico","ug/m3","1,440","73","Tolima","73001","Ibagué","Fija"
"8258","CORTOLIMA","CORTOLIMA","PM10","36.4","2024 Mar 01 12:00:00 AM","2024 Mar 02 12:00:00 AM","4.433181","-75.211139","1,191","Microgramos por metro cúbico","ug/m3","1,440","73","Tolima","73001","Ibagué","Fija"
"8258","CORTOLIMA","CORTOLIMA","PM10","36.83","2024 Apr 04 12:00:00 AM","2024 Apr 05 12:00:00 AM","4.433181","-75.211139","1,191","Microgramos por metro cúbico","ug/m3","1,440","73","Tolima","73001","Ibagué","Fija"
"8258","CORTOLIMA","CORTOLIMA","PM10","27.75","2024 Nov 02 12:00:00 AM","2024 Nov 03 12:00:00 AM","4.433181","-75.211139","1,191","Microgramos por metro cúbico","ug/m3","1,440","73","Tolima","73001","Ibagué","Fija"
"8258","CORTOLIMA","CORTOLIMA","PM10","25.02","2024 Jan 06 12:00:00 AM","2024 Jan 07 12:00:00 AM","4.433181","-75.211139","1,191","Microgramos por metro cúbico","ug/m3","1,440","73","Tolima","73001","Ibagué","Fija"
"31477","CORTOLIMA","POLICÍA DE CARRETERAS","PM10","31.21","2024 Feb 17 12:00:00 AM","2024 Feb 18 12:00:00 AM","4.435278","-75.202222","1,126","Microgramos por metro cúbico","ug/m3","1,440","73","Tolima","73001","Ibagué","Fija"
"8258","CORTOLIMA","CORTOLIMA","PM10","24.74","2024 Jul 21 12:00:00 AM","2024 Jul 22 12:00:00 AM","4.433181","-75.211139","1,191","Microgramos por metro cúbico","ug/m3","1,440","73","Tolima","73001","Ibagué","Fija"
"8258","CORTOLIMA","CORTOLIMA","PM10","35.63","2024 Sep 29 12:00:00 AM","2024 Sep 30 12:00:00 AM","4.433181","-75.211139","1,191","Microgramos por metro cúbico","ug/m3","1,440","73","Tolima","73001","Ibagué","Fija"
"31477","CORTOLIMA","POLICÍA DE CARRETERAS","PM10","35.46","2024 Aug 16 12:00:00 AM","2024 Aug 17 12:00:00 AM","4.435278","-75.202222","1,126","Microgramos por metro cúbico","ug/m3","1,440","73","Tolima","73001","Ibagué","Fija"
"8258","CORTOLIMA","CORTOLIMA","PM10","23.79","2024 Nov 19 12:00:00 AM","2024 Nov 20 12:00:00 AM","4.433181","-75.211139","1,191","Microgramos por metro cúbico","ug/m3","1,440","73","Tolima","73001","Ibagué","Fija"
"8258","CORTOLIMA","CORTOLIMA","PM10","34.13","2024 Apr 06 12:00:00 AM","2024 Apr 07 12:00:00 AM","4.433181","-75.211139","1,191","Microgramos por metro cúbico","ug/m3","1,440","73","Tolima","73001","Ibagué","Fija"
"31477","CORTOLIMA","POLICÍA DE CARRETERAS","PM10","25.82","2024 Jan 03 12:00:00 AM","2024 Jan 04 12:00:00 AM","4.435278","-75.202222","1,126","Microgramos por metro cúbico","ug/m3","1,440","73","Tolima","73001","Ibagué","Fija"
"31477","CORTOLIMA","POLICÍA DE CARRETERAS","PM10","48.21","2024 Aug 28 12:00:00 AM","2024 Aug 29 12:00:00 AM","4.435278","-75.202222","1,126","Microgramos por metro cúbico","ug/m3","1,440","73","Tolima","73001","Ibagué","Fija"
"31477","CORTOLIMA","POLICÍA DE CARRETERAS","PM10","32.82","2024 May 26 12:00:00 AM","2024 May 27 12:00:00 AM","4.435278","-75.202222","1,126","Microgramos por metro cúbico","ug/m3","1,440","73","Tolima","73001","Ibagué","Fija"
"31477","CORTOLIMA","POLICÍA DE CARRETERAS","PM10","34.06","2024 Sep 06 12:00:00 AM","2024 Sep 07 12:00:00 AM","4.435278","-75.202222","1,126","Microgramos por metro cúbico","ug/m3","1,440","73","Tolima","73001","Ibagué","Fija"
"8258","CORTOLIMA","CORTOLIMA","PM10","35.93","2024 Mar 14 12:00:00 AM","2024 Mar 15 12:00:00 AM","4.433181","-75.211139","1,191","Microgramos por metro cúbico","ug/m3","1,440","73","Tolima","73001","Ibagué","Fija"
"31477","CORTOLIMA","POLICÍA DE CARRETERAS","PM10","38.31","2024 Sep 12 12:00:00 AM","2024 Sep 13 12:00:00 AM","4.435278","-75.202222","1,126","Microgramos por metro cúbico","ug/m3","1,440","73","Tolima","73001","Ibagué","Fija"
"8258","CORTOLIMA","CORTOLIMA","PM10","29.29","2024 Nov 27 12:00:00 AM","2024 Nov 28 12:00:00 AM","4.433181","-75.211139","1,191","Microgramos por metro cúbico","ug/m3","1,440","73","Tolima","73001","Ibagué","Fija"
"8258","CORTOLIMA","CORTOLIMA","PM10","41.79","2024 Sep 30 12:00:00 AM","2024 Oct 01 12:00:00 AM","4.433181","-75.211139","1,191","Microgramos por metro cúbico","ug/m3","1,440","73","Tolima","73001","Ibagué","Fija"
"8258","CORTOLIMA","CORTOLIMA","PM10","28","2024 Oct 19 12:00:00 AM","2024 Oct 20 12:00:00 AM","4.433181","-75.211139","1,191","Microgramos por metro cúbico","ug/m3","1,440","73","Tolima","73001","Ibagué","Fija"
"8258","CORTOLIMA","CORTOLIMA","PM10","28.66","2024 Jun 17 12:00:00 AM","2024 Jun 18 12:00:00 AM","4.433181","-75.211139","1,191","Microgramos por metro cúbico","ug/m3","1,440","73","Tolima","73001","Ibagué","Fija"
"8258","CORTOLIMA","CORTOLIMA","PM10","44.2","2024 Aug 07 12:00:00 AM","2024 Aug 08 12:00:00 AM","4.433181","-75.211139","1,191","Microgramos por metro cúbico","ug/m3","1,440","73","Tolima","73001","Ibagué","Fija"
"8258","CORTOLIMA","CORTOLIMA","PM10","32.87","2024 Feb 12 12:00:00 AM","2024 Feb 13 12:00:00 AM","4.433181","-75.211139","1,191","Microgramos por metro cúbico","ug/m3","1,440","73","Tolima","73001","Ibagué","Fija"
"8258","CORTOLIMA","CORTOLIMA","PM10","28.67","2024 Oct 14 12:00:00 AM","2024 Oct 15 12:00:00 AM","4.433181","-75.211139","1,191","Microgramos por metro cúbico","ug/m3","1,440","73","Tolima","73001","Ibagué","Fija"
"8258","CORTOLIMA","CORTOLIMA","PM10","29.58","2024 Dec 27 12:00:00 AM","2024 Dec 28 12:00:00 AM","4.433181","-75.211139","1,191","Microgramos por metro cúbico","ug/m3","1,440","73","Tolima","73001","Ibagué","Fija"
"8258","CORTOLIMA","CORTOLIMA","PM10","34.51","2024 Apr 09 12:00:00 AM","2024 Apr 10 12:00:00 AM","4.433181","-75.211139","1,191","Microgramos por metro cúbico","ug/m3","1,440","73","Tolima","73001","Ibagué","Fija"
"31477","CORTOLIMA","POLICÍA DE CARRETERAS","PM10","24.1","2024 Nov 26 12:00:00 AM","2024 Nov 27 12:00:00 AM","4.435278","-75.202222","1,126","Microgramos por metro cúbico","ug/m3","1,440","73","Tolima","73001","Ibagué","Fija"
"8258","CORTOLIMA","CORTOLIMA","PM10","29.5","2024 Dec 26 12:00:00 AM","2024 Dec 27 12:00:00 AM","4.433181","-75.211139","1,191","Microgramos por metro cúbico","ug/m3","1,440","73","Tolima","73001","Ibagué","Fija"
"8258","CORTOLIMA","CORTOLIMA","PM10","38.96","2024 Oct 02 12:00:00 AM","2024 Oct 03 12:00:00 AM","4.433181","-75.211139","1,191","Microgramos por metro cúbico","ug/m3","1,440","73","Tolima","73001","Ibagué","Fija"
"8258","CORTOLIMA","CORTOLIMA","PM10","25.67","2024 Jan 12 12:00:00 AM","2024 Jan 13 12:00:00 AM","4.433181","-75.211139","1,191","Microgramos por metro cúbico","ug/m3","1,440","73","Tolima","73001","Ibagué","Fija"
"31477","CORTOLIMA","POLICÍA DE CARRETERAS","PM10","40.57","2024 Sep 09 12:00:00 AM","2024 Sep 10 12:00:00 AM","4.435278","-75.202222","1,126","Microgramos por metro cúbico","ug/m3","1,440","73","Tolima","73001","Ibagué","Fija"
"8258","CORTOLIMA","CORTOLIMA","PM10","26.59","2024 Jan 09 12:00:00 AM","2024 Jan 10 12:00:00 AM","4.433181","-75.211139","1,191","Microgramos por metro cúbico","ug/m3","1,440","73","Tolima","73001","Ibagué","Fija"
"8258","CORTOLIMA","CORTOLIMA","PM10","29.34","2024 Apr 26 12:00:00 AM","2024 Apr 27 12:00:00 AM","4.433181","-75.211139","1,191","Microgramos por metro cúbico","ug/m3","1,440","73","Tolima","73001","Ibagué","Fija"
"31477","CORTOLIMA","POLICÍA DE CARRETERAS","PM10","28.22","2024 Oct 09 12:00:00 AM","2024 Oct 10 12:00:00 AM","4.435278","-75.202222","1,126","Microgramos por metro cúbico","ug/m3","1,440","73","Tolima","73001","Ibagué","Fija"
"8258","CORTOLIMA","CORTOLIMA","PM10","31.96","2024 Feb 17 12:00:00 AM","2024 Feb 18 12:00:00 AM","4.433181","-75.211139","1,191","Microgramos por metro cúbico","ug/m3","1,440","73","Tolima","73001","Ibagué","Fija"
"8258","CORTOLIMA","CORTOLIMA","PM10","34.79","2024 Feb 29 12:00:00 AM","2024 Mar 01 12:00:00 AM","4.433181","-75.211139","1,191","Microgramos por metro cúbico","ug/m3","1,440","73","Tolima","73001","Ibagué","Fija"
"8258","CORTOLIMA","CORTOLIMA","PM10","29.7","2024 Jul 18 12:00:00 AM","2024 Jul 19 12:00:00 AM","4.433181","-75.211139","1,191","Microgramos por metro cúbico","ug/m3","1,440","73","Tolima","73001","Ibagué","Fija"
"8258","CORTOLIMA","CORTOLIMA","PM10","30.87","2024 Feb 24 12:00:00 AM","2024 Feb 25 12:00:00 AM","4.433181","-75.211139","1,191","Microgramos por metro cúbico","ug/m3","1,440","73","Tolima","73001","Ibagué","Fija"
"8258","CORTOLIMA","CORTOLIMA","PM10","40.42","2024 Sep 02 12:00:00 AM","2024 Sep 03 12:00:00 AM","4.433181","-75.211139","1,191","Microgramos por metro cúbico","ug/m3","1,440","73","Tolima","73001","Ibagué","Fija"
"31477","CORTOLIMA","POLICÍA DE CARRETERAS","PM10","28.87","2024 Oct 24 12:00:00 AM","2024 Oct 25 12:00:00 AM","4.435278","-75.202222","1,126","Microgramos por metro cúbico","ug/m3","1,440","73","Tolima","73001","Ibagué","Fija"
"8258","CORTOLIMA","CORTOLIMA","PM10","27.96","2024 Nov 20 12:00:00 AM","2024 Nov 21 12:00:00 AM","4.433181","-75.211139","1,191","Microgramos por metro cúbico","ug/m3","1,440","73","Tolima","73001","Ibagué","Fija"
"8258","CORTOLIMA","CORTOLIMA","PM10","29.88","2024 Jan 16 12:00:00 AM","2024 Jan 17 12:00:00 AM","4.433181","-75.211139","1,191","Microgramos por metro cúbico","ug/m3","1,440","73","Tolima","73001","Ibagué","Fija"
"8258","CORTOLIMA","CORTOLIMA","PM10","35.92","2024 Sep 21 12:00:00 AM","2024 Sep 22 12:00:00 AM","4.433181","-75.211139","1,191","Microgramos por metro cúbico","ug/m3","1,440","73","Tolima","73001","Ibagué","Fija"
"8258","CORTOLIMA","CORTOLIMA","PM10","35.63","2024 Sep 16 12:00:00 AM","2024 Sep 17 12:00:00 AM","4.433181","-75.211139","1,191","Microgramos por metro cúbico","ug/m3","1,440","73","Tolima","73001","Ibagué","Fija"
"31477","CORTOLIMA","POLICÍA DE CARRETERAS","PM10","25.61","2024 Jan 06 12:00:00 AM","2024 Jan 07 12:00:00 AM","4.435278","-75.202222","1,126","Microgramos por metro cúbico","ug/m3","1,440","73","Tolima","73001","Ibagué","Fija"
"8258","CORTOLIMA","CORTOLIMA","PM10","30.78","2024 May 31 12:00:00 AM","2024 Jun 01 12:00:00 AM","4.433181","-75.211139","1,191","Microgramos por metro cúbico","ug/m3","1,440","73","Tolima","73001","Ibagué","Fija"
"8258","CORTOLIMA","CORTOLIMA","PM10","38.25","2024 Mar 22 12:00:00 AM","2024 Mar 23 12:00:00 AM","4.433181","-75.211139","1,191","Microgramos por metro cúbico","ug/m3","1,440","73","Tolima","73001","Ibagué","Fija"
"8258","CORTOLIMA","CORTOLIMA","PM10","27.77","2024 May 30 12:00:00 AM","2024 May 31 12:00:00 AM","4.433181","-75.211139","1,191","Microgramos por metro cúbico","ug/m3","1,440","73","Tolima","73001","Ibagué","Fija"
"8258","CORTOLIMA","CORTOLIMA","PM10","25.22","2024 Jan 30 12:00:00 AM","2024 Jan 31 12:00:00 AM","4.433181","-75.211139","1,191","Microgramos por metro cúbico","ug/m3","1,440","73","Tolima","73001","Ibagué","Fija"
"8258","CORTOLIMA","CORTOLIMA","PM10","41.54","2024 Sep 12 12:00:00 AM","2024 Sep 13 12:00:00 AM","4.433181","-75.211139","1,191","Microgramos por metro cúbico","ug/m3","1,440","73","Tolima","73001","Ibagué","Fija"
"31477","CORTOLIMA","POLICÍA DE CARRETERAS","PM10","42.05","2024 Aug 13 12:00:00 AM","2024 Aug 14 12:00:00 AM","4.435278","-75.202222","1,126","Microgramos por metro cúbico","ug/m3","1,440","73","Tolima","73001","Ibagué","Fija"
"8258","CORTOLIMA","CORTOLIMA","PM10","34.14","2024 Jul 30 12:00:00 AM","2024 Jul 31 12:00:00 AM","4.433181","-75.211139","1,191","Microgramos por metro cúbico","ug/m3","1,440","73","Tolima","73001","Ibagué","Fija"
"8258","CORTOLIMA","CORTOLIMA","PM10","29.17","2024 Apr 22 12:00:00 AM","2024 Apr 23 12:00:00 AM","4.433181","-75.211139","1,191","Microgramos por metro cúbico","ug/m3","1,440","73","Tolima","73001","Ibagué","Fija"
"8258","CORTOLIMA","CORTOLIMA","PM10","35.01","2024 Mar 31 12:00:00 AM","2024 Apr 01 12:00:00 AM","4.433181","-75.211139","1,191","Microgramos por metro cúbico","ug/m3","1,440","73","Tolima","73001","Ibagué","Fija"
"8258","CORTOLIMA","CORTOLIMA","PM10","26.04","2024 Oct 13 12:00:00 AM","2024 Oct 14 12:00:00 AM","4.433181","-75.211139","1,191","Microgramos por metro cúbico","ug/m3","1,440","73","Tolima","73001","Ibagué","Fija"
"8258","CORTOLIMA","CORTOLIMA","PM10","30.44","2024 Apr 30 12:00:00 AM","2024 May 01 12:00:00 AM","4.433181","-75.211139","1,191","Microgramos por metro cúbico","ug/m3","1,440","73","Tolima","73001","Ibagué","Fija"
"31477","CORTOLIMA","POLICÍA DE CARRETERAS","PM10","37.07","2024 Sep 03 12:00:00 AM","2024 Sep 04 12:00:00 AM","4.435278","-75.202222","1,126","Microgramos por metro cúbico","ug/m3","1,440","73","Tolima","73001","Ibagué","Fija"
"31477","CORTOLIMA","POLICÍA DE CARRETERAS","PM10","29.12","2024 Oct 06 12:00:00 AM","2024 Oct 07 12:00:00 AM","4.435278","-75.202222","1,126","Microgramos por metro cúbico","ug/m3","1,440","73","Tolima","73001","Ibagué","Fija"
"8258","CORTOLIMA","CORTOLIMA","PM10","25.54","2024 Dec 06 12:00:00 AM","2024 Dec 07 12:00:00 AM","4.433181","-75.211139","1,191","Microgramos por metro cúbico","ug/m3","1,440","73","Tolima","73001","Ibagué","Fija"
"8258","CORTOLIMA","CORTOLIMA","PM10","39.63","2024 Aug 05 12:00:00 AM","2024 Aug 06 12:00:00 AM","4.433181","-75.211139","1,191","Microgramos por metro cúbico","ug/m3","1,440","73","Tolima","73001","Ibagué","Fija"
"31477","CORTOLIMA","POLICÍA DE CARRETERAS","PM10","30.54","2024 Jul 12 12:00:00 AM","2024 Jul 13 12:00:00 AM","4.435278","-75.202222","1,126","Microgramos por metro cúbico","ug/m3","1,440","73","Tolima","73001","Ibagué","Fija"
"8258","CORTOLIMA","CORTOLIMA","PM10","36.82","2024 Mar 06 12:00:00 AM","2024 Mar 07 12:00:00 AM","4.433181","-75.211139","1,191","Microgramos por metro cúbico","ug/m3","1,440","73","Tolima","73001","Ibagué","Fija"
"8258","CORTOLIMA","CORTOLIMA","PM10","27.26","2024 Jun 15 12:00:00 AM","2024 Jun 16 12:00:00 AM","4.433181","-75.211139","1,191","Microgramos por metro cúbico","ug/m3","1,440","73","Tolima","73001","Ibagué","Fija"
"31477","CORTOLIMA","POLICÍA DE CARRETERAS","PM10","31.4","2024 Oct 12 12:00:00 AM","2024 Oct 13 12:00:00 AM","4.435278","-75.202222","1,126","Microgramos por metro cúbico","ug/m3","1,440","73","Tolima","73001","Ibagué","Fija"
"8258","CORTOLIMA","CORTOLIMA","PM10","36.58","2024 Sep 27 12:00:00 AM","2024 Sep 28 12:00:00 AM","4.433181","-75.211139","1,191","Microgramos por metro cúbico","ug/m3","1,440","73","Tolima","73001","Ibagué","Fija"
"8258","CORTOLIMA","CORTOLIMA","PM10","34.33","2024 Feb 13 12:00:00 AM","2024 Feb 14 12:00:00 AM","4.433181","-75.211139","1,191","Microgramos por metro cúbico","ug/m3","1,440","73","Tolima","73001","Ibagué","Fija"
"8258","CORTOLIMA","CORTOLIMA","PM10","40.46","2024 Sep 03 12:00:00 AM","2024 Sep 04 12:00:00 AM","4.433181","-75.211139","1,191","Microgramos por metro cúbico","ug/m3","1,440","73","Tolima","73001","Ibagué","Fija"
"8258","CORTOLIMA","CORTOLIMA","PM10","25.54","2024 Dec 16 12:00:00 AM","2024 Dec 17 12:00:00 AM","4.433181","-75.211139","1,191","Microgramos por metro cúbico","ug/m3","1,440","73","Tolima","73001","Ibagué","Fija"
"8258","CORTOLIMA","CORTOLIMA","PM10","23.29","2024 Jul 05 12:00:00 AM","2024 Jul 06 12:00:00 AM","4.433181","-75.211139","1,191","Microgramos por metro cúbico","ug/m3","1,440","73","Tolima","73001","Ibagué","Fija"
"8258","CORTOLIMA","CORTOLIMA","PM10","36.13","2024 Mar 15 12:00:00 AM","2024 Mar 16 12:00:00 AM","4.433181","-75.211139","1,191","Microgramos por metro cúbico","ug/m3","1,440","73","Tolima","73001","Ibagué","Fija"
"8258","CORTOLIMA","CORTOLIMA","PM10","31.46","2024 Oct 29 12:00:00 AM","2024 Oct 30 12:00:00 AM","4.433181","-75.211139","1,191","Microgramos por metro cúbico","ug/m3","1,440","73","Tolima","73001","Ibagué","Fija"
"8258","CORTOLIMA","CORTOLIMA","PM10","33.49","2024 Apr 19 12:00:00 AM","2024 Apr 20 12:00:00 AM","4.433181","-75.211139","1,191","Microgramos por metro cúbico","ug/m3","1,440","73","Tolima","73001","Ibagué","Fija"
"8258","CORTOLIMA","CORTOLIMA","PM10","24.33","2024 Nov 25 12:00:00 AM","2024 Nov 26 12:00:00 AM","4.433181","-75.211139","1,191","Microgramos por metro cúbico","ug/m3","1,440","73","Tolima","73001","Ibagué","Fija"
"8258","CORTOLIMA","CORTOLIMA","PM10","33.97","2024 Feb 20 12:00:00 AM","2024 Feb 21 12:00:00 AM","4.433181","-75.211139","1,191","Microgramos por metro cúbico","ug/m3","1,440","73","Tolima","73001","Ibagué","Fija"
"8258","CORTOLIMA","CORTOLIMA","PM10","23.02","2024 Jan 28 12:00:00 AM","2024 Jan 29 12:00:00 AM","4.433181","-75.211139","1,191","Microgramos por metro cúbico","ug/m3","1,440","73","Tolima","73001","Ibagué","Fija"
"8258","CORTOLIMA","CORTOLIMA","PM10","30.94","2024 Apr 27 12:00:00 AM","2024 Apr 28 12:00:00 AM","4.433181","-75.211139","1,191","Microgramos por metro cúbico","ug/m3","1,440","73","Tolima","73001","Ibagué","Fija"
"8258","CORTOLIMA","CORTOLIMA","PM10","27.94","2024 Jul 13 12:00:00 AM","2024 Jul 14 12:00:00 AM","4.433181","-75.211139","1,191","Microgramos por metro cúbico","ug/m3","1,440","73","Tolima","73001","Ibagué","Fija"
"8258","CORTOLIMA","CORTOLIMA","PM10","21.25","2024 Dec 01 12:00:00 AM","2024 Dec 02 12:00:00 AM","4.433181","-75.211139","1,191","Microgramos por metro cúbico","ug/m3","1,440","73","Tolima","73001","Ibagué","Fija"
"8258","CORTOLIMA","CORTOLIMA","PM10","28.69","2024 Feb 21 12:00:00 AM","2024 Feb 22 12:00:00 AM","4.433181","-75.211139","1,191","Microgramos por metro cúbico","ug/m3","1,440","73","Tolima","73001","Ibagué","Fija"
"31477","CORTOLIMA","POLICÍA DE CARRETERAS","PM10","23.33","2024 Jul 03 12:00:00 AM","2024 Jul 04 12:00:00 AM","4.435278","-75.202222","1,126","Microgramos por metro cúbico","ug/m3","1,440","73","Tolima","73001","Ibagué","Fija"
"8258","CORTOLIMA","CORTOLIMA","PM10","22.33","2024 Dec 20 12:00:00 AM","2024 Dec 21 12:00:00 AM","4.433181","-75.211139","1,191","Microgramos por metro cúbico","ug/m3","1,440","73","Tolima","73001","Ibagué","Fija"
"8258","CORTOLIMA","CORTOLIMA","PM10","36.84","2024 May 07 12:00:00 AM","2024 May 08 12:00:00 AM","4.433181","-75.211139","1,191","Microgramos por metro cúbico","ug/m3","1,440","73","Tolima","73001","Ibagué","Fija"
"31477","CORTOLIMA","POLICÍA DE CARRETERAS","PM10","22.75","2024 Nov 11 12:00:00 AM","2024 Nov 12 12:00:00 AM","4.435278","-75.202222","1,126","Microgramos por metro cúbico","ug/m3","1,440","73","Tolima","73001","Ibagué","Fija"
"8258","CORTOLIMA","CORTOLIMA","PM10","32.21","2024 Oct 28 12:00:00 AM","2024 Oct 29 12:00:00 AM","4.433181","-75.211139","1,191","Microgramos por metro cúbico","ug/m3","1,440","73","Tolima","73001","Ibagué","Fija"
"31477","CORTOLIMA","POLICÍA DE CARRETERAS","PM10","31.71","2024 Sep 27 12:00:00 AM","2024 Sep 28 12:00:00 AM","4.435278","-75.202222","1,126","Microgramos por metro cúbico","ug/m3","1,440","73","Tolima","73001","Ibagué","Fija"
"8258","CORTOLIMA","CORTOLIMA","PM10","40.04","2024 Sep 05 12:00:00 AM","2024 Sep 06 12:00:00 AM","4.433181","-75.211139","1,191","Microgramos por metro cúbico","ug/m3","1,440","73","Tolima","73001","Ibagué","Fija"
"8258","CORTOLIMA","CORTOLIMA","PM10","23.96","2024 Nov 22 12:00:00 AM","2024 Nov 23 12:00:00 AM","4.433181","-75.211139","1,191","Microgramos por metro cúbico","ug/m3","1,440","73","Tolima","73001","Ibagué","Fija"
"8258","CORTOLIMA","CORTOLIMA","PM10","38.99","2024 Mar 26 12:00:00 AM","2024 Mar 27 12:00:00 AM","4.433181","-75.211139","1,191","Microgramos por metro cúbico","ug/m3","1,440","73","Tolima","73001","Ibagué","Fija"
"8258","CORTOLIMA","CORTOLIMA","PM10","24.05","2024 Jun 22 12:00:00 AM","2024 Jun 23 12:00:00 AM","4.433181","-75.211139","1,191","Microgramos por metro cúbico","ug/m3","1,440","73","Tolima","73001","Ibagué","Fija"
"31477","CORTOLIMA","POLICÍA DE CARRETERAS","PM10","35.28","2024 Mar 12 12:00:00 AM","2024 Mar 13 12:00:00 AM","4.435278","-75.202222","1,126","Microgramos por metro cúbico","ug/m3","1,440","73","Tolima","73001","Ibagué","Fija"
"8258","CORTOLIMA","CORTOLIMA","PM10","37.24","2024 Apr 08 12:00:00 AM","2024 Apr 09 12:00:00 AM","4.433181","-75.211139","1,191","Microgramos por metro cúbico","ug/m3","1,440","73","Tolima","73001","Ibagué","Fija"
"8258","CORTOLIMA","CORTOLIMA","PM10","22.82","2024 Jan 14 12:00:00 AM","2024 Jan 15 12:00:00 AM","4.433181","-75.211139","1,191","Microgramos por metro cúbico","ug/m3","1,440","73","Tolima","73001","Ibagué","Fija"
"31477","CORTOLIMA","POLICÍA DE CARRETERAS","PM10","33.45","2024 Mar 15 12:00:00 AM","2024 Mar 16 12:00:00 AM","4.435278","-75.202222","1,126","Microgramos por metro cúbico","ug/m3","1,440","73","Tolima","73001","Ibagué","Fija"
"8258","CORTOLIMA","CORTOLIMA","PM10","37.95","2024 Aug 12 12:00:00 AM","2024 Aug 13 12:00:00 AM","4.433181","-75.211139","1,191","Microgramos por metro cúbico","ug/m3","1,440","73","Tolima","73001","Ibagué","Fija"
"8258","CORTOLIMA","CORTOLIMA","PM10","39.43","2024 Mar 23 12:00:00 AM","2024 Mar 24 12:00:00 AM","4.433181","-75.211139","1,191","Microgramos por metro cúbico","ug/m3","1,440","73","Tolima","73001","Ibagué","Fija"
"8258","CORTOLIMA","CORTOLIMA","PM10","23.14","2024 Jan 29 12:00:00 AM","2024 Jan 30 12:00:00 AM","4.433181","-75.211139","1,191","Microgramos por metro cúbico","ug/m3","1,440","73","Tolima","73001","Ibagué","Fija"
"31477","CORTOLIMA","POLICÍA DE CARRETERAS","PM10","31.12","2024 Mar 18 12:00:00 AM","2024 Mar 19 12:00:00 AM","4.435278","-75.202222","1,126","Microgramos por metro cúbico","ug/m3","1,440","73","Tolima","73001","Ibagué","Fija"
"31477","CORTOLIMA","POLICÍA DE CARRETERAS","PM10","20.38","2024 Nov 17 12:00:00 AM","2024 Nov 18 12:00:00 AM","4.435278","-75.202222","1,126","Microgramos por metro cúbico","ug/m3","1,440","73","Tolima","73001","Ibagué","Fija"
"8258","CORTOLIMA","CORTOLIMA","PM10","33.56","2024 Jul 24 12:00:00 AM","2024 Jul 25 12:00:00 AM","4.433181","-75.211139","1,191","Microgramos por metro cúbico","ug/m3","1,440","73","Tolima","73001","Ibagué","Fija"
"8258","CORTOLIMA","CORTOLIMA","PM10","37.85","2024 Apr 05 12:00:00 AM","2024 Apr 06 12:00:00 AM","4.433181","-75.211139","1,191","Microgramos por metro cúbico","ug/m3","1,440","73","Tolima","73001","Ibagué","Fija"
"8258","CORTOLIMA","CORTOLIMA","PM10","25.67","2024 Dec 17 12:00:00 AM","2024 Dec 18 12:00:00 AM","4.433181","-75.211139","1,191","Microgramos por metro cúbico","ug/m3","1,440","73","Tolima","73001","Ibagué","Fija"
"8258","CORTOLIMA","CORTOLIMA","PM10","27.35","2024 Jun 19 12:00:00 AM","2024 Jun 20 12:00:00 AM","4.433181","-75.211139","1,191","Microgramos por metro cúbico","ug/m3","1,440","73","Tolima","73001","Ibagué","Fija"
"8258","CORTOLIMA","CORTOLIMA","PM10","28.3","2024 Jan 21 12:00:00 AM","2024 Jan 22 12:00:00 AM","4.433181","-75.211139","1,191","Microgramos por metro cúbico","ug/m3","1,440","73","Tolima","73001","Ibagué","Fija"
"31477","CORTOLIMA","POLICÍA DE CARRETERAS","PM10","36.65","2024 Apr 05 12:00:00 AM","2024 Apr 06 12:00:00 AM","4.435278","-75.202222","1,126","Microgramos por metro cúbico","ug/m3","1,440","73","Tolima","73001","Ibagué","Fija"
"8258","CORTOLIMA","CORTOLIMA","PM10","32.65","2024 Jun 10 12:00:00 AM","2024 Jun 11 12:00:00 AM","4.433181","-75.211139","1,191","Microgramos por metro cúbico","ug/m3","1,440","73","Tolima","73001","Ibagué","Fija"
"8258","CORTOLIMA","CORTOLIMA","PM10","27.92","2024 Nov 13 12:00:00 AM","2024 Nov 14 12:00:00 AM","4.433181","-75.211139","1,191","Microgramos por metro cúbico","ug/m3","1,440","73","Tolima","73001","Ibagué","Fija"
"31477","CORTOLIMA","POLICÍA DE CARRETERAS","PM10","25.47","2024 Jul 09 12:00:00 AM","2024 Jul 10 12:00:00 AM","4.435278","-75.202222","1,126","Microgramos por metro cúbico","ug/m3","1,440","73","Tolima","73001","Ibagué","Fija"
"8258","CORTOLIMA","CORTOLIMA","PM10","40.62","2024 Aug 02 12:00:00 AM","2024 Aug 03 12:00:00 AM","4.433181","-75.211139","1,191","Microgramos por metro cúbico","ug/m3","1,440","73","Tolima","73001","Ibagué","Fija"
"31477","CORTOLIMA","POLICÍA DE CARRETERAS","PM10","34.43","2024 Mar 09 12:00:00 AM","2024 Mar 10 12:00:00 AM","4.435278","-75.202222","1,126","Microgramos por metro cúbico","ug/m3","1,440","73","Tolima","73001","Ibagué","Fija"
"8258","CORTOLIMA","CORTOLIMA","PM10","38","2024 Apr 18 12:00:00 AM","2024 Apr 19 12:00:00 AM","4.433181","-75.211139","1,191","Microgramos por metro cúbico","ug/m3","1,440","73","Tolima","73001","Ibagué","Fija"
"8258","CORTOLIMA","CORTOLIMA","PM10","23.76","2024 May 25 12:00:00 AM","2024 May 26 12:00:00 AM","4.433181","-75.211139","1,191","Microgramos por metro cúbico","ug/m3","1,440","73","Tolima","73001","Ibagué","Fija"
"8258","CORTOLIMA","CORTOLIMA","PM10","30.83","2024 Dec 30 12:00:00 AM","2024 Dec 31 12:00:00 AM","4.433181","-75.211139","1,191","Microgramos por metro cúbico","ug/m3","1,440","73","Tolima","73001","Ibagué","Fija"
"8258","CORTOLIMA","CORTOLIMA","PM10","32.61","2024 Jul 17 12:00:00 AM","2024 Jul 18 12:00:00 AM","4.433181","-75.211139","1,191","Microgramos por metro cúbico","ug/m3","1,440","73","Tolima","73001","Ibagué","Fija"
"31477","CORTOLIMA","POLICÍA DE CARRETERAS","PM10","30.89","2024 Apr 20 12:00:00 AM","2024 Apr 21 12:00:00 AM","4.435278","-75.202222","1,126","Microgramos por metro cúbico","ug/m3","1,440","73","Tolima","73001","Ibagué","Fija"
"8258","CORTOLIMA","CORTOLIMA","PM10","37.37","2024 Aug 09 12:00:00 AM","2024 Aug 10 12:00:00 AM","4.433181","-75.211139","1,191","Microgramos por metro cúbico","ug/m3","1,440","73","Tolima","73001","Ibagué","Fija"
"8258","CORTOLIMA","CORTOLIMA","PM10","30.44","2024 May 22 12:00:00 AM","2024 May 23 12:00:00 AM","4.433181","-75.211139","1,191","Microgramos por metro cúbico","ug/m3","1,440","73","Tolima","73001","Ibagué","Fija"
"8258","CORTOLIMA","CORTOLIMA","PM10","30.21","2024 Oct 22 12:00:00 AM","2024 Oct 23 12:00:00 AM","4.433181","-75.211139","1,191","Microgramos por metro cúbico","ug/m3","1,440","73","Tolima","73001","Ibagué","Fija"
"31477","CORTOLIMA","POLICÍA DE CARRETERAS","PM10","28.11","2024 Oct 27 12:00:00 AM","2024 Oct 28 12:00:00 AM","4.435278","-75.202222","1,126","Microgramos por metro cúbico","ug/m3","1,440","73","Tolima","73001","Ibagué","Fija"
"8258","CORTOLIMA","CORTOLIMA","PM10","25.8","2024 Jul 03 12:00:00 AM","2024 Jul 04 12:00:00 AM","4.433181","-75.211139","1,191","Microgramos por metro cúbico","ug/m3","1,440","73","Tolima","73001","Ibagué","Fija"
"8258","CORTOLIMA","CORTOLIMA","PM10","34.03","2024 Feb 05 12:00:00 AM","2024 Feb 06 12:00:00 AM","4.433181","-75.211139","1,191","Microgramos por metro cúbico","ug/m3","1,440","73","Tolima","73001","Ibagué","Fija"
"8258","CORTOLIMA","CORTOLIMA","PM10","24.54","2024 Nov 23 12:00:00 AM","2024 Nov 24 12:00:00 AM","4.433181","-75.211139","1,191","Microgramos por metro cúbico","ug/m3","1,440","73","Tolima","73001","Ibagué","Fija"
"8258","CORTOLIMA","CORTOLIMA","PM10","27.44","2024 Jan 03 12:00:00 AM","2024 Jan 04 12:00:00 AM","4.433181","-75.211139","1,191","Microgramos por metro cúbico","ug/m3","1,440","73","Tolima","73001","Ibagué","Fija"
"8258","CORTOLIMA","CORTOLIMA","PM10","24.63","2024 Nov 30 12:00:00 AM","2024 Dec 01 12:00:00 AM","4.433181","-75.211139","1,191","Microgramos por metro cúbico","ug/m3","1,440","73","Tolima","73001","Ibagué","Fija"
"31477","CORTOLIMA","POLICÍA DE CARRETERAS","PM10","26.18","2024 Dec 05 12:00:00 AM","2024 Dec 06 12:00:00 AM","4.435278","-75.202222","1,126","Microgramos por metro cúbico","ug/m3","1,440","73","Tolima","73001","Ibagué","Fija"
"31477","CORTOLIMA","POLICÍA DE CARRETERAS","PM10","29.45","2024 Apr 14 12:00:00 AM","2024 Apr 15 12:00:00 AM","4.435278","-75.202222","1,126","Microgramos por metro cúbico","ug/m3","1,440","73","Tolima","73001","Ibagué","Fija"
"8258","CORTOLIMA","CORTOLIMA","PM10","29.69","2024 Jul 12 12:00:00 AM","2024 Jul 13 12:00:00 AM","4.433181","-75.211139","1,191","Microgramos por metro cúbico","ug/m3","1,440","73","Tolima","73001","Ibagué","Fija"
"31477","CORTOLIMA","POLICÍA DE CARRETERAS","PM10","37.65","2024 Aug 07 12:00:00 AM","2024 Aug 08 12:00:00 AM","4.435278","-75.202222","1,126","Microgramos por metro cúbico","ug/m3","1,440","73","Tolima","73001","Ibagué","Fija"
"8258","CORTOLIMA","CORTOLIMA","PM10","31.35","2024 Jul 15 12:00:00 AM","2024 Jul 16 12:00:00 AM","4.433181","-75.211139","1,191","Microgramos por metro cúbico","ug/m3","1,440","73","Tolima","73001","Ibagué","Fija"
"8258","CORTOLIMA","CORTOLIMA","PM10","35.47","2024 Aug 11 12:00:00 AM","2024 Aug 12 12:00:00 AM","4.433181","-75.211139","1,191","Microgramos por metro cúbico","ug/m3","1,440","73","Tolima","73001","Ibagué","Fija"
"31477","CORTOLIMA","POLICÍA DE CARRETERAS","PM10","34.88","2024 Jan 24 12:00:00 AM","2024 Jan 25 12:00:00 AM","4.435278","-75.202222","1,126","Microgramos por metro cúbico","ug/m3","1,440","73","Tolima","73001","Ibagué","Fija"
"31477","CORTOLIMA","POLICÍA DE CARRETERAS","PM10","23.33","2024 Dec 17 12:00:00 AM","2024 Dec 18 12:00:00 AM","4.435278","-75.202222","1,126","Microgramos por metro cúbico","ug/m3","1,440","73","Tolima","73001","Ibagué","Fija"
"31477","CORTOLIMA","POLICÍA DE CARRETERAS","PM10","44.72","2024 Apr 17 12:00:00 AM","2024 Apr 18 12:00:00 AM","4.435278","-75.202222","1,126","Microgramos por metro cúbico","ug/m3","1,440","73","Tolima","73001","Ibagué","Fija"
"8258","CORTOLIMA","CORTOLIMA","PM10","25.13","2024 Nov 28 12:00:00 AM","2024 Nov 29 12:00:00 AM","4.433181","-75.211139","1,191","Microgramos por metro cúbico","ug/m3","1,440","73","Tolima","73001","Ibagué","Fija"
"8258","CORTOLIMA","CORTOLIMA","PM10","22.42","2024 Nov 29 12:00:00 AM","2024 Nov 30 12:00:00 AM","4.433181","-75.211139","1,191","Microgramos por metro cúbico","ug/m3","1,440","73","Tolima","73001","Ibagué","Fija"
"31477","CORTOLIMA","POLICÍA DE CARRETERAS","PM10","30.85","2024 Feb 08 12:00:00 AM","2024 Feb 09 12:00:00 AM","4.435278","-75.202222","1,126","Microgramos por metro cúbico","ug/m3","1,440","73","Tolima","73001","Ibagué","Fija"
"31477","CORTOLIMA","POLICÍA DE CARRETERAS","PM10","30.23","2024 Feb 29 12:00:00 AM","2024 Mar 01 12:00:00 AM","4.435278","-75.202222","1,126","Microgramos por metro cúbico","ug/m3","1,440","73","Tolima","73001","Ibagué","Fija"
"8258","CORTOLIMA","CORTOLIMA","PM10","30.21","2024 Jun 07 12:00:00 AM","2024 Jun 08 12:00:00 AM","4.433181","-75.211139","1,191","Microgramos por metro cúbico","ug/m3","1,440","73","Tolima","73001","Ibagué","Fija"
"8258","CORTOLIMA","CORTOLIMA","PM10","27.64","2024 Jan 11 12:00:00 AM","2024 Jan 12 12:00:00 AM","4.433181","-75.211139","1,191","Microgramos por metro cúbico","ug/m3","1,440","73","Tolima","73001","Ibagué","Fija"
"8258","CORTOLIMA","CORTOLIMA","PM10","29.91","2024 Jan 18 12:00:00 AM","2024 Jan 19 12:00:00 AM","4.433181","-75.211139","1,191","Microgramos por metro cúbico","ug/m3","1,440","73","Tolima","73001","Ibagué","Fija"
"31477","CORTOLIMA","POLICÍA DE CARRETERAS","PM10","29.84","2024 Feb 05 12:00:00 AM","2024 Feb 06 12:00:00 AM","4.435278","-75.202222","1,126","Microgramos por metro cúbico","ug/m3","1,440","73","Tolima","73001","Ibagué","Fija"
"31477","CORTOLIMA","POLICÍA DE CARRETERAS","PM10","28.97","2024 Nov 14 12:00:00 AM","2024 Nov 15 12:00:00 AM","4.435278","-75.202222","1,126","Microgramos por metro cúbico","ug/m3","1,440","73","Tolima","73001","Ibagué","Fija"
"8258","CORTOLIMA","CORTOLIMA","PM10","41.54","2024 Sep 25 12:00:00 AM","2024 Sep 26 12:00:00 AM","4.433181","-75.211139","1,191","Microgramos por metro cúbico","ug/m3","1,440","73","Tolima","73001","Ibagué","Fija"
"8258","CORTOLIMA","CORTOLIMA","PM10","40.63","2024 Sep 22 12:00:00 AM","2024 Sep 23 12:00:00 AM","4.433181","-75.211139","1,191","Microgramos por metro cúbico","ug/m3","1,440","73","Tolima","73001","Ibagué","Fija"
"8258","CORTOLIMA","CORTOLIMA","PM10","25.03","2024 Jun 27 12:00:00 AM","2024 Jun 28 12:00:00 AM","4.433181","-75.211139","1,191","Microgramos por metro cúbico","ug/m3","1,440","73","Tolima","73001","Ibagué","Fija"
"31477","CORTOLIMA","POLICÍA DE CARRETERAS","PM10","27.54","2024 May 17 12:00:00 AM","2024 May 18 12:00:00 AM","4.435278","-75.202222","1,126","Microgramos por metro cúbico","ug/m3","1,440","73","Tolima","73001","Ibagué","Fija"
"31477","CORTOLIMA","POLICÍA DE CARRETERAS","PM10","33.15","2024 Feb 02 12:00:00 AM","2024 Feb 03 12:00:00 AM","4.435278","-75.202222","1,126","Microgramos por metro cúbico","ug/m3","1,440","73","Tolima","73001","Ibagué","Fija"
"31477","CORTOLIMA","POLICÍA DE CARRETERAS","PM10","40.8","2024 Oct 03 12:00:00 AM","2024 Oct 04 12:00:00 AM","4.435278","-75.202222","1,126","Microgramos por metro cúbico","ug/m3","1,440","73","Tolima","73001","Ibagué","Fija"
"31477","CORTOLIMA","POLICÍA DE CARRETERAS","PM10","40.2","2024 Sep 21 12:00:00 AM","2024 Sep 22 12:00:00 AM","4.435278","-75.202222","1,126","Microgramos por metro cúbico","ug/m3","1,440","73","Tolima","73001","Ibagué","Fija"
"8258","CORTOLIMA","CORTOLIMA","PM10","30.07","2024 May 08 12:00:00 AM","2024 May 09 12:00:00 AM","4.433181","-75.211139","1,191","Microgramos por metro cúbico","ug/m3","1,440","73","Tolima","73001","Ibagué","Fija"
"8258","CORTOLIMA","CORTOLIMA","PM10","28.04","2024 Jun 13 12:00:00 AM","2024 Jun 14 12:00:00 AM","4.433181","-75.211139","1,191","Microgramos por metro cúbico","ug/m3","1,440","73","Tolima","73001","Ibagué","Fija"
"8258","CORTOLIMA","CORTOLIMA","PM10","38.63","2024 Sep 26 12:00:00 AM","2024 Sep 27 12:00:00 AM","4.433181","-75.211139","1,191","Microgramos por metro cúbico","ug/m3","1,440","73","Tolima","73001","Ibagué","Fija"
"8258","CORTOLIMA","CORTOLIMA","PM10","36","2024 Sep 20 12:00:00 AM","2024 Sep 21 12:00:00 AM","4.433181","-75.211139","1,191","Microgramos por metro cúbico","ug/m3","1,440","73","Tolima","73001","Ibagué","Fija"
"31477","CORTOLIMA","POLICÍA DE CARRETERAS","PM10","36.82","2024 Aug 25 12:00:00 AM","2024 Aug 26 12:00:00 AM","4.435278","-75.202222","1,126","Microgramos por metro cúbico","ug/m3","1,440","73","Tolima","73001","Ibagué","Fija"
"31477","CORTOLIMA","POLICÍA DE CARRETERAS","PM10","23.49","2024 May 23 12:00:00 AM","2024 May 24 12:00:00 AM","4.435278","-75.202222","1,126","Microgramos por metro cúbico","ug/m3","1,440","73","Tolima","73001","Ibagué","Fija"
"8258","CORTOLIMA","CORTOLIMA","PM10","31.92","2024 Feb 18 12:00:00 AM","2024 Feb 19 12:00:00 AM","4.433181","-75.211139","1,191","Microgramos por metro cúbico","ug/m3","1,440","73","Tolima","73001","Ibagué","Fija"
"8258","CORTOLIMA","CORTOLIMA","PM10","27.45","2024 Jan 20 12:00:00 AM","2024 Jan 21 12:00:00 AM","4.433181","-75.211139","1,191","Microgramos por metro cúbico","ug/m3","1,440","73","Tolima","73001","Ibagué","Fija"
"8258","CORTOLIMA","CORTOLIMA","PM10","30.79","2024 Jun 03 12:00:00 AM","2024 Jun 04 12:00:00 AM","4.433181","-75.211139","1,191","Microgramos por metro cúbico","ug/m3","1,440","73","Tolima","73001","Ibagué","Fija"
"8258","CORTOLIMA","CORTOLIMA","PM10","37.67","2024 Mar 07 12:00:00 AM","2024 Mar 08 12:00:00 AM","4.433181","-75.211139","1,191","Microgramos por metro cúbico","ug/m3","1,440","73","Tolima","73001","Ibagué","Fija"
"31477","CORTOLIMA","POLICÍA DE CARRETERAS","PM10","27.95","2024 Jan 21 12:00:00 AM","2024 Jan 22 12:00:00 AM","4.435278","-75.202222","1,126","Microgramos por metro cúbico","ug/m3","1,440","73","Tolima","73001","Ibagué","Fija"
"31477","CORTOLIMA","POLICÍA DE CARRETERAS","PM10","22.51","2024 Dec 02 12:00:00 AM","2024 Dec 03 12:00:00 AM","4.435278","-75.202222","1,126","Microgramos por metro cúbico","ug/m3","1,440","73","Tolima","73001","Ibagué","Fija"
"8258","CORTOLIMA","CORTOLIMA","PM10","26.09","2024 Jan 07 12:00:00 AM","2024 Jan 08 12:00:00 AM","4.433181","-75.211139","1,191","Microgramos por metro cúbico","ug/m3","1,440","73","Tolima","73001","Ibagué","Fija"
"31477","CORTOLIMA","POLICÍA DE CARRETERAS","PM10","38.37","2024 May 14 12:00:00 AM","2024 May 15 12:00:00 AM","4.435278","-75.202222","1,126","Microgramos por metro cúbico","ug/m3","1,440","73","Tolima","73001","Ibagué","Fija"
"8258","CORTOLIMA","CORTOLIMA","PM10","26.91","2024 Apr 28 12:00:00 AM","2024 Apr 29 12:00:00 AM","4.433181","-75.211139","1,191","Microgramos por metro cúbico","ug/m3","1,440","73","Tolima","73001","Ibagué","Fija"
"8258","CORTOLIMA","CORTOLIMA","PM10","36.71","2024 Feb 07 12:00:00 AM","2024 Feb 08 12:00:00 AM","4.433181","-75.211139","1,191","Microgramos por metro cúbico","ug/m3","1,440","73","Tolima","73001","Ibagué","Fija"
"8258","CORTOLIMA","CORTOLIMA","PM10","27.95","2024 Jan 15 12:00:00 AM","2024 Jan 16 12:00:00 AM","4.433181","-75.211139","1,191","Microgramos por metro cúbico","ug/m3","1,440","73","Tolima","73001","Ibagué","Fija"
"31477","CORTOLIMA","POLICÍA DE CARRETERAS","PM10","31.39","2024 Jul 18 12:00:00 AM","2024 Jul 19 12:00:00 AM","4.435278","-75.202222","1,126","Microgramos por metro cúbico","ug/m3","1,440","73","Tolima","73001","Ibagué","Fija"
"31477","CORTOLIMA","POLICÍA DE CARRETERAS","PM10","42.18","2024 Mar 21 12:00:00 AM","2024 Mar 22 12:00:00 AM","4.435278","-75.202222","1,126","Microgramos por metro cúbico","ug/m3","1,440","73","Tolima","73001","Ibagué","Fija"
"8258","CORTOLIMA","CORTOLIMA","PM10","28.7","2024 May 04 12:00:00 AM","2024 May 05 12:00:00 AM","4.433181","-75.211139","1,191","Microgramos por metro cúbico","ug/m3","1,440","73","Tolima","73001","Ibagué","Fija"
"8258","CORTOLIMA","CORTOLIMA","PM10","25.52","2024 Jun 21 12:00:00 AM","2024 Jun 22 12:00:00 AM","4.433181","-75.211139","1,191","Microgramos por metro cúbico","ug/m3","1,440","73","Tolima","73001","Ibagué","Fija"
"8258","CORTOLIMA","CORTOLIMA","PM10","30.92","2024 Oct 21 12:00:00 AM","2024 Oct 22 12:00:00 AM","4.433181","-75.211139","1,191","Microgramos por metro cúbico","ug/m3","1,440","73","Tolima","73001","Ibagué","Fija"
"8258","CORTOLIMA","CORTOLIMA","PM10","35.11","2024 Aug 19 12:00:00 AM","2024 Aug 20 12:00:00 AM","4.433181","-75.211139","1,191","Microgramos por metro cúbico","ug/m3","1,440","73","Tolima","73001","Ibagué","Fija"
"8258","CORTOLIMA","CORTOLIMA","PM10","34.34","2024 Mar 16 12:00:00 AM","2024 Mar 17 12:00:00 AM","4.433181","-75.211139","1,191","Microgramos por metro cúbico","ug/m3","1,440","73","Tolima","73001","Ibagué","Fija"
"8258","CORTOLIMA","CORTOLIMA","PM10","21.75","2024 Jul 07 12:00:00 AM","2024 Jul 08 12:00:00 AM","4.433181","-75.211139","1,191","Microgramos por metro cúbico","ug/m3","1,440","73","Tolima","73001","Ibagué","Fija"
"8258","CORTOLIMA","CORTOLIMA","PM10","33.47","2024 Jul 29 12:00:00 AM","2024 Jul 30 12:00:00 AM","4.433181","-75.211139","1,191","Microgramos por metro cúbico","ug/m3","1,440","73","Tolima","73001","Ibagué","Fija"
"8258","CORTOLIMA","CORTOLIMA","PM10","34.14","2024 May 14 12:00:00 AM","2024 May 15 12:00:00 AM","4.433181","-75.211139","1,191","Microgramos por metro cúbico","ug/m3","1,440","73","Tolima","73001","Ibagué","Fija"
"8258","CORTOLIMA","CORTOLIMA","PM10","37.68","2024 Mar 04 12:00:00 AM","2024 Mar 05 12:00:00 AM","4.433181","-75.211139","1,191","Microgramos por metro cúbico","ug/m3","1,440","73","Tolima","73001","Ibagué","Fija"
"31477","CORTOLIMA","POLICÍA DE CARRETERAS","PM10","42.63","2024 Oct 15 12:00:00 AM","2024 Oct 16 12:00:00 AM","4.435278","-75.202222","1,126","Microgramos por metro cúbico","ug/m3","1,440","73","Tolima","73001","Ibagué","Fija"
"8258","CORTOLIMA","CORTOLIMA","PM10","29.41","2024 Jun 11 12:00:00 AM","2024 Jun 12 12:00:00 AM","4.433181","-75.211139","1,191","Microgramos por metro cúbico","ug/m3","1,440","73","Tolima","73001","Ibagué","Fija"
"8258","CORTOLIMA","CORTOLIMA","PM10","37.41","2024 Apr 02 12:00:00 AM","2024 Apr 03 12:00:00 AM","4.433181","-75.211139","1,191","Microgramos por metro cúbico","ug/m3","1,440","73","Tolima","73001","Ibagué","Fija"
"8258","CORTOLIMA","CORTOLIMA","PM10","33.71","2024 Sep 18 12:00:00 AM","2024 Sep 19 12:00:00 AM","4.433181","-75.211139","1,191","Microgramos por metro cúbico","ug/m3","1,440","73","Tolima","73001","Ibagué","Fija"
"8258","CORTOLIMA","CORTOLIMA","PM10","32.24","2024 Feb 22 12:00:00 AM","2024 Feb 23 12:00:00 AM","4.433181","-75.211139","1,191","Microgramos por metro cúbico","ug/m3","1,440","73","Tolima","73001","Ibagué","Fija"
"8258","CORTOLIMA","CORTOLIMA","PM10","30.67","2024 Nov 05 12:00:00 AM","2024 Nov 06 12:00:00 AM","4.433181","-75.211139","1,191","Microgramos por metro cúbico","ug/m3","1,440","73","Tolima","73001","Ibagué","Fija"
"8258","CORTOLIMA","CORTOLIMA","PM10","32.54","2024 Jul 26 12:00:00 AM","2024 Jul 27 12:00:00 AM","4.433181","-75.211139","1,191","Microgramos por metro cúbico","ug/m3","1,440","73","Tolima","73001","Ibagué","Fija"
"8258","CORTOLIMA","CORTOLIMA","PM10","22.58","2024 Dec 25 12:00:00 AM","2024 Dec 26 12:00:00 AM","4.433181","-75.211139","1,191","Microgramos por metro cúbico","ug/m3","1,440","73","Tolima","73001","Ibagué","Fija"
"8258","CORTOLIMA","CORTOLIMA","PM10","24.47","2024 Jul 09 12:00:00 AM","2024 Jul 10 12:00:00 AM","4.433181","-75.211139","1,191","Microgramos por metro cúbico","ug/m3","1,440","73","Tolima","73001","Ibagué","Fija"
"8258","CORTOLIMA","CORTOLIMA","PM10","25.96","2024 Dec 02 12:00:00 AM","2024 Dec 03 12:00:00 AM","4.433181","-75.211139","1,191","Microgramos por metro cúbico","ug/m3","1,440","73","Tolima","73001","Ibagué","Fija"
"31477","CORTOLIMA","POLICÍA DE CARRETERAS","PM10","29.35","2024 Jan 18 12:00:00 AM","2024 Jan 19 12:00:00 AM","4.435278","-75.202222","1,126","Microgramos por metro cúbico","ug/m3","1,440","73","Tolima","73001","Ibagué","Fija"
"8258","CORTOLIMA","CORTOLIMA","PM10","36","2024 Sep 07 12:00:00 AM","2024 Sep 08 12:00:00 AM","4.433181","-75.211139","1,191","Microgramos por metro cúbico","ug/m3","1,440","73","Tolima","73001","Ibagué","Fija"
"8258","CORTOLIMA","CORTOLIMA","PM10","34.01","2024 Feb 06 12:00:00 AM","2024 Feb 07 12:00:00 AM","4.433181","-75.211139","1,191","Microgramos por metro cúbico","ug/m3","1,440","73","Tolima","73001","Ibagué","Fija"
"8258","CORTOLIMA","CORTOLIMA","PM10","32.59","2024 Jan 17 12:00:00 AM","2024 Jan 18 12:00:00 AM","4.433181","-75.211139","1,191","Microgramos por metro cúbico","ug/m3","1,440","73","Tolima","73001","Ibagué","Fija"
"8258","CORTOLIMA","CORTOLIMA","PM10","36.83","2024 Apr 11 12:00:00 AM","2024 Apr 12 12:00:00 AM","4.433181","-75.211139","1,191","Microgramos por metro cúbico","ug/m3","1,440","73","Tolima","73001","Ibagué","Fija"
"8258","CORTOLIMA","CORTOLIMA","PM10","25.71","2024 Dec 22 12:00:00 AM","2024 Dec 23 12:00:00 AM","4.433181","-75.211139","1,191","Microgramos por metro cúbico","ug/m3","1,440","73","Tolima","73001","Ibagué","Fija"
"8258","CORTOLIMA","CORTOLIMA","PM10","30.58","2024 May 03 12:00:00 AM","2024 May 04 12:00:00 AM","4.433181","-75.211139","1,191","Microgramos por metro cúbico","ug/m3","1,440","73","Tolima","73001","Ibagué","Fija"
"8258","CORTOLIMA","CORTOLIMA","PM10","32.66","2024 May 05 12:00:00 AM","2024 May 06 12:00:00 AM","4.433181","-75.211139","1,191","Microgramos por metro cúbico","ug/m3","1,440","73","Tolima","73001","Ibagué","Fija"
"8258","CORTOLIMA","CORTOLIMA","PM10","27.33","2024 Dec 03 12:00:00 AM","2024 Dec 04 12:00:00 AM","4.433181","-75.211139","1,191","Microgramos por metro cúbico","ug/m3","1,440","73","Tolima","73001","Ibagué","Fija"
"8258","CORTOLIMA","CORTOLIMA","PM10","28.67","2024 Jan 25 12:00:00 AM","2024 Jan 26 12:00:00 AM","4.433181","-75.211139","1,191","Microgramos por metro cúbico","ug/m3","1,440","73","Tolima","73001","Ibagué","Fija"
"8258","CORTOLIMA","CORTOLIMA","PM10","32.37","2024 Jul 27 12:00:00 AM","2024 Jul 28 12:00:00 AM","4.433181","-75.211139","1,191","Microgramos por metro cúbico","ug/m3","1,440","73","Tolima","73001","Ibagué","Fija"
"8258","CORTOLIMA","CORTOLIMA","PM10","26.88","2024 Jul 10 12:00:00 AM","2024 Jul 11 12:00:00 AM","4.433181","-75.211139","1,191","Microgramos por metro cúbico","ug/m3","1,440","73","Tolima","73001","Ibagué","Fija"
"8258","CORTOLIMA","CORTOLIMA","PM10","23.38","2024 Nov 08 12:00:00 AM","2024 Nov 09 12:00:00 AM","4.433181","-75.211139","1,191","Microgramos por metro cúbico","ug/m3","1,440","73","Tolima","73001","Ibagué","Fija"
"8258","CORTOLIMA","CORTOLIMA","PM10","20.38","2024 Nov 17 12:00:00 AM","2024 Nov 18 12:00:00 AM","4.433181","-75.211139","1,191","Microgramos por metro cúbico","ug/m3","1,440","73","Tolima","73001","Ibagué","Fija"
"8258","CORTOLIMA","CORTOLIMA","PM10","37.53","2024 Feb 27 12:00:00 AM","2024 Feb 28 12:00:00 AM","4.433181","-75.211139","1,191","Microgramos por metro cúbico","ug/m3","1,440","73","Tolima","73001","Ibagué","Fija"
"31477","CORTOLIMA","POLICÍA DE CARRETERAS","PM10","25.47","2024 Dec 20 12:00:00 AM","2024 Dec 21 12:00:00 AM","4.435278","-75.202222","1,126","Microgramos por metro cúbico","ug/m3","1,440","73","Tolima","73001","Ibagué","Fija"
"8258","CORTOLIMA","CORTOLIMA","PM10","25.13","2024 Jun 18 12:00:00 AM","2024 Jun 19 12:00:00 AM","4.433181","-75.211139","1,191","Microgramos por metro cúbico","ug/m3","1,440","73","Tolima","73001","Ibagué","Fija"
"8258","CORTOLIMA","CORTOLIMA","PM10","23.07","2024 Jun 28 12:00:00 AM","2024 Jun 29 12:00:00 AM","4.433181","-75.211139","1,191","Microgramos por metro cúbico","ug/m3","1,440","73","Tolima","73001","Ibagué","Fija"
"8258","CORTOLIMA","CORTOLIMA","PM10","28.96","2024 Oct 26 12:00:00 AM","2024 Oct 27 12:00:00 AM","4.433181","-75.211139","1,191","Microgramos por metro cúbico","ug/m3","1,440","73","Tolima","73001","Ibagué","Fija"
"31477","CORTOLIMA","POLICÍA DE CARRETERAS","PM10","35.09","2024 Feb 26 12:00:00 AM","2024 Feb 27 12:00:00 AM","4.435278","-75.202222","1,126","Microgramos por metro cúbico","ug/m3","1,440","73","Tolima","73001","Ibagué","Fija"
"8258","CORTOLIMA","CORTOLIMA","PM10","34.01","2024 Feb 01 12:00:00 AM","2024 Feb 02 12:00:00 AM","4.433181","-75.211139","1,191","Microgramos por metro cúbico","ug/m3","1,440","73","Tolima","73001","Ibagué","Fija"
"8258","CORTOLIMA","CORTOLIMA","PM10","32.07","2024 May 21 12:00:00 AM","2024 May 22 12:00:00 AM","4.433181","-75.211139","1,191","Microgramos por metro cúbico","ug/m3","1,440","73","Tolima","73001","Ibagué","Fija"
"31477","CORTOLIMA","POLICÍA DE CARRETERAS","PM10","33.92","2024 Oct 30 12:00:00 AM","2024 Oct 31 12:00:00 AM","4.435278","-75.202222","1,126","Microgramos por metro cúbico","ug/m3","1,440","73","Tolima","73001","Ibagué","Fija"
"8258","CORTOLIMA","CORTOLIMA","PM10","42.41","2024 Apr 10 12:00:00 AM","2024 Apr 11 12:00:00 AM","4.433181","-75.211139","1,191","Microgramos por metro cúbico","ug/m3","1,440","73","Tolima","73001","Ibagué","Fija"
"8258","CORTOLIMA","CORTOLIMA","PM10","33.79","2024 May 11 12:00:00 AM","2024 May 12 12:00:00 AM","4.433181","-75.211139","1,191","Microgramos por metro cúbico","ug/m3","1,440","73","Tolima","73001","Ibagué","Fija"
"8258","CORTOLIMA","CORTOLIMA","PM10","26.08","2024 Nov 21 12:00:00 AM","2024 Nov 22 12:00:00 AM","4.433181","-75.211139","1,191","Microgramos por metro cúbico","ug/m3","1,440","73","Tolima","73001","Ibagué","Fija"
"31477","CORTOLIMA","POLICÍA DE CARRETERAS","PM10","31.08","2024 Jul 30 12:00:00 AM","2024 Jul 31 12:00:00 AM","4.435278","-75.202222","1,126","Microgramos por metro cúbico","ug/m3","1,440","73","Tolima","73001","Ibagué","Fija"
"8258","CORTOLIMA","CORTOLIMA","PM10","28.09","2024 Apr 07 12:00:00 AM","2024 Apr 08 12:00:00 AM","4.433181","-75.211139","1,191","Microgramos por metro cúbico","ug/m3","1,440","73","Tolima","73001","Ibagué","Fija"
"8258","CORTOLIMA","CORTOLIMA","PM10","38.19","2024 Mar 12 12:00:00 AM","2024 Mar 13 12:00:00 AM","4.433181","-75.211139","1,191","Microgramos por metro cúbico","ug/m3","1,440","73","Tolima","73001","Ibagué","Fija"
"8258","CORTOLIMA","CORTOLIMA","PM10","35.23","2024 Mar 11 12:00:00 AM","2024 Mar 12 12:00:00 AM","4.433181","-75.211139","1,191","Microgramos por metro cúbico","ug/m3","1,440","73","Tolima","73001","Ibagué","Fija"
"31477","CORTOLIMA","POLICÍA DE CARRETERAS","PM10","28.41","2024 Jul 06 12:00:00 AM","2024 Jul 07 12:00:00 AM","4.435278","-75.202222","1,126","Microgramos por metro cúbico","ug/m3","1,440","73","Tolima","73001","Ibagué","Fija"
"8258","CORTOLIMA","CORTOLIMA","PM10","33.09","2024 Mar 24 12:00:00 AM","2024 Mar 25 12:00:00 AM","4.433181","-75.211139","1,191","Microgramos por metro cúbico","ug/m3","1,440","73","Tolima","73001","Ibagué","Fija"
"8258","CORTOLIMA","CORTOLIMA","PM10","39.5","2024 Sep 15 12:00:00 AM","2024 Sep 16 12:00:00 AM","4.433181","-75.211139","1,191","Microgramos por metro cúbico","ug/m3","1,440","73","Tolima","73001","Ibagué","Fija"
"8258","CORTOLIMA","CORTOLIMA","PM10","28.96","2024 Jun 04 12:00:00 AM","2024 Jun 05 12:00:00 AM","4.433181","-75.211139","1,191","Microgramos por metro cúbico","ug/m3","1,440","73","Tolima","73001","Ibagué","Fija"
"8258","CORTOLIMA","CORTOLIMA","PM10","29.57","2024 Jul 19 12:00:00 AM","2024 Jul 20 12:00:00 AM","4.433181","-75.211139","1,191","Microgramos por metro cúbico","ug/m3","1,440","73","Tolima","73001","Ibagué","Fija"
"8258","CORTOLIMA","CORTOLIMA","PM10","33.6","2024 May 12 12:00:00 AM","2024 May 13 12:00:00 AM","4.433181","-75.211139","1,191","Microgramos por metro cúbico","ug/m3","1,440","73","Tolima","73001","Ibagué","Fija"
"8258","CORTOLIMA","CORTOLIMA","PM10","0","2024 May 19 12:00:00 AM","2024 May 20 12:00:00 AM","4.433181","-75.211139","1,191","Microgramos por metro cúbico","ug/m3","1,440","73","Tolima","73001","Ibagué","Fija"
"8258","CORTOLIMA","CORTOLIMA","PM10","29.85","2024 Jul 28 12:00:00 AM","2024 Jul 29 12:00:00 AM","4.433181","-75.211139","1,191","Microgramos por metro cúbico","ug/m3","1,440","73","Tolima","73001","Ibagué","Fija"
"8258","CORTOLIMA","CORTOLIMA","PM10","32.06","2024 Jan 24 12:00:00 AM","2024 Jan 25 12:00:00 AM","4.433181","-75.211139","1,191","Microgramos por metro cúbico","ug/m3","1,440","73","Tolima","73001","Ibagué","Fija"
"8258","CORTOLIMA","CORTOLIMA","PM10","36.2","2024 Aug 03 12:00:00 AM","2024 Aug 04 12:00:00 AM","4.433181","-75.211139","1,191","Microgramos por metro cúbico","ug/m3","1,440","73","Tolima","73001","Ibagué","Fija"
"8258","CORTOLIMA","CORTOLIMA","PM10","35.41","2024 Aug 20 12:00:00 AM","2024 Aug 21 12:00:00 AM","4.433181","-75.211139","1,191","Microgramos por metro cúbico","ug/m3","1,440","73","Tolima","73001","Ibagué","Fija"
"8258","CORTOLIMA","CORTOLIMA","PM10","26.41","2024 Jan 05 12:00:00 AM","2024 Jan 06 12:00:00 AM","4.433181","-75.211139","1,191","Microgramos por metro cúbico","ug/m3","1,440","73","Tolima","73001","Ibagué","Fija"
"8258","CORTOLIMA","CORTOLIMA","PM10","28.86","2024 May 23 12:00:00 AM","2024 May 24 12:00:00 AM","4.433181","-75.211139","1,191","Microgramos por metro cúbico","ug/m3","1,440","73","Tolima","73001","Ibagué","Fija"
"31477","CORTOLIMA","POLICÍA DE CARRETERAS","PM10","30.21","2024 Jul 21 12:00:00 AM","2024 Jul 22 12:00:00 AM","4.435278","-75.202222","1,126","Microgramos por metro cúbico","ug/m3","1,440","73","Tolima","73001","Ibagué","Fija"
"8258","CORTOLIMA","CORTOLIMA","PM10","27.13","2024 Dec 04 12:00:00 AM","2024 Dec 05 12:00:00 AM","4.433181","-75.211139","1,191","Microgramos por metro cúbico","ug/m3","1,440","73","Tolima","73001","Ibagué","Fija"
"8258","CORTOLIMA","CORTOLIMA","PM10","24.21","2024 Jun 24 12:00:00 AM","2024 Jun 25 12:00:00 AM","4.433181","-75.211139","1,191","Microgramos por metro cúbico","ug/m3","1,440","73","Tolima","73001","Ibagué","Fija"
"8258","CORTOLIMA","CORTOLIMA","PM10","38.95","2024 Mar 21 12:00:00 AM","2024 Mar 22 12:00:00 AM","4.433181","-75.211139","1,191","Microgramos por metro cúbico","ug/m3","1,440","73","Tolima","73001","Ibagué","Fija"
"8258","CORTOLIMA","CORTOLIMA","PM10","30.04","2024 Oct 31 12:00:00 AM","2024 Nov 01 12:00:00 AM","4.433181","-75.211139","1,191","Microgramos por metro cúbico","ug/m3","1,440","73","Tolima","73001","Ibagué","Fija"
"8258","CORTOLIMA","CORTOLIMA","PM10","27.38","2024 Dec 11 12:00:00 AM","2024 Dec 12 12:00:00 AM","4.433181","-75.211139","1,191","Microgramos por metro cúbico","ug/m3","1,440","73","Tolima","73001","Ibagué","Fija"
"31477","CORTOLIMA","POLICÍA DE CARRETERAS","PM10","29.41","2024 Aug 31 12:00:00 AM","2024 Sep 01 12:00:00 AM","4.435278","-75.202222","1,126","Microgramos por metro cúbico","ug/m3","1,440","73","Tolima","73001","Ibagué","Fija"
"8258","CORTOLIMA","CORTOLIMA","PM10","41.92","2024 Sep 10 12:00:00 AM","2024 Sep 11 12:00:00 AM","4.433181","-75.211139","1,191","Microgramos por metro cúbico","ug/m3","1,440","73","Tolima","73001","Ibagué","Fija"
"31477","CORTOLIMA","POLICÍA DE CARRETERAS","PM10","18.86","2024 Nov 08 12:00:00 AM","2024 Nov 09 12:00:00 AM","4.435278","-75.202222","1,126","Microgramos por metro cúbico","ug/m3","1,440","73","Tolima","73001","Ibagué","Fija"
"31477","CORTOLIMA","POLICÍA DE CARRETERAS","PM10","24.08","2024 Nov 20 12:00:00 AM","2024 Nov 21 12:00:00 AM","4.435278","-75.202222","1,126","Microgramos por metro cúbico","ug/m3","1,440","73","Tolima","73001","Ibagué","Fija"
"8258","CORTOLIMA","CORTOLIMA","PM10","28.65","2024 May 16 12:00:00 AM","2024 May 17 12:00:00 AM","4.433181","-75.211139","1,191","Microgramos por metro cúbico","ug/m3","1,440","73","Tolima","73001","Ibagué","Fija"
"8258","CORTOLIMA","CORTOLIMA","PM10","30.38","2024 Oct 11 12:00:00 AM","2024 Oct 12 12:00:00 AM","4.433181","-75.211139","1,191","Microgramos por metro cúbico","ug/m3","1,440","73","Tolima","73001","Ibagué","Fija"
"31477","CORTOLIMA","POLICÍA DE CARRETERAS","PM10","34.77","2024 Aug 19 12:00:00 AM","2024 Aug 20 12:00:00 AM","4.435278","-75.202222","1,126","Microgramos por metro cúbico","ug/m3","1,440","73","Tolima","73001","Ibagué","Fija"
"8258","CORTOLIMA","CORTOLIMA","PM10","30.34","2024 Feb 04 12:00:00 AM","2024 Feb 05 12:00:00 AM","4.433181","-75.211139","1,191","Microgramos por metro cúbico","ug/m3","1,440","73","Tolima","73001","Ibagué","Fija"
"31477","CORTOLIMA","POLICÍA DE CARRETERAS","PM10","48.33","2024 Mar 27 12:00:00 AM","2024 Mar 28 12:00:00 AM","4.435278","-75.202222","1,126","Microgramos por metro cúbico","ug/m3","1,440","73","Tolima","73001","Ibagué","Fija"
"8258","CORTOLIMA","CORTOLIMA","PM10","44","2024 Sep 04 12:00:00 AM","2024 Sep 05 12:00:00 AM","4.433181","-75.211139","1,191","Microgramos por metro cúbico","ug/m3","1,440","73","Tolima","73001","Ibagué","Fija"
"8258","CORTOLIMA","CORTOLIMA","PM10","24.67","2024 Jun 08 12:00:00 AM","2024 Jun 09 12:00:00 AM","4.433181","-75.211139","1,191","Microgramos por metro cúbico","ug/m3","1,440","73","Tolima","73001","Ibagué","Fija"
"8258","CORTOLIMA","CORTOLIMA","PM10","39.5","2024 Sep 28 12:00:00 AM","2024 Sep 29 12:00:00 AM","4.433181","-75.211139","1,191","Microgramos por metro cúbico","ug/m3","1,440","73","Tolima","73001","Ibagué","Fija"
"31477","CORTOLIMA","POLICÍA DE CARRETERAS","PM10","29.02","2024 Jul 15 12:00:00 AM","2024 Jul 16 12:00:00 AM","4.435278","-75.202222","1,126","Microgramos por metro cúbico","ug/m3","1,440","73","Tolima","73001","Ibagué","Fija"
"8258","CORTOLIMA","CORTOLIMA","PM10","28.79","2024 Nov 01 12:00:00 AM","2024 Nov 02 12:00:00 AM","4.433181","-75.211139","1,191","Microgramos por metro cúbico","ug/m3","1,440","73","Tolima","73001","Ibagué","Fija"
"8258","CORTOLIMA","CORTOLIMA","PM10","29.69","2024 Jul 20 12:00:00 AM","2024 Jul 21 12:00:00 AM","4.433181","-75.211139","1,191","Microgramos por metro cúbico","ug/m3","1,440","73","Tolima","73001","Ibagué","Fija"
"8258","CORTOLIMA","CORTOLIMA","PM10","32.17","2024 Jul 23 12:00:00 AM","2024 Jul 24 12:00:00 AM","4.433181","-75.211139","1,191","Microgramos por metro cúbico","ug/m3","1,440","73","Tolima","73001","Ibagué","Fija"
"8258","CORTOLIMA","CORTOLIMA","PM10","26.63","2024 Nov 03 12:00:00 AM","2024 Nov 04 12:00:00 AM","4.433181","-75.211139","1,191","Microgramos por metro cúbico","ug/m3","1,440","73","Tolima","73001","Ibagué","Fija"
"31477","CORTOLIMA","POLICÍA DE CARRETERAS","PM10","30.53","2024 May 11 12:00:00 AM","2024 May 12 12:00:00 AM","4.435278","-75.202222","1,126","Microgramos por metro cúbico","ug/m3","1,440","73","Tolima","73001","Ibagué","Fija"
"8258","CORTOLIMA","CORTOLIMA","PM10","31.96","2024 Jun 12 12:00:00 AM","2024 Jun 13 12:00:00 AM","4.433181","-75.211139","1,191","Microgramos por metro cúbico","ug/m3","1,440","73","Tolima","73001","Ibagué","Fija"
"8258","CORTOLIMA","CORTOLIMA","PM10","31.04","2024 Oct 08 12:00:00 AM","2024 Oct 09 12:00:00 AM","4.433181","-75.211139","1,191","Microgramos por metro cúbico","ug/m3","1,440","73","Tolima","73001","Ibagué","Fija"
"8258","CORTOLIMA","CORTOLIMA","PM10","35.52","2024 Aug 25 12:00:00 AM","2024 Aug 26 12:00:00 AM","4.433181","-75.211139","1,191","Microgramos por metro cúbico","ug/m3","1,440","73","Tolima","73001","Ibagué","Fija"
"8258","CORTOLIMA","CORTOLIMA","PM10","43.08","2024 Apr 17 12:00:00 AM","2024 Apr 18 12:00:00 AM","4.433181","-75.211139","1,191","Microgramos por metro cúbico","ug/m3","1,440","73","Tolima","73001","Ibagué","Fija"
"8258","CORTOLIMA","CORTOLIMA","PM10","30.33","2024 Nov 04 12:00:00 AM","2024 Nov 05 12:00:00 AM","4.433181","-75.211139","1,191","Microgramos por metro cúbico","ug/m3","1,440","73","Tolima","73001","Ibagué","Fija"
"8258","CORTOLIMA","CORTOLIMA","PM10","37.86","2024 Aug 31 12:00:00 AM","2024 Sep 01 12:00:00 AM","4.433181","-75.211139","1,191","Microgramos por metro cúbico","ug/m3","1,440","73","Tolima","73001","Ibagué","Fija"
"8258","CORTOLIMA","CORTOLIMA","PM10","28.6","2024 Jan 19 12:00:00 AM","2024 Jan 20 12:00:00 AM","4.433181","-75.211139","1,191","Microgramos por metro cúbico","ug/m3","1,440","73","Tolima","73001","Ibagué","Fija"
"8258","CORTOLIMA","CORTOLIMA","PM10","25.82","2024 Jun 20 12:00:00 AM","2024 Jun 21 12:00:00 AM","4.433181","-75.211139","1,191","Microgramos por metro cúbico","ug/m3","1,440","73","Tolima","73001","Ibagué","Fija"
"8258","CORTOLIMA","CORTOLIMA","PM10","25.62","2024 Jan 13 12:00:00 AM","2024 Jan 14 12:00:00 AM","4.433181","-75.211139","1,191","Microgramos por metro cúbico","ug/m3","1,440","73","Tolima","73001","Ibagué","Fija"
"8258","CORTOLIMA","CORTOLIMA","PM10","24.44","2024 Jul 01 12:00:00 AM","2024 Jul 02 12:00:00 AM","4.433181","-75.211139","1,191","Microgramos por metro cúbico","ug/m3","1,440","73","Tolima","73001","Ibagué","Fija"
"8258","CORTOLIMA","CORTOLIMA","PM10","42.04","2024 Sep 24 12:00:00 AM","2024 Sep 25 12:00:00 AM","4.433181","-75.211139","1,191","Microgramos por metro cúbico","ug/m3","1,440","73","Tolima","73001","Ibagué","Fija"
"8258","CORTOLIMA","CORTOLIMA","PM10","0","2024 May 01 12:00:00 AM","2024 May 02 12:00:00 AM","4.433181","-75.211139","1,191","Microgramos por metro cúbico","ug/m3","1,440","73","Tolima","73001","Ibagué","Fija"
"8258","CORTOLIMA","CORTOLIMA","PM10","29.72","2024 Jun 06 12:00:00 AM","2024 Jun 07 12:00:00 AM","4.433181","-75.211139","1,191","Microgramos por metro cúbico","ug/m3","1,440","73","Tolima","73001","Ibagué","Fija"
"8258","CORTOLIMA","CORTOLIMA","PM10","36.79","2024 Jul 31 12:00:00 AM","2024 Aug 01 12:00:00 AM","4.433181","-75.211139","1,191","Microgramos por metro cúbico","ug/m3","1,440","73","Tolima","73001","Ibagué","Fija"
"8258","CORTOLIMA","CORTOLIMA","PM10","35.5","2024 Oct 07 12:00:00 AM","2024 Oct 08 12:00:00 AM","4.433181","-75.211139","1,191","Microgramos por metro cúbico","ug/m3","1,440","73","Tolima","73001","Ibagué","Fija"
"8258","CORTOLIMA","CORTOLIMA","PM10","40.29","2024 Feb 28 12:00:00 AM","2024 Feb 29 12:00:00 AM","4.433181","-75.211139","1,191","Microgramos por metro cúbico","ug/m3","1,440","73","Tolima","73001","Ibagué","Fija"
"31477","CORTOLIMA","POLICÍA DE CARRETERAS","PM10","24.61","2024 Oct 18 12:00:00 AM","2024 Oct 19 12:00:00 AM","4.435278","-75.202222","1,126","Microgramos por metro cúbico","ug/m3","1,440","73","Tolima","73001","Ibagué","Fija"
"8258","CORTOLIMA","CORTOLIMA","PM10","37.67","2024 Apr 15 12:00:00 AM","2024 Apr 16 12:00:00 AM","4.433181","-75.211139","1,191","Microgramos por metro cúbico","ug/m3","1,440","73","Tolima","73001","Ibagué","Fija"
"8258","CORTOLIMA","CORTOLIMA","PM10","26.35","2024 Jun 09 12:00:00 AM","2024 Jun 10 12:00:00 AM","4.433181","-75.211139","1,191","Microgramos por metro cúbico","ug/m3","1,440","73","Tolima","73001","Ibagué","Fija"
"31477","CORTOLIMA","POLICÍA DE CARRETERAS","PM10","32.55","2024 Mar 24 12:00:00 AM","2024 Mar 25 12:00:00 AM","4.435278","-75.202222","1,126","Microgramos por metro cúbico","ug/m3","1,440","73","Tolima","73001","Ibagué","Fija"
"31477","CORTOLIMA","POLICÍA DE CARRETERAS","PM10","30.99","2024 May 05 12:00:00 AM","2024 May 06 12:00:00 AM","4.435278","-75.202222","1,126","Microgramos por metro cúbico","ug/m3","1,440","73","Tolima","73001","Ibagué","Fija"
"8258","CORTOLIMA","CORTOLIMA","PM10","24.38","2024 Nov 09 12:00:00 AM","2024 Nov 10 12:00:00 AM","4.433181","-75.211139","1,191","Microgramos por metro cúbico","ug/m3","1,440","73","Tolima","73001","Ibagué","Fija"
"8258","CORTOLIMA","CORTOLIMA","PM10","38.31","2024 Mar 30 12:00:00 AM","2024 Mar 31 12:00:00 AM","4.433181","-75.211139","1,191","Microgramos por metro cúbico","ug/m3","1,440","73","Tolima","73001","Ibagué","Fija"
"8258","CORTOLIMA","CORTOLIMA","PM10","33.15","2024 Apr 24 12:00:00 AM","2024 Apr 25 12:00:00 AM","4.433181","-75.211139","1,191","Microgramos por metro cúbico","ug/m3","1,440","73","Tolima","73001","Ibagué","Fija"
"8258","CORTOLIMA","CORTOLIMA","PM10","28.43","2024 Apr 23 12:00:00 AM","2024 Apr 24 12:00:00 AM","4.433181","-75.211139","1,191","Microgramos por metro cúbico","ug/m3","1,440","73","Tolima","73001","Ibagué","Fija"
"31477","CORTOLIMA","POLICÍA DE CARRETERAS","PM10","35.22","2024 Oct 21 12:00:00 AM","2024 Oct 22 12:00:00 AM","4.435278","-75.202222","1,126","Microgramos por metro cúbico","ug/m3","1,440","73","Tolima","73001","Ibagué","Fija"
"8258","CORTOLIMA","CORTOLIMA","PM10","35.5","2024 Apr 01 12:00:00 AM","2024 Apr 02 12:00:00 AM","4.433181","-75.211139","1,191","Microgramos por metro cúbico","ug/m3","1,440","73","Tolima","73001","Ibagué","Fija"
"8258","CORTOLIMA","CORTOLIMA","PM10","38.58","2024 Sep 01 12:00:00 AM","2024 Sep 02 12:00:00 AM","4.433181","-75.211139","1,191","Microgramos por metro cúbico","ug/m3","1,440","73","Tolima","73001","Ibagué","Fija"
"8258","CORTOLIMA","CORTOLIMA","PM10","31.79","2024 Oct 30 12:00:00 AM","2024 Oct 31 12:00:00 AM","4.433181","-75.211139","1,191","Microgramos por metro cúbico","ug/m3","1,440","73","Tolima","73001","Ibagué","Fija"
"8258","CORTOLIMA","CORTOLIMA","PM10","38.57","2024 Aug 08 12:00:00 AM","2024 Aug 09 12:00:00 AM","4.433181","-75.211139","1,191","Microgramos por metro cúbico","ug/m3","1,440","73","Tolima","73001","Ibagué","Fija"
"31477","CORTOLIMA","POLICÍA DE CARRETERAS","PM10","43.76","2024 Sep 24 12:00:00 AM","2024 Sep 25 12:00:00 AM","4.435278","-75.202222","1,126","Microgramos por metro cúbico","ug/m3","1,440","73","Tolima","73001","Ibagué","Fija"
"8258","CORTOLIMA","CORTOLIMA","PM10","22.65","2024 Jan 27 12:00:00 AM","2024 Jan 28 12:00:00 AM","4.433181","-75.211139","1,191","Microgramos por metro cúbico","ug/m3","1,440","73","Tolima","73001","Ibagué","Fija"
"8258","CORTOLIMA","CORTOLIMA","PM10","32.79","2024 Oct 09 12:00:00 AM","2024 Oct 10 12:00:00 AM","4.433181","-75.211139","1,191","Microgramos por metro cúbico","ug/m3","1,440","73","Tolima","73001","Ibagué","Fija"
"31477","CORTOLIMA","POLICÍA DE CARRETERAS","PM10","42.38","2024 Apr 11 12:00:00 AM","2024 Apr 12 12:00:00 AM","4.435278","-75.202222","1,126","Microgramos por metro cúbico","ug/m3","1,440","73","Tolima","73001","Ibagué","Fija"
"8258","CORTOLIMA","CORTOLIMA","PM10","32.94","2024 Mar 03 12:00:00 AM","2024 Mar 04 12:00:00 AM","4.433181","-75.211139","1,191","Microgramos por metro cúbico","ug/m3","1,440","73","Tolima","73001","Ibagué","Fija"
"8258","CORTOLIMA","CORTOLIMA","PM10","34.5","2024 Apr 14 12:00:00 AM","2024 Apr 15 12:00:00 AM","4.433181","-75.211139","1,191","Microgramos por metro cúbico","ug/m3","1,440","73","Tolima","73001","Ibagué","Fija"
"31477","CORTOLIMA","POLICÍA DE CARRETERAS","PM10","26.62","2024 Jan 30 12:00:00 AM","2024 Jan 31 12:00:00 AM","4.435278","-75.202222","1,126","Microgramos por metro cúbico","ug/m3","1,440","73","Tolima","73001","Ibagué","Fija"
"8258","CORTOLIMA","CORTOLIMA","PM10","28.38","2024 Oct 12 12:00:00 AM","2024 Oct 13 12:00:00 AM","4.433181","-75.211139","1,191","Microgramos por metro cúbico","ug/m3","1,440","73","Tolima","73001","Ibagué","Fija"
"8258","CORTOLIMA","CORTOLIMA","PM10","38.63","2024 Sep 13 12:00:00 AM","2024 Sep 14 12:00:00 AM","4.433181","-75.211139","1,191","Microgramos por metro cúbico","ug/m3","1,440","73","Tolima","73001","Ibagué","Fija"
"8258","CORTOLIMA","CORTOLIMA","PM10","28.38","2024 Jun 01 12:00:00 AM","2024 Jun 02 12:00:00 AM","4.433181","-75.211139","1,191","Microgramos por metro cúbico","ug/m3","1,440","73","Tolima","73001","Ibagué","Fija"
"8258","CORTOLIMA","CORTOLIMA","PM10","30.12","2024 Jul 22 12:00:00 AM","2024 Jul 23 12:00:00 AM","4.433181","-75.211139","1,191","Microgramos por metro cúbico","ug/m3","1,440","73","Tolima","73001","Ibagué","Fija"
"8258","CORTOLIMA","CORTOLIMA","PM10","34.69","2024 Apr 16 12:00:00 AM","2024 Apr 17 12:00:00 AM","4.433181","-75.211139","1,191","Microgramos por metro cúbico","ug/m3","1,440","73","Tolima","73001","Ibagué","Fija"
"31477","CORTOLIMA","POLICÍA DE CARRETERAS","PM10","28.14","2024 Jan 09 12:00:00 AM","2024 Jan 10 12:00:00 AM","4.435278","-75.202222","1,126","Microgramos por metro cúbico","ug/m3","1,440","73","Tolima","73001","Ibagué","Fija"
"31477","CORTOLIMA","POLICÍA DE CARRETERAS","PM10","27.7","2024 May 20 12:00:00 AM","2024 May 21 12:00:00 AM","4.435278","-75.202222","1,126","Microgramos por metro cúbico","ug/m3","1,440","73","Tolima","73001","Ibagué","Fija"
"31477","CORTOLIMA","POLICÍA DE CARRETERAS","PM10","32.71","2024 Sep 18 12:00:00 AM","2024 Sep 19 12:00:00 AM","4.435278","-75.202222","1,126","Microgramos por metro cúbico","ug/m3","1,440","73","Tolima","73001","Ibagué","Fija"
"8258","CORTOLIMA","CORTOLIMA","PM10","30.75","2024 Feb 02 12:00:00 AM","2024 Feb 03 12:00:00 AM","4.433181","-75.211139","1,191","Microgramos por metro cúbico","ug/m3","1,440","73","Tolima","73001","Ibagué","Fija"
"31477","CORTOLIMA","POLICÍA DE CARRETERAS","PM10","30.56","2024 Mar 03 12:00:00 AM","2024 Mar 04 12:00:00 AM","4.435278","-75.202222","1,126","Microgramos por metro cúbico","ug/m3","1,440","73","Tolima","73001","Ibagué","Fija"
"8258","CORTOLIMA","CORTOLIMA","PM10","32.95","2024 Feb 10 12:00:00 AM","2024 Feb 11 12:00:00 AM","4.433181","-75.211139","1,191","Microgramos por metro cúbico","ug/m3","1,440","73","Tolima","73001","Ibagué","Fija"
"31477","CORTOLIMA","POLICÍA DE CARRETERAS","PM10","36.92","2024 Feb 23 12:00:00 AM","2024 Feb 24 12:00:00 AM","4.435278","-75.202222","1,126","Microgramos por metro cúbico","ug/m3","1,440","73","Tolima","73001","Ibagué","Fija"
"8258","CORTOLIMA","CORTOLIMA","PM10","19.71","2024 Nov 10 12:00:00 AM","2024 Nov 11 12:00:00 AM","4.433181","-75.211139","1,191","Microgramos por metro cúbico","ug/m3","1,440","73","Tolima","73001","Ibagué","Fija"
"8258","CORTOLIMA","CORTOLIMA","PM10","29.33","2024 Dec 18 12:00:00 AM","2024 Dec 19 12:00:00 AM","4.433181","-75.211139","1,191","Microgramos por metro cúbico","ug/m3","1,440","73","Tolima","73001","Ibagué","Fija"
"8258","CORTOLIMA","CORTOLIMA","PM10","35.04","2024 Oct 05 12:00:00 AM","2024 Oct 06 12:00:00 AM","4.433181","-75.211139","1,191","Microgramos por metro cúbico","ug/m3","1,440","73","Tolima","73001","Ibagué","Fija"
"8258","CORTOLIMA","CORTOLIMA","PM10","27.51","2024 Apr 21 12:00:00 AM","2024 Apr 22 12:00:00 AM","4.433181","-75.211139","1,191","Microgramos por metro cúbico","ug/m3","1,440","73","Tolima","73001","Ibagué","Fija"
"8258","CORTOLIMA","CORTOLIMA","PM10","34.2","2024 Aug 21 12:00:00 AM","2024 Aug 22 12:00:00 AM","4.433181","-75.211139","1,191","Microgramos por metro cúbico","ug/m3","1,440","73","Tolima","73001","Ibagué","Fija"
"31477","CORTOLIMA","POLICÍA DE CARRETERAS","PM10","30.5","2024 Nov 05 12:00:00 AM","2024 Nov 06 12:00:00 AM","4.435278","-75.202222","1,126","Microgramos por metro cúbico","ug/m3","1,440","73","Tolima","73001","Ibagué","Fija"
"8258","CORTOLIMA","CORTOLIMA","PM10","24.54","2024 Jan 01 12:00:00 AM","2024 Jan 02 12:00:00 AM","4.433181","-75.211139","1,191","Microgramos por metro cúbico","ug/m3","1,440","73","Tolima","73001","Ibagué","Fija"
"8258","CORTOLIMA","CORTOLIMA","PM10","22.73","2024 Jun 29 12:00:00 AM","2024 Jun 30 12:00:00 AM","4.433181","-75.211139","1,191","Microgramos por metro cúbico","ug/m3","1,440","73","Tolima","73001","Ibagué","Fija"
"31477","CORTOLIMA","POLICÍA DE CARRETERAS","PM10","25.9","2024 Dec 11 12:00:00 AM","2024 Dec 12 12:00:00 AM","4.435278","-75.202222","1,126","Microgramos por metro cúbico","ug/m3","1,440","73","Tolima","73001","Ibagué","Fija"
"8258","CORTOLIMA","CORTOLIMA","PM10","38.91","2024 Aug 23 12:00:00 AM","2024 Aug 24 12:00:00 AM","4.433181","-75.211139","1,191","Microgramos por metro cúbico","ug/m3","1,440","73","Tolima","73001","Ibagué","Fija"
"8258","CORTOLIMA","CORTOLIMA","PM10","35.64","2024 Aug 22 12:00:00 AM","2024 Aug 23 12:00:00 AM","4.433181","-75.211139","1,191","Microgramos por metro cúbico","ug/m3","1,440","73","Tolima","73001","Ibagué","Fija"
"8258","CORTOLIMA","CORTOLIMA","PM10","24.42","2024 Nov 11 12:00:00 AM","2024 Nov 12 12:00:00 AM","4.433181","-75.211139","1,191","Microgramos por metro cúbico","ug/m3","1,440","73","Tolima","73001","Ibagué","Fija"
"31477","CORTOLIMA","POLICÍA DE CARRETERAS","PM10","35.47","2024 Mar 30 12:00:00 AM","2024 Mar 31 12:00:00 AM","4.435278","-75.202222","1,126","Microgramos por metro cúbico","ug/m3","1,440","73","Tolima","73001","Ibagué","Fija"
"8258","CORTOLIMA","CORTOLIMA","PM10","23.42","2024 Oct 18 12:00:00 AM","2024 Oct 19 12:00:00 AM","4.433181","-75.211139","1,191","Microgramos por metro cúbico","ug/m3","1,440","73","Tolima","73001","Ibagué","Fija"
"8258","CORTOLIMA","CORTOLIMA","PM10","0","2024 May 18 12:00:00 AM","2024 May 19 12:00:00 AM","4.433181","-75.211139","1,191","Microgramos por metro cúbico","ug/m3","1,440","73","Tolima","73001","Ibagué","Fija"
"8258","CORTOLIMA","CORTOLIMA","PM10","25.69","2024 Jul 14 12:00:00 AM","2024 Jul 15 12:00:00 AM","4.433181","-75.211139","1,191","Microgramos por metro cúbico","ug/m3","1,440","73","Tolima","73001","Ibagué","Fija"
"31477","CORTOLIMA","POLICÍA DE CARRETERAS","PM10","28.14","2024 Nov 23 12:00:00 AM","2024 Nov 24 12:00:00 AM","4.435278","-75.202222","1,126","Microgramos por metro cúbico","ug/m3","1,440","73","Tolima","73001","Ibagué","Fija"
"8258","CORTOLIMA","CORTOLIMA","PM10","22.28","2024 May 17 12:00:00 AM","2024 May 18 12:00:00 AM","4.433181","-75.211139","1,191","Microgramos por metro cúbico","ug/m3","1,440","73","Tolima","73001","Ibagué","Fija"
"8258","CORTOLIMA","CORTOLIMA","PM10","37.89","2024 Aug 16 12:00:00 AM","2024 Aug 17 12:00:00 AM","4.433181","-75.211139","1,191","Microgramos por metro cúbico","ug/m3","1,440","73","Tolima","73001","Ibagué","Fija"
"8258","CORTOLIMA","CORTOLIMA","PM10","25.53","2024 Jun 26 12:00:00 AM","2024 Jun 27 12:00:00 AM","4.433181","-75.211139","1,191","Microgramos por metro cúbico","ug/m3","1,440","73","Tolima","73001","Ibagué","Fija"
"8258","CORTOLIMA","CORTOLIMA","PM10","29.25","2024 Oct 06 12:00:00 AM","2024 Oct 07 12:00:00 AM","4.433181","-75.211139","1,191","Microgramos por metro cúbico","ug/m3","1,440","73","Tolima","73001","Ibagué","Fija"
"8258","CORTOLIMA","CORTOLIMA","PM10","23","2024 Nov 18 12:00:00 AM","2024 Nov 19 12:00:00 AM","4.433181","-75.211139","1,191","Microgramos por metro cúbico","ug/m3","1,440","73","Tolima","73001","Ibagué","Fija"
"31477","CORTOLIMA","POLICÍA DE CARRETERAS","PM10","26","2024 Jan 12 12:00:00 AM","2024 Jan 13 12:00:00 AM","4.435278","-75.202222","1,126","Microgramos por metro cúbico","ug/m3","1,440","73","Tolima","73001","Ibagué","Fija"
"8258","CORTOLIMA","CORTOLIMA","PM10","32.01","2024 Mar 10 12:00:00 AM","2024 Mar 11 12:00:00 AM","4.433181","-75.211139","1,191","Microgramos por metro cúbico","ug/m3","1,440","73","Tolima","73001","Ibagué","Fija"
"8258","CORTOLIMA","CORTOLIMA","PM10","36.73","2024 Feb 09 12:00:00 AM","2024 Feb 10 12:00:00 AM","4.433181","-75.211139","1,191","Microgramos por metro cúbico","ug/m3","1,440","73","Tolima","73001","Ibagué","Fija"
"8258","CORTOLIMA","CORTOLIMA","PM10","38.88","2024 Sep 19 12:00:00 AM","2024 Sep 20 12:00:00 AM","4.433181","-75.211139","1,191","Microgramos por metro cúbico","ug/m3","1,440","73","Tolima","73001","Ibagué","Fija"
"8258","CORTOLIMA","CORTOLIMA","PM10","30.4","2024 Jan 23 12:00:00 AM","2024 Jan 24 12:00:00 AM","4.433181","-75.211139","1,191","Microgramos por metro cúbico","ug/m3","1,440","73","Tolima","73001","Ibagué","Fija"
"31477","CORTOLIMA","POLICÍA DE CARRETERAS","PM10","18.2","2024 Dec 08 12:00:00 AM","2024 Dec 09 12:00:00 AM","4.435278","-75.202222","1,126","Microgramos por metro cúbico","ug/m3","1,440","73","Tolima","73001","Ibagué","Fija"
"8258","CORTOLIMA","CORTOLIMA","PM10","41.79","2024 Sep 17 12:00:00 AM","2024 Sep 18 12:00:00 AM","4.433181","-75.211139","1,191","Microgramos por metro cúbico","ug/m3","1,440","73","Tolima","73001","Ibagué","Fija"
"31477","CORTOLIMA","POLICÍA DE CARRETERAS","PM10","23.74","2024 Dec 14 12:00:00 AM","2024 Dec 15 12:00:00 AM","4.435278","-75.202222","1,126","Microgramos por metro cúbico","ug/m3","1,440","73","Tolima","73001","Ibagué","Fija"
"8258","CORTOLIMA","CORTOLIMA","PM10","42.99","2024 Aug 14 12:00:00 AM","2024 Aug 15 12:00:00 AM","4.433181","-75.211139","1,191","Microgramos por metro cúbico","ug/m3","1,440","73","Tolima","73001","Ibagué","Fija"
"31477","CORTOLIMA","POLICÍA DE CARRETERAS","PM10","28.15","2024 Dec 29 12:00:00 AM","2024 Dec 30 12:00:00 AM","4.435278","-75.202222","1,126","Microgramos por metro cúbico","ug/m3","1,440","73","Tolima","73001","Ibagué","Fija"
"8258","CORTOLIMA","CORTOLIMA","PM10","22.54","2024 Dec 07 12:00:00 AM","2024 Dec 08 12:00:00 AM","4.433181","-75.211139","1,191","Microgramos por metro cúbico","ug/m3","1,440","73","Tolima","73001","Ibagué","Fija"
"8258","CORTOLIMA","CORTOLIMA","PM10","24.57","2024 Jan 04 12:00:00 AM","2024 Jan 05 12:00:00 AM","4.433181","-75.211139","1,191","Microgramos por metro cúbico","ug/m3","1,440","73","Tolima","73001","Ibagué","Fija"
"8258","CORTOLIMA","CORTOLIMA","PM10","33.33","2024 Mar 02 12:00:00 AM","2024 Mar 03 12:00:00 AM","4.433181","-75.211139","1,191","Microgramos por metro cúbico","ug/m3","1,440","73","Tolima","73001","Ibagué","Fija"
"8258","CORTOLIMA","CORTOLIMA","PM10","30.89","2024 May 29 12:00:00 AM","2024 May 30 12:00:00 AM","4.433181","-75.211139","1,191","Microgramos por metro cúbico","ug/m3","1,440","73","Tolima","73001","Ibagué","Fija"
"8258","CORTOLIMA","CORTOLIMA","PM10","20.92","2024 Dec 15 12:00:00 AM","2024 Dec 16 12:00:00 AM","4.433181","-75.211139","1,191","Microgramos por metro cúbico","ug/m3","1,440","73","Tolima","73001","Ibagué","Fija"
"8258","CORTOLIMA","CORTOLIMA","PM10","31.79","2024 Nov 07 12:00:00 AM","2024 Nov 08 12:00:00 AM","4.433181","-75.211139","1,191","Microgramos por metro cúbico","ug/m3","1,440","73","Tolima","73001","Ibagué","Fija"
"8258","CORTOLIMA","CORTOLIMA","PM10","36.58","2024 Sep 14 12:00:00 AM","2024 Sep 15 12:00:00 AM","4.433181","-75.211139","1,191","Microgramos por metro cúbico","ug/m3","1,440","73","Tolima","73001","Ibagué","Fija"
"8258","CORTOLIMA","CORTOLIMA","PM10","33.28","2024 May 13 12:00:00 AM","2024 May 14 12:00:00 AM","4.433181","-75.211139","1,191","Microgramos por metro cúbico","ug/m3","1,440","73","Tolima","73001","Ibagué","Fija"
"8258","CORTOLIMA","CORTOLIMA","PM10","33.24","2024 May 09 12:00:00 AM","2024 May 10 12:00:00 AM","4.433181","-75.211139","1,191","Microgramos por metro cúbico","ug/m3","1,440","73","Tolima","73001","Ibagué","Fija"
"8258","CORTOLIMA","CORTOLIMA","PM10","25.07","2024 Jul 04 12:00:00 AM","2024 Jul 05 12:00:00 AM","4.433181","-75.211139","1,191","Microgramos por metro cúbico","ug/m3","1,440","73","Tolima","73001","Ibagué","Fija"
"8258","CORTOLIMA","CORTOLIMA","PM10","28.96","2024 Jun 14 12:00:00 AM","2024 Jun 15 12:00:00 AM","4.433181","-75.211139","1,191","Microgramos por metro cúbico","ug/m3","1,440","73","Tolima","73001","Ibagué","Fija"
"8258","CORTOLIMA","CORTOLIMA","PM10","38.88","2024 Sep 06 12:00:00 AM","2024 Sep 07 12:00:00 AM","4.433181","-75.211139","1,191","Microgramos por metro cúbico","ug/m3","1,440","73","Tolima","73001","Ibagué","Fija"
"8258","CORTOLIMA","CORTOLIMA","PM10","39.12","2024 Aug 06 12:00:00 AM","2024 Aug 07 12:00:00 AM","4.433181","-75.211139","1,191","Microgramos por metro cúbico","ug/m3","1,440","73","Tolima","73001","Ibagué","Fija"
"8258","CORTOLIMA","CORTOLIMA","PM10","32.23","2024 May 06 12:00:00 AM","2024 May 07 12:00:00 AM","4.433181","-75.211139","1,191","Microgramos por metro cúbico","ug/m3","1,440","73","Tolima","73001","Ibagué","Fija"
"8258","CORTOLIMA","CORTOLIMA","PM10","34.72","2024 Mar 09 12:00:00 AM","2024 Mar 10 12:00:00 AM","4.433181","-75.211139","1,191","Microgramos por metro cúbico","ug/m3","1,440","73","Tolima","73001","Ibagué","Fija"
"8258","CORTOLIMA","CORTOLIMA","PM10","32.71","2024 Nov 06 12:00:00 AM","2024 Nov 07 12:00:00 AM","4.433181","-75.211139","1,191","Microgramos por metro cúbico","ug/m3","1,440","73","Tolima","73001","Ibagué","Fija"
"8258","CORTOLIMA","CORTOLIMA","PM10","32.28","2024 May 02 12:00:00 AM","2024 May 03 12:00:00 AM","4.433181","-75.211139","1,191","Microgramos por metro cúbico","ug/m3","1,440","73","Tolima","73001","Ibagué","Fija"
"8258","CORTOLIMA","CORTOLIMA","PM10","36.21","2024 Apr 13 12:00:00 AM","2024 Apr 14 12:00:00 AM","4.433181","-75.211139","1,191","Microgramos por metro cúbico","ug/m3","1,440","73","Tolima","73001","Ibagué","Fija"
"31477","CORTOLIMA","POLICÍA DE CARRETERAS","PM10","41.42","2024 Aug 01 12:00:00 AM","2024 Aug 02 12:00:00 AM","4.435278","-75.202222","1,126","Microgramos por metro cúbico","ug/m3","1,440","73","Tolima","73001","Ibagué","Fija"
"8258","CORTOLIMA","CORTOLIMA","PM10","31.9","2024 Jul 25 12:00:00 AM","2024 Jul 26 12:00:00 AM","4.433181","-75.211139","1,191","Microgramos por metro cúbico","ug/m3","1,440","73","Tolima","73001","Ibagué","Fija"
"31477","CORTOLIMA","POLICÍA DE CARRETERAS","PM10","45.27","2024 Sep 30 12:00:00 AM","2024 Oct 01 12:00:00 AM","4.435278","-75.202222","1,126","Microgramos por metro cúbico","ug/m3","1,440","73","Tolima","73001","Ibagué","Fija"
"8258","CORTOLIMA","CORTOLIMA","PM10","38.62","2024 Aug 27 12:00:00 AM","2024 Aug 28 12:00:00 AM","4.433181","-75.211139","1,191","Microgramos por metro cúbico","ug/m3","1,440","73","Tolima","73001","Ibagué","Fija"
"8258","CORTOLIMA","CORTOLIMA","PM10","26.92","2024 Dec 29 12:00:00 AM","2024 Dec 30 12:00:00 AM","4.433181","-75.211139","1,191","Microgramos por metro cúbico","ug/m3","1,440","73","Tolima","73001","Ibagué","Fija"
"8258","CORTOLIMA","CORTOLIMA","PM10","30.08","2024 Dec 23 12:00:00 AM","2024 Dec 24 12:00:00 AM","4.433181","-75.211139","1,191","Microgramos por metro cúbico","ug/m3","1,440","73","Tolima","73001","Ibagué","Fija"
"8258","CORTOLIMA","CORTOLIMA","PM10","39.27","2024 Mar 25 12:00:00 AM","2024 Mar 26 12:00:00 AM","4.433181","-75.211139","1,191","Microgramos por metro cúbico","ug/m3","1,440","73","Tolima","73001","Ibagué","Fija"
"8258","CORTOLIMA","CORTOLIMA","PM10","30.25","2024 Apr 25 12:00:00 AM","2024 Apr 26 12:00:00 AM","4.433181","-75.211139","1,191","Microgramos por metro cúbico","ug/m3","1,440","73","Tolima","73001","Ibagué","Fija"
"31477","CORTOLIMA","POLICÍA DE CARRETERAS","PM10","34.03","2024 Jul 24 12:00:00 AM","2024 Jul 25 12:00:00 AM","4.435278","-75.202222","1,126","Microgramos por metro cúbico","ug/m3","1,440","73","Tolima","73001","Ibagué","Fija"
"8258","CORTOLIMA","CORTOLIMA","PM10","31.57","2024 Feb 11 12:00:00 AM","2024 Feb 12 12:00:00 AM","4.433181","-75.211139","1,191","Microgramos por metro cúbico","ug/m3","1,440","73","Tolima","73001","Ibagué","Fija"
"8258","CORTOLIMA","CORTOLIMA","PM10","36.47","2024 Aug 18 12:00:00 AM","2024 Aug 19 12:00:00 AM","4.433181","-75.211139","1,191","Microgramos por metro cúbico","ug/m3","1,440","73","Tolima","73001","Ibagué","Fija"
"8258","CORTOLIMA","CORTOLIMA","PM10","29.82","2024 May 20 12:00:00 AM","2024 May 21 12:00:00 AM","4.433181","-75.211139","1,191","Microgramos por metro cúbico","ug/m3","1,440","73","Tolima","73001","Ibagué","Fija"
"8258","CORTOLIMA","CORTOLIMA","PM10","34.27","2024 Feb 08 12:00:00 AM","2024 Feb 09 12:00:00 AM","4.433181","-75.211139","1,191","Microgramos por metro cúbico","ug/m3","1,440","73","Tolima","73001","Ibagué","Fija"
"8258","CORTOLIMA","CORTOLIMA","PM10","23.74","2024 Jul 11 12:00:00 AM","2024 Jul 12 12:00:00 AM","4.433181","-75.211139","1,191","Microgramos por metro cúbico","ug/m3","1,440","73","Tolima","73001","Ibagué","Fija"
"8258","CORTOLIMA","CORTOLIMA","PM10","32.54","2024 Mar 17 12:00:00 AM","2024 Mar 18 12:00:00 AM","4.433181","-75.211139","1,191","Microgramos por metro cúbico","ug/m3","1,440","73","Tolima","73001","Ibagué","Fija"
"31477","CORTOLIMA","POLICÍA DE CARRETERAS","PM10","25.15","2024 Nov 29 12:00:00 AM","2024 Nov 30 12:00:00 AM","4.435278","-75.202222","1,126","Microgramos por metro cúbico","ug/m3","1,440","73","Tolima","73001","Ibagué","Fija"
"8258","CORTOLIMA","CORTOLIMA","PM10","38.33","2024 Mar 29 12:00:00 AM","2024 Mar 30 12:00:00 AM","4.433181","-75.211139","1,191","Microgramos por metro cúbico","ug/m3","1,440","73","Tolima","73001","Ibagué","Fija"
"8258","CORTOLIMA","CORTOLIMA","PM10","30.58","2024 Oct 17 12:00:00 AM","2024 Oct 18 12:00:00 AM","4.433181","-75.211139","1,191","Microgramos por metro cúbico","ug/m3","1,440","73","Tolima","73001","Ibagué","Fija"
"8258","CORTOLIMA","CORTOLIMA","PM10","27.13","2024 Nov 15 12:00:00 AM","2024 Nov 16 12:00:00 AM","4.433181","-75.211139","1,191","Microgramos por metro cúbico","ug/m3","1,440","73","Tolima","73001","Ibagué","Fija"
"8258","CORTOLIMA","CORTOLIMA","PM10","25.46","2024 Dec 05 12:00:00 AM","2024 Dec 06 12:00:00 AM","4.433181","-75.211139","1,191","Microgramos por metro cúbico","ug/m3","1,440","73","Tolima","73001","Ibagué","Fija"
"8258","CORTOLIMA","CORTOLIMA","PM10","26.35","2024 Jan 02 12:00:00 AM","2024 Jan 03 12:00:00 AM","4.433181","-75.211139","1,191","Microgramos por metro cúbico","ug/m3","1,440","73","Tolima","73001","Ibagué","Fija"
"31477","CORTOLIMA","POLICÍA DE CARRETERAS","PM10","30.13","2024 Apr 29 12:00:00 AM","2024 Apr 30 12:00:00 AM","4.435278","-75.202222","1,126","Microgramos por metro cúbico","ug/m3","1,440","73","Tolima","73001","Ibagué","Fija"
"8258","CORTOLIMA","CORTOLIMA","PM10","25.8","2024 Jul 02 12:00:00 AM","2024 Jul 03 12:00:00 AM","4.433181","-75.211139","1,191","Microgramos por metro cúbico","ug/m3","1,440","73","Tolima","73001","Ibagué","Fija"
"31477","CORTOLIMA","POLICÍA DE CARRETERAS","PM10","37.58","2024 Aug 10 12:00:00 AM","2024 Aug 11 12:00:00 AM","4.435278","-75.202222","1,126","Microgramos por metro cúbico","ug/m3","1,440","73","Tolima","73001","Ibagué","Fija"
"31477","CORTOLIMA","POLICÍA DE CARRETERAS","PM10","25.69","2024 Jan 27 12:00:00 AM","2024 Jan 28 12:00:00 AM","4.435278","-75.202222","1,126","Microgramos por metro cúbico","ug/m3","1,440","73","Tolima","73001","Ibagué","Fija"
"8258","CORTOLIMA","CORTOLIMA","PM10","22.13","2024 Dec 08 12:00:00 AM","2024 Dec 09 12:00:00 AM","4.433181","-75.211139","1,191","Microgramos por metro cúbico","ug/m3","1,440","73","Tolima","73001","Ibagué","Fija"
"8258","CORTOLIMA","CORTOLIMA","PM10","25.44","2024 Jan 31 12:00:00 AM","2024 Feb 01 12:00:00 AM","4.433181","-75.211139","1,191","Microgramos por metro cúbico","ug/m3","1,440","73","Tolima","73001","Ibagué","Fija"
"8258","CORTOLIMA","CORTOLIMA","PM10","34.88","2024 Feb 25 12:00:00 AM","2024 Feb 26 12:00:00 AM","4.433181","-75.211139","1,191","Microgramos por metro cúbico","ug/m3","1,440","73","Tolima","73001","Ibagué","Fija"
"8258","CORTOLIMA","CORTOLIMA","PM10","31.42","2024 Dec 24 12:00:00 AM","2024 Dec 25 12:00:00 AM","4.433181","-75.211139","1,191","Microgramos por metro cúbico","ug/m3","1,440","73","Tolima","73001","Ibagué","Fija"
"8258","CORTOLIMA","CORTOLIMA","PM10","29.42","2024 Jan 10 12:00:00 AM","2024 Jan 11 12:00:00 AM","4.433181","-75.211139","1,191","Microgramos por metro cúbico","ug/m3","1,440","73","Tolima","73001","Ibagué","Fija"
"8258","CORTOLIMA","CORTOLIMA","PM10","29.99","2024 Apr 20 12:00:00 AM","2024 Apr 21 12:00:00 AM","4.433181","-75.211139","1,191","Microgramos por metro cúbico","ug/m3","1,440","73","Tolima","73001","Ibagué","Fija"
"8258","CORTOLIMA","CORTOLIMA","PM10","35.29","2024 Oct 01 12:00:00 AM","2024 Oct 02 12:00:00 AM","4.433181","-75.211139","1,191","Microgramos por metro cúbico","ug/m3","1,440","73","Tolima","73001","Ibagué","Fija"
"8258","CORTOLIMA","CORTOLIMA","PM10","37.72","2024 Feb 26 12:00:00 AM","2024 Feb 27 12:00:00 AM","4.433181","-75.211139","1,191","Microgramos por metro cúbico","ug/m3","1,440","73","Tolima","73001","Ibagué","Fija"
